timestamp,cue,priority,message,explanation,rule_name,rule_category,rule_version,rationale,raw_json
2026-05-22T09:39:30.666604+00:00,multi_cue,4,"Multiple issues detected:
- One voice may be dominating — rebalance the discussion.
- Daily is running long — consider parking discussions.","This intervention combines several high‑priority signals:
- [dominance_critical_threshold] Talk-time imbalance exceeded 75%, indicating dominance.
- [daily_overrun] Time remaining is under 2 minutes in a Daily Scrum.",multi_cue_composite,combined_signals,1.0,"When several high-priority cues fire together, SAAM surfaces a composite intervention.","{""rule_name"": ""multi_cue_composite"", ""rule_category"": ""combined_signals"", ""rule_version"": ""1.0"", ""rationale"": ""When several high-priority cues fire together, SAAM surfaces a composite intervention."", ""cue"": ""multi_cue"", ""message"": ""Multiple issues detected:\n- One voice may be dominating — rebalance the discussion.\n- Daily is running long — consider parking discussions."", ""explanation"": ""This intervention combines several high‑priority signals:\n- [dominance_critical_threshold] Talk-time imbalance exceeded 75%, indicating dominance.\n- [daily_overrun] Time remaining is under 2 minutes in a Daily Scrum."", ""priority"": 4, ""contributing_rules"": [""dominance_critical_threshold"", ""daily_overrun""], ""reasoning_trace"": [""Rules triggered:"", ""- [participation_low_threshold] Participation is below the healthy threshold of 45%. (priority 3)"", ""- [dominance_critical_threshold] Talk-time imbalance exceeded 75%, indicating dominance. (priority 4)"", ""- [blocker_stale_age] Blocker age is above 2 days, suggesting slow resolution. (priority 3)"", ""- [daily_overrun] Time remaining is under 2 minutes in a Daily Scrum. (priority 4)"", """", ""Multiple high-priority cues detected:"", ""- dominance_critical_threshold"", ""- daily_overrun"", """", ""Composite intervention created because multiple cues exceeded the severity threshold."", """", ""Final decision: [multi_cue_composite] with priority 4."", ""Rationale: When several high-priority cues fire together, SAAM surfaces a composite intervention.""], ""teams_message"": ""**SAAM Intervention**\nCue: multi_cue\n\nMultiple issues detected:\n- One voice may be dominating — rebalance the discussion.\n- Daily is running long — consider parking discussions.\n\n**Reasoning Summary**\nRules triggered:\n- [participation_low_threshold] Participation is below the healthy threshold of 45%. (priority 3)\n- [dominance_critical_threshold] Talk-time imbalance exceeded 75%, indicating dominance. (priority 4)\n- [blocker_stale_age] Blocker age is above 2 days, suggesting slow resolution. (priority 3)""}"
2026-05-22T10:07:03.945376+00:00,multi_cue,4,"Multiple issues detected:
- One voice may be dominating — rebalance the discussion.
- Daily is running long — consider parking discussions.","This intervention combines several high‑priority signals:
- [dominance_critical_threshold] Talk-time imbalance exceeded 75%, indicating dominance.
- [daily_overrun] Time remaining is under 2 minutes in a Daily Scrum.",multi_cue_composite,combined_signals,1.0,"When several high-priority cues fire together, SAAM surfaces a composite intervention.","{""rule_name"": ""multi_cue_composite"", ""rule_category"": ""combined_signals"", ""rule_version"": ""1.0"", ""rationale"": ""When several high-priority cues fire together, SAAM surfaces a composite intervention."", ""cue"": ""multi_cue"", ""message"": ""Multiple issues detected:\n- One voice may be dominating — rebalance the discussion.\n- Daily is running long — consider parking discussions."", ""explanation"": ""This intervention combines several high‑priority signals:\n- [dominance_critical_threshold] Talk-time imbalance exceeded 75%, indicating dominance.\n- [daily_overrun] Time remaining is under 2 minutes in a Daily Scrum."", ""priority"": 4, ""contributing_rules"": [""dominance_critical_threshold"", ""daily_overrun""], ""reasoning_trace"": [""Rules triggered:"", ""- [participation_low_threshold] Participation is below the healthy threshold of 45%. (priority 3)"", ""- [dominance_critical_threshold] Talk-time imbalance exceeded 75%, indicating dominance. (priority 4)"", ""- [blocker_stale_age] Blocker age is above 2 days, suggesting slow resolution. (priority 3)"", ""- [daily_overrun] Time remaining is under 2 minutes in a Daily Scrum. (priority 4)"", """", ""Multiple high-priority cues detected:"", ""- dominance_critical_threshold"", ""- daily_overrun"", """", ""Composite intervention created because multiple cues exceeded the severity threshold."", """", ""Final decision: [multi_cue_composite] with priority 4."", ""Rationale: When several high-priority cues fire together, SAAM surfaces a composite intervention.""], ""teams_message"": ""**SAAM Intervention**\nCue: multi_cue\n\nMultiple issues detected:\n- One voice may be dominating — rebalance the discussion.\n- Daily is running long — consider parking discussions.\n\n**Reasoning Summary**\nRules triggered:\n- [participation_low_threshold] Participation is below the healthy threshold of 45%. (priority 3)\n- [dominance_critical_threshold] Talk-time imbalance exceeded 75%, indicating dominance. (priority 4)\n- [blocker_stale_age] Blocker age is above 2 days, suggesting slow resolution. (priority 3)""}"
2026-05-22T10:41:05.486821+00:00,multi_cue,4,"Multiple issues detected:
- One voice may be dominating — rebalance the discussion.
- Daily is running long — consider parking discussions.","This intervention combines several high‑priority signals:
- [dominance_critical_threshold] Talk-time imbalance exceeded 75%, indicating dominance.
- [daily_overrun] Time remaining is under 2 minutes in a Daily Scrum.",multi_cue_composite,combined_signals,1.0,"When several high-priority cues fire together, SAAM surfaces a composite intervention.","{""rule_name"": ""multi_cue_composite"", ""rule_category"": ""combined_signals"", ""rule_version"": ""1.0"", ""rationale"": ""When several high-priority cues fire together, SAAM surfaces a composite intervention."", ""cue"": ""multi_cue"", ""message"": ""Multiple issues detected:\n- One voice may be dominating — rebalance the discussion.\n- Daily is running long — consider parking discussions."", ""explanation"": ""This intervention combines several high‑priority signals:\n- [dominance_critical_threshold] Talk-time imbalance exceeded 75%, indicating dominance.\n- [daily_overrun] Time remaining is under 2 minutes in a Daily Scrum."", ""priority"": 4, ""contributing_rules"": [""dominance_critical_threshold"", ""daily_overrun""], ""reasoning_trace"": [""Rules triggered:"", ""- [participation_low_threshold] Participation is below the healthy threshold of 45%. (priority 3)"", ""- [dominance_critical_threshold] Talk-time imbalance exceeded 75%, indicating dominance. (priority 4)"", ""- [blocker_stale_age] Blocker age is above 2 days, suggesting slow resolution. (priority 3)"", ""- [daily_overrun] Time remaining is under 2 minutes in a Daily Scrum. (priority 4)"", """", ""Multiple high-priority cues detected:"", ""- dominance_critical_threshold"", ""- daily_overrun"", """", ""Composite intervention created because multiple cues exceeded the severity threshold."", """", ""Final decision: [multi_cue_composite] with priority 4."", ""Rationale: When several high-priority cues fire together, SAAM surfaces a composite intervention.""], ""teams_message"": ""**SAAM Intervention**\nCue: multi_cue\n\nMultiple issues detected:\n- One voice may be dominating — rebalance the discussion.\n- Daily is running long — consider parking discussions.\n\n**Reasoning Summary**\nRules triggered:\n- [participation_low_threshold] Participation is below the healthy threshold of 45%. (priority 3)\n- [dominance_critical_threshold] Talk-time imbalance exceeded 75%, indicating dominance. (priority 4)\n- [blocker_stale_age] Blocker age is above 2 days, suggesting slow resolution. (priority 3)""}"
2026-05-22T11:35:06.005906+00:00,multi_cue,4,"Multiple issues detected:
- One voice may be dominating — rebalance the discussion.
- Daily is running long — consider parking discussions.","This intervention combines several high‑priority signals:
- [dominance_critical_threshold] Talk-time imbalance exceeded 75%, indicating dominance.
- [daily_overrun] Time remaining is under 2 minutes in a Daily Scrum.",multi_cue_composite,combined_signals,1.0,"When several high-priority cues fire together, SAAM surfaces a composite intervention.","{""rule_name"": ""multi_cue_composite"", ""rule_category"": ""combined_signals"", ""rule_version"": ""1.0"", ""rationale"": ""When several high-priority cues fire together, SAAM surfaces a composite intervention."", ""cue"": ""multi_cue"", ""message"": ""Multiple issues detected:\n- One voice may be dominating — rebalance the discussion.\n- Daily is running long — consider parking discussions."", ""explanation"": ""This intervention combines several high‑priority signals:\n- [dominance_critical_threshold] Talk-time imbalance exceeded 75%, indicating dominance.\n- [daily_overrun] Time remaining is under 2 minutes in a Daily Scrum."", ""priority"": 4, ""contributing_rules"": [""dominance_critical_threshold"", ""daily_overrun""], ""reasoning_trace"": [""Rules triggered:"", ""- [participation_low_threshold] Participation is below the healthy threshold of 45%. (priority 3)"", ""- [dominance_critical_threshold] Talk-time imbalance exceeded 75%, indicating dominance. (priority 4)"", ""- [blocker_stale_age] Blocker age is above 2 days, suggesting slow resolution. (priority 3)"", ""- [daily_overrun] Time remaining is under 2 minutes in a Daily Scrum. (priority 4)"", """", ""Multiple high-priority cues detected:"", ""- dominance_critical_threshold"", ""- daily_overrun"", """", ""Composite intervention created because multiple cues exceeded the severity threshold."", """", ""Final decision: [multi_cue_composite] with priority 4."", ""Rationale: When several high-priority cues fire together, SAAM surfaces a composite intervention.""], ""teams_message"": ""**SAAM Intervention**\nCue: multi_cue\n\nMultiple issues detected:\n- One voice may be dominating — rebalance the discussion.\n- Daily is running long — consider parking discussions.\n\n**Reasoning Summary**\nRules triggered:\n- [participation_low_threshold] Participation is below the healthy threshold of 45%. (priority 3)\n- [dominance_critical_threshold] Talk-time imbalance exceeded 75%, indicating dominance. (priority 4)\n- [blocker_stale_age] Blocker age is above 2 days, suggesting slow resolution. (priority 3)""}"
2026-05-22T13:28:43.714825+00:00,multi_cue,5,"Multiple issues detected:
- Participation is critically low — the team may be disengaged.
- A blocker has no owner — assign responsibility.","This intervention combines several high‑priority signals:
- [participation_critical_threshold] Participation dropped below 25%, indicating widespread disengagement.
- [blocker_missing_owner] Blocker owner is missing, preventing resolution.",multi_cue_composite,combined_signals,1.0,"When several high-priority cues fire together, SAAM surfaces a composite intervention.","{""rule_name"": ""multi_cue_composite"", ""rule_category"": ""combined_signals"", ""rule_version"": ""1.0"", ""rationale"": ""When several high-priority cues fire together, SAAM surfaces a composite intervention."", ""cue"": ""multi_cue"", ""message"": ""Multiple issues detected:\n- Participation is critically low — the team may be disengaged.\n- A blocker has no owner — assign responsibility."", ""explanation"": ""This intervention combines several high‑priority signals:\n- [participation_critical_threshold] Participation dropped below 25%, indicating widespread disengagement.\n- [blocker_missing_owner] Blocker owner is missing, preventing resolution."", ""priority"": 5, ""contributing_rules"": [""participation_critical_threshold"", ""blocker_missing_owner""], ""reasoning_trace"": [""Rules triggered:"", ""- [participation_critical_threshold] Participation dropped below 25%, indicating widespread disengagement. (priority 5)"", ""- [blocker_missing_owner] Blocker owner is missing, preventing resolution. (priority 5)"", """", ""Multiple high-priority cues detected:"", ""- participation_critical_threshold"", ""- blocker_missing_owner"", """", ""Composite intervention created because multiple cues exceeded the severity threshold."", """", ""Final decision: [multi_cue_composite] with priority 5."", ""Rationale: When several high-priority cues fire together, SAAM surfaces a composite intervention.""], ""teams_message"": ""**SAAM Intervention**\nCue: multi_cue\n\nMultiple issues detected:\n- Participation is critically low — the team may be disengaged.\n- A blocker has no owner — assign responsibility.\n\n**Reasoning Summary**\nRules triggered:\n- [participation_critical_threshold] Participation dropped below 25%, indicating widespread disengagement. (priority 5)\n- [blocker_missing_owner] Blocker owner is missing, preventing resolution. (priority 5)\n""}"
2026-05-22T13:42:29.933416+00:00,multi_cue,5,"Multiple issues detected:
- Participation is critically low — the team may be disengaged.
- A blocker has no owner — assign responsibility.","This intervention combines several high‑priority signals:
- [participation_critical_threshold] Participation dropped below 25%, indicating widespread disengagement.
- [blocker_missing_owner] Blocker owner is missing, preventing resolution.",multi_cue_composite,combined_signals,1.0,"When several high-priority cues fire together, SAAM surfaces a composite intervention.","{""rule_name"": ""multi_cue_composite"", ""rule_category"": ""combined_signals"", ""rule_version"": ""1.0"", ""rationale"": ""When several high-priority cues fire together, SAAM surfaces a composite intervention."", ""cue"": ""multi_cue"", ""message"": ""Multiple issues detected:\n- Participation is critically low — the team may be disengaged.\n- A blocker has no owner — assign responsibility."", ""explanation"": ""This intervention combines several high‑priority signals:\n- [participation_critical_threshold] Participation dropped below 25%, indicating widespread disengagement.\n- [blocker_missing_owner] Blocker owner is missing, preventing resolution."", ""priority"": 5, ""contributing_rules"": [""participation_critical_threshold"", ""blocker_missing_owner""], ""reasoning_trace"": [""Rules triggered:"", ""- [participation_critical_threshold] Participation dropped below 25%, indicating widespread disengagement. (priority 5)"", ""- [blocker_missing_owner] Blocker owner is missing, preventing resolution. (priority 5)"", """", ""Multiple high-priority cues detected:"", ""- participation_critical_threshold"", ""- blocker_missing_owner"", """", ""Composite intervention created because multiple cues exceeded the severity threshold."", """", ""Final decision: [multi_cue_composite] with priority 5."", ""Rationale: When several high-priority cues fire together, SAAM surfaces a composite intervention.""], ""teams_message"": ""**SAAM Intervention**\nCue: multi_cue\n\nMultiple issues detected:\n- Participation is critically low — the team may be disengaged.\n- A blocker has no owner — assign responsibility.\n\n**Reasoning Summary**\nRules triggered:\n- [participation_critical_threshold] Participation dropped below 25%, indicating widespread disengagement. (priority 5)\n- [blocker_missing_owner] Blocker owner is missing, preventing resolution. (priority 5)\n""}"
2026-05-22T13:42:36.887023+00:00,multi_cue,5,"Multiple issues detected:
- Participation is critically low — the team may be disengaged.
- A blocker has no owner — assign responsibility.","This intervention combines several high‑priority signals:
- [participation_critical_threshold] Participation dropped below 25%, indicating widespread disengagement.
- [blocker_missing_owner] Blocker owner is missing, preventing resolution.",multi_cue_composite,combined_signals,1.0,"When several high-priority cues fire together, SAAM surfaces a composite intervention.","{""rule_name"": ""multi_cue_composite"", ""rule_category"": ""combined_signals"", ""rule_version"": ""1.0"", ""rationale"": ""When several high-priority cues fire together, SAAM surfaces a composite intervention."", ""cue"": ""multi_cue"", ""message"": ""Multiple issues detected:\n- Participation is critically low — the team may be disengaged.\n- A blocker has no owner — assign responsibility."", ""explanation"": ""This intervention combines several high‑priority signals:\n- [participation_critical_threshold] Participation dropped below 25%, indicating widespread disengagement.\n- [blocker_missing_owner] Blocker owner is missing, preventing resolution."", ""priority"": 5, ""contributing_rules"": [""participation_critical_threshold"", ""blocker_missing_owner""], ""reasoning_trace"": [""Rules triggered:"", ""- [participation_critical_threshold] Participation dropped below 25%, indicating widespread disengagement. (priority 5)"", ""- [blocker_missing_owner] Blocker owner is missing, preventing resolution. (priority 5)"", """", ""Multiple high-priority cues detected:"", ""- participation_critical_threshold"", ""- blocker_missing_owner"", """", ""Composite intervention created because multiple cues exceeded the severity threshold."", """", ""Final decision: [multi_cue_composite] with priority 5."", ""Rationale: When several high-priority cues fire together, SAAM surfaces a composite intervention.""], ""teams_message"": ""**SAAM Intervention**\nCue: multi_cue\n\nMultiple issues detected:\n- Participation is critically low — the team may be disengaged.\n- A blocker has no owner — assign responsibility.\n\n**Reasoning Summary**\nRules triggered:\n- [participation_critical_threshold] Participation dropped below 25%, indicating widespread disengagement. (priority 5)\n- [blocker_missing_owner] Blocker owner is missing, preventing resolution. (priority 5)\n""}"
2026-05-22T13:42:37.145626+00:00,multi_cue,5,"Multiple issues detected:
- Participation is critically low — the team may be disengaged.
- A blocker has no owner — assign responsibility.","This intervention combines several high‑priority signals:
- [participation_critical_threshold] Participation dropped below 25%, indicating widespread disengagement.
- [blocker_missing_owner] Blocker owner is missing, preventing resolution.",multi_cue_composite,combined_signals,1.0,"When several high-priority cues fire together, SAAM surfaces a composite intervention.","{""rule_name"": ""multi_cue_composite"", ""rule_category"": ""combined_signals"", ""rule_version"": ""1.0"", ""rationale"": ""When several high-priority cues fire together, SAAM surfaces a composite intervention."", ""cue"": ""multi_cue"", ""message"": ""Multiple issues detected:\n- Participation is critically low — the team may be disengaged.\n- A blocker has no owner — assign responsibility."", ""explanation"": ""This intervention combines several high‑priority signals:\n- [participation_critical_threshold] Participation dropped below 25%, indicating widespread disengagement.\n- [blocker_missing_owner] Blocker owner is missing, preventing resolution."", ""priority"": 5, ""contributing_rules"": [""participation_critical_threshold"", ""blocker_missing_owner""], ""reasoning_trace"": [""Rules triggered:"", ""- [participation_critical_threshold] Participation dropped below 25%, indicating widespread disengagement. (priority 5)"", ""- [blocker_missing_owner] Blocker owner is missing, preventing resolution. (priority 5)"", """", ""Multiple high-priority cues detected:"", ""- participation_critical_threshold"", ""- blocker_missing_owner"", """", ""Composite intervention created because multiple cues exceeded the severity threshold."", """", ""Final decision: [multi_cue_composite] with priority 5."", ""Rationale: When several high-priority cues fire together, SAAM surfaces a composite intervention.""], ""teams_message"": ""**SAAM Intervention**\nCue: multi_cue\n\nMultiple issues detected:\n- Participation is critically low — the team may be disengaged.\n- A blocker has no owner — assign responsibility.\n\n**Reasoning Summary**\nRules triggered:\n- [participation_critical_threshold] Participation dropped below 25%, indicating widespread disengagement. (priority 5)\n- [blocker_missing_owner] Blocker owner is missing, preventing resolution. (priority 5)\n""}"
2026-05-22T16:10:12.864151+00:00,multi_cue,5,"Multiple issues detected:
- Participation is critically low — the team may be disengaged.
- A blocker has no owner — assign responsibility.","This intervention combines several high‑priority signals:
- [participation_critical_threshold] Participation dropped below 25%, indicating widespread disengagement.
- [blocker_missing_owner] Blocker owner is missing, preventing resolution.",multi_cue_composite,combined_signals,1.0,"When several high-priority cues fire together, SAAM surfaces a composite intervention.","{""rule_name"": ""multi_cue_composite"", ""rule_category"": ""combined_signals"", ""rule_version"": ""1.0"", ""rationale"": ""When several high-priority cues fire together, SAAM surfaces a composite intervention."", ""cue"": ""multi_cue"", ""message"": ""Multiple issues detected:\n- Participation is critically low — the team may be disengaged.\n- A blocker has no owner — assign responsibility."", ""explanation"": ""This intervention combines several high‑priority signals:\n- [participation_critical_threshold] Participation dropped below 25%, indicating widespread disengagement.\n- [blocker_missing_owner] Blocker owner is missing, preventing resolution."", ""priority"": 5, ""contributing_rules"": [""participation_critical_threshold"", ""blocker_missing_owner""], ""reasoning_trace"": [""Rules triggered:"", ""- [participation_critical_threshold] Participation dropped below 25%, indicating widespread disengagement. (priority 5)"", ""- [blocker_missing_owner] Blocker owner is missing, preventing resolution. (priority 5)"", """", ""Multiple high-priority cues detected:"", ""- participation_critical_threshold"", ""- blocker_missing_owner"", """", ""Composite intervention created because multiple cues exceeded the severity threshold."", """", ""Final decision: [multi_cue_composite] with priority 5."", ""Rationale: When several high-priority cues fire together, SAAM surfaces a composite intervention.""], ""teams_message"": ""**SAAM Intervention**\nCue: multi_cue\n\nMultiple issues detected:\n- Participation is critically low — the team may be disengaged.\n- A blocker has no owner — assign responsibility.\n\n**Reasoning Summary**\nRules triggered:\n- [participation_critical_threshold] Participation dropped below 25%, indicating widespread disengagement. (priority 5)\n- [blocker_missing_owner] Blocker owner is missing, preventing resolution. (priority 5)\n""}"
2026-05-22T16:10:14.828496+00:00,multi_cue,5,"Multiple issues detected:
- Participation is critically low — the team may be disengaged.
- A blocker has no owner — assign responsibility.","This intervention combines several high‑priority signals:
- [participation_critical_threshold] Participation dropped below 25%, indicating widespread disengagement.
- [blocker_missing_owner] Blocker owner is missing, preventing resolution.",multi_cue_composite,combined_signals,1.0,"When several high-priority cues fire together, SAAM surfaces a composite intervention.","{""rule_name"": ""multi_cue_composite"", ""rule_category"": ""combined_signals"", ""rule_version"": ""1.0"", ""rationale"": ""When several high-priority cues fire together, SAAM surfaces a composite intervention."", ""cue"": ""multi_cue"", ""message"": ""Multiple issues detected:\n- Participation is critically low — the team may be disengaged.\n- A blocker has no owner — assign responsibility."", ""explanation"": ""This intervention combines several high‑priority signals:\n- [participation_critical_threshold] Participation dropped below 25%, indicating widespread disengagement.\n- [blocker_missing_owner] Blocker owner is missing, preventing resolution."", ""priority"": 5, ""contributing_rules"": [""participation_critical_threshold"", ""blocker_missing_owner""], ""reasoning_trace"": [""Rules triggered:"", ""- [participation_critical_threshold] Participation dropped below 25%, indicating widespread disengagement. (priority 5)"", ""- [blocker_missing_owner] Blocker owner is missing, preventing resolution. (priority 5)"", """", ""Multiple high-priority cues detected:"", ""- participation_critical_threshold"", ""- blocker_missing_owner"", """", ""Composite intervention created because multiple cues exceeded the severity threshold."", """", ""Final decision: [multi_cue_composite] with priority 5."", ""Rationale: When several high-priority cues fire together, SAAM surfaces a composite intervention.""], ""teams_message"": ""**SAAM Intervention**\nCue: multi_cue\n\nMultiple issues detected:\n- Participation is critically low — the team may be disengaged.\n- A blocker has no owner — assign responsibility.\n\n**Reasoning Summary**\nRules triggered:\n- [participation_critical_threshold] Participation dropped below 25%, indicating widespread disengagement. (priority 5)\n- [blocker_missing_owner] Blocker owner is missing, preventing resolution. (priority 5)\n""}"
2026-05-22T16:23:18.409108+00:00,multi_cue,5,"Multiple issues detected:
- Participation is critically low — the team may be disengaged.
- A blocker has no owner — assign responsibility.","This intervention combines several high‑priority signals:
- [participation_critical_threshold] Participation dropped below 25%, indicating widespread disengagement.
- [blocker_missing_owner] Blocker owner is missing, preventing resolution.",multi_cue_composite,combined_signals,1.0,"When several high-priority cues fire together, SAAM surfaces a composite intervention.","{""rule_name"": ""multi_cue_composite"", ""rule_category"": ""combined_signals"", ""rule_version"": ""1.0"", ""rationale"": ""When several high-priority cues fire together, SAAM surfaces a composite intervention."", ""cue"": ""multi_cue"", ""message"": ""Multiple issues detected:\n- Participation is critically low — the team may be disengaged.\n- A blocker has no owner — assign responsibility."", ""explanation"": ""This intervention combines several high‑priority signals:\n- [participation_critical_threshold] Participation dropped below 25%, indicating widespread disengagement.\n- [blocker_missing_owner] Blocker owner is missing, preventing resolution."", ""priority"": 5, ""contributing_rules"": [""participation_critical_threshold"", ""blocker_missing_owner""], ""reasoning_trace"": [""Rules triggered:"", ""- [participation_critical_threshold] Participation dropped below 25%, indicating widespread disengagement. (priority 5)"", ""- [blocker_missing_owner] Blocker owner is missing, preventing resolution. (priority 5)"", """", ""Multiple high-priority cues detected:"", ""- participation_critical_threshold"", ""- blocker_missing_owner"", """", ""Composite intervention created because multiple cues exceeded the severity threshold."", """", ""Final decision: [multi_cue_composite] with priority 5."", ""Rationale: When several high-priority cues fire together, SAAM surfaces a composite intervention.""], ""teams_message"": ""**SAAM Intervention**\nCue: multi_cue\n\nMultiple issues detected:\n- Participation is critically low — the team may be disengaged.\n- A blocker has no owner — assign responsibility.\n\n**Reasoning Summary**\nRules triggered:\n- [participation_critical_threshold] Participation dropped below 25%, indicating widespread disengagement. (priority 5)\n- [blocker_missing_owner] Blocker owner is missing, preventing resolution. (priority 5)\n""}"
2026-05-22T16:23:22.206646+00:00,multi_cue,5,"Multiple issues detected:
- Participation is critically low — the team may be disengaged.
- A blocker has no owner — assign responsibility.","This intervention combines several high‑priority signals:
- [participation_critical_threshold] Participation dropped below 25%, indicating widespread disengagement.
- [blocker_missing_owner] Blocker owner is missing, preventing resolution.",multi_cue_composite,combined_signals,1.0,"When several high-priority cues fire together, SAAM surfaces a composite intervention.","{""rule_name"": ""multi_cue_composite"", ""rule_category"": ""combined_signals"", ""rule_version"": ""1.0"", ""rationale"": ""When several high-priority cues fire together, SAAM surfaces a composite intervention."", ""cue"": ""multi_cue"", ""message"": ""Multiple issues detected:\n- Participation is critically low — the team may be disengaged.\n- A blocker has no owner — assign responsibility."", ""explanation"": ""This intervention combines several high‑priority signals:\n- [participation_critical_threshold] Participation dropped below 25%, indicating widespread disengagement.\n- [blocker_missing_owner] Blocker owner is missing, preventing resolution."", ""priority"": 5, ""contributing_rules"": [""participation_critical_threshold"", ""blocker_missing_owner""], ""reasoning_trace"": [""Rules triggered:"", ""- [participation_critical_threshold] Participation dropped below 25%, indicating widespread disengagement. (priority 5)"", ""- [blocker_missing_owner] Blocker owner is missing, preventing resolution. (priority 5)"", """", ""Multiple high-priority cues detected:"", ""- participation_critical_threshold"", ""- blocker_missing_owner"", """", ""Composite intervention created because multiple cues exceeded the severity threshold."", """", ""Final decision: [multi_cue_composite] with priority 5."", ""Rationale: When several high-priority cues fire together, SAAM surfaces a composite intervention.""], ""teams_message"": ""**SAAM Intervention**\nCue: multi_cue\n\nMultiple issues detected:\n- Participation is critically low — the team may be disengaged.\n- A blocker has no owner — assign responsibility.\n\n**Reasoning Summary**\nRules triggered:\n- [participation_critical_threshold] Participation dropped below 25%, indicating widespread disengagement. (priority 5)\n- [blocker_missing_owner] Blocker owner is missing, preventing resolution. (priority 5)\n""}"
2026-05-22T16:23:22.491645+00:00,multi_cue,5,"Multiple issues detected:
- Participation is critically low — the team may be disengaged.
- A blocker has no owner — assign responsibility.","This intervention combines several high‑priority signals:
- [participation_critical_threshold] Participation dropped below 25%, indicating widespread disengagement.
- [blocker_missing_owner] Blocker owner is missing, preventing resolution.",multi_cue_composite,combined_signals,1.0,"When several high-priority cues fire together, SAAM surfaces a composite intervention.","{""rule_name"": ""multi_cue_composite"", ""rule_category"": ""combined_signals"", ""rule_version"": ""1.0"", ""rationale"": ""When several high-priority cues fire together, SAAM surfaces a composite intervention."", ""cue"": ""multi_cue"", ""message"": ""Multiple issues detected:\n- Participation is critically low — the team may be disengaged.\n- A blocker has no owner — assign responsibility."", ""explanation"": ""This intervention combines several high‑priority signals:\n- [participation_critical_threshold] Participation dropped below 25%, indicating widespread disengagement.\n- [blocker_missing_owner] Blocker owner is missing, preventing resolution."", ""priority"": 5, ""contributing_rules"": [""participation_critical_threshold"", ""blocker_missing_owner""], ""reasoning_trace"": [""Rules triggered:"", ""- [participation_critical_threshold] Participation dropped below 25%, indicating widespread disengagement. (priority 5)"", ""- [blocker_missing_owner] Blocker owner is missing, preventing resolution. (priority 5)"", """", ""Multiple high-priority cues detected:"", ""- participation_critical_threshold"", ""- blocker_missing_owner"", """", ""Composite intervention created because multiple cues exceeded the severity threshold."", """", ""Final decision: [multi_cue_composite] with priority 5."", ""Rationale: When several high-priority cues fire together, SAAM surfaces a composite intervention.""], ""teams_message"": ""**SAAM Intervention**\nCue: multi_cue\n\nMultiple issues detected:\n- Participation is critically low — the team may be disengaged.\n- A blocker has no owner — assign responsibility.\n\n**Reasoning Summary**\nRules triggered:\n- [participation_critical_threshold] Participation dropped below 25%, indicating widespread disengagement. (priority 5)\n- [blocker_missing_owner] Blocker owner is missing, preventing resolution. (priority 5)\n""}"
2026-05-22T21:41:30.426931+00:00,multi_cue,5,"Multiple issues detected:
- Participation is critically low — the team may be disengaged.
- A blocker has no owner — assign responsibility.","This intervention combines several high‑priority signals:
- [participation_critical_threshold] Participation dropped below 25%, indicating widespread disengagement.
- [blocker_missing_owner] Blocker owner is missing, preventing resolution.",multi_cue_composite,combined_signals,1.0,"When several high-priority cues fire together, SAAM surfaces a composite intervention.","{""rule_name"": ""multi_cue_composite"", ""rule_category"": ""combined_signals"", ""rule_version"": ""1.0"", ""rationale"": ""When several high-priority cues fire together, SAAM surfaces a composite intervention."", ""cue"": ""multi_cue"", ""message"": ""Multiple issues detected:\n- Participation is critically low — the team may be disengaged.\n- A blocker has no owner — assign responsibility."", ""explanation"": ""This intervention combines several high‑priority signals:\n- [participation_critical_threshold] Participation dropped below 25%, indicating widespread disengagement.\n- [blocker_missing_owner] Blocker owner is missing, preventing resolution."", ""priority"": 5, ""contributing_rules"": [""participation_critical_threshold"", ""blocker_missing_owner""], ""reasoning_trace"": [""Rules triggered:"", ""- [participation_critical_threshold] Participation dropped below 25%, indicating widespread disengagement. (priority 5)"", ""- [blocker_missing_owner] Blocker owner is missing, preventing resolution. (priority 5)"", """", ""Multiple high-priority cues detected:"", ""- participation_critical_threshold"", ""- blocker_missing_owner"", """", ""Composite intervention created because multiple cues exceeded the severity threshold."", """", ""Final decision: [multi_cue_composite] with priority 5."", ""Rationale: When several high-priority cues fire together, SAAM surfaces a composite intervention.""], ""teams_message"": ""**SAAM Intervention**\nCue: multi_cue\n\nMultiple issues detected:\n- Participation is critically low — the team may be disengaged.\n- A blocker has no owner — assign responsibility.\n\n**Reasoning Summary**\nRules triggered:\n- [participation_critical_threshold] Participation dropped below 25%, indicating widespread disengagement. (priority 5)\n- [blocker_missing_owner] Blocker owner is missing, preventing resolution. (priority 5)\n""}"
2026-05-22T21:41:37.275057+00:00,multi_cue,5,"Multiple issues detected:
- Participation is critically low — the team may be disengaged.
- A blocker has no owner — assign responsibility.","This intervention combines several high‑priority signals:
- [participation_critical_threshold] Participation dropped below 25%, indicating widespread disengagement.
- [blocker_missing_owner] Blocker owner is missing, preventing resolution.",multi_cue_composite,combined_signals,1.0,"When several high-priority cues fire together, SAAM surfaces a composite intervention.","{""rule_name"": ""multi_cue_composite"", ""rule_category"": ""combined_signals"", ""rule_version"": ""1.0"", ""rationale"": ""When several high-priority cues fire together, SAAM surfaces a composite intervention."", ""cue"": ""multi_cue"", ""message"": ""Multiple issues detected:\n- Participation is critically low — the team may be disengaged.\n- A blocker has no owner — assign responsibility."", ""explanation"": ""This intervention combines several high‑priority signals:\n- [participation_critical_threshold] Participation dropped below 25%, indicating widespread disengagement.\n- [blocker_missing_owner] Blocker owner is missing, preventing resolution."", ""priority"": 5, ""contributing_rules"": [""participation_critical_threshold"", ""blocker_missing_owner""], ""reasoning_trace"": [""Rules triggered:"", ""- [participation_critical_threshold] Participation dropped below 25%, indicating widespread disengagement. (priority 5)"", ""- [blocker_missing_owner] Blocker owner is missing, preventing resolution. (priority 5)"", """", ""Multiple high-priority cues detected:"", ""- participation_critical_threshold"", ""- blocker_missing_owner"", """", ""Composite intervention created because multiple cues exceeded the severity threshold."", """", ""Final decision: [multi_cue_composite] with priority 5."", ""Rationale: When several high-priority cues fire together, SAAM surfaces a composite intervention.""], ""teams_message"": ""**SAAM Intervention**\nCue: multi_cue\n\nMultiple issues detected:\n- Participation is critically low — the team may be disengaged.\n- A blocker has no owner — assign responsibility.\n\n**Reasoning Summary**\nRules triggered:\n- [participation_critical_threshold] Participation dropped below 25%, indicating widespread disengagement. (priority 5)\n- [blocker_missing_owner] Blocker owner is missing, preventing resolution. (priority 5)\n""}"
2026-05-22T21:42:41.074724+00:00,multi_cue,5,"Multiple issues detected:
- Participation is critically low — the team may be disengaged.
- A blocker has no owner — assign responsibility.","This intervention combines several high‑priority signals:
- [participation_critical_threshold] Participation dropped below 25%, indicating widespread disengagement.
- [blocker_missing_owner] Blocker owner is missing, preventing resolution.",multi_cue_composite,combined_signals,1.0,"When several high-priority cues fire together, SAAM surfaces a composite intervention.","{""rule_name"": ""multi_cue_composite"", ""rule_category"": ""combined_signals"", ""rule_version"": ""1.0"", ""rationale"": ""When several high-priority cues fire together, SAAM surfaces a composite intervention."", ""cue"": ""multi_cue"", ""message"": ""Multiple issues detected:\n- Participation is critically low — the team may be disengaged.\n- A blocker has no owner — assign responsibility."", ""explanation"": ""This intervention combines several high‑priority signals:\n- [participation_critical_threshold] Participation dropped below 25%, indicating widespread disengagement.\n- [blocker_missing_owner] Blocker owner is missing, preventing resolution."", ""priority"": 5, ""contributing_rules"": [""participation_critical_threshold"", ""blocker_missing_owner""], ""reasoning_trace"": [""Rules triggered:"", ""- [participation_critical_threshold] Participation dropped below 25%, indicating widespread disengagement. (priority 5)"", ""- [blocker_missing_owner] Blocker owner is missing, preventing resolution. (priority 5)"", """", ""Multiple high-priority cues detected:"", ""- participation_critical_threshold"", ""- blocker_missing_owner"", """", ""Composite intervention created because multiple cues exceeded the severity threshold."", """", ""Final decision: [multi_cue_composite] with priority 5."", ""Rationale: When several high-priority cues fire together, SAAM surfaces a composite intervention.""], ""teams_message"": ""**SAAM Intervention**\nCue: multi_cue\n\nMultiple issues detected:\n- Participation is critically low — the team may be disengaged.\n- A blocker has no owner — assign responsibility.\n\n**Reasoning Summary**\nRules triggered:\n- [participation_critical_threshold] Participation dropped below 25%, indicating widespread disengagement. (priority 5)\n- [blocker_missing_owner] Blocker owner is missing, preventing resolution. (priority 5)\n""}"
2026-05-22T21:46:30.471962+00:00,multi_cue,5,"Multiple issues detected:
- Participation is critically low — the team may be disengaged.
- A blocker has no owner — assign responsibility.","This intervention combines several high‑priority signals:
- [participation_critical_threshold] Participation dropped below 25%, indicating widespread disengagement.
- [blocker_missing_owner] Blocker owner is missing, preventing resolution.",multi_cue_composite,combined_signals,"When several high-priority cues fire together, SAAM surfaces a composite intervention.","{""rule_name"": ""multi_cue_composite"", ""rule_category"": ""combined_signals"", ""rationale"": ""When several high-priority cues fire together, SAAM surfaces a composite intervention."", ""cue"": ""multi_cue"", ""message"": ""Multiple issues detected:\n- Participation is critically low — the team may be disengaged.\n- A blocker has no owner — assign responsibility."", ""explanation"": ""This intervention combines several high‑priority signals:\n- [participation_critical_threshold] Participation dropped below 25%, indicating widespread disengagement.\n- [blocker_missing_owner] Blocker owner is missing, preventing resolution."", ""priority"": 5, ""contributing_rules"": [""participation_critical_threshold"", ""blocker_missing_owner""], ""reasoning_trace"": [""Rules triggered:"", ""- [participation_critical_threshold] Participation dropped below 25%, indicating widespread disengagement. (priority 5)"", ""- [blocker_missing_owner] Blocker owner is missing, preventing resolution. (priority 5)"", """", ""Multiple high-priority cues detected:"", ""- participation_critical_threshold"", ""- blocker_missing_owner"", """", ""Composite intervention created because multiple cues exceeded the severity threshold."", """", ""Final decision: [multi_cue_composite] with priority 5."", ""Rationale: When several high-priority cues fire together, SAAM surfaces a composite intervention.""], ""teams_message"": ""**SAAM Intervention**\nCue: multi_cue\n\nMultiple issues detected:\n- Participation is critically low — the team may be disengaged.\n- A blocker has no owner — assign responsibility.\n\n**Reasoning Summary**\nRules triggered:\n- [participation_critical_threshold] Participation dropped below 25%, indicating widespread disengagement. (priority 5)\n- [blocker_missing_owner] Blocker owner is missing, preventing resolution. (priority 5)\n""}"
2026-05-22T21:46:30.653686+00:00,multi_cue,5,"Multiple issues detected:
- Participation is critically low — the team may be disengaged.
- A blocker has no owner — assign responsibility.","This intervention combines several high‑priority signals:
- [participation_critical_threshold] Participation dropped below 25%, indicating widespread disengagement.
- [blocker_missing_owner] Blocker owner is missing, preventing resolution.",multi_cue_composite,combined_signals,"When several high-priority cues fire together, SAAM surfaces a composite intervention.","{""rule_name"": ""multi_cue_composite"", ""rule_category"": ""combined_signals"", ""rationale"": ""When several high-priority cues fire together, SAAM surfaces a composite intervention."", ""cue"": ""multi_cue"", ""message"": ""Multiple issues detected:\n- Participation is critically low — the team may be disengaged.\n- A blocker has no owner — assign responsibility."", ""explanation"": ""This intervention combines several high‑priority signals:\n- [participation_critical_threshold] Participation dropped below 25%, indicating widespread disengagement.\n- [blocker_missing_owner] Blocker owner is missing, preventing resolution."", ""priority"": 5, ""contributing_rules"": [""participation_critical_threshold"", ""blocker_missing_owner""], ""reasoning_trace"": [""Rules triggered:"", ""- [participation_critical_threshold] Participation dropped below 25%, indicating widespread disengagement. (priority 5)"", ""- [blocker_missing_owner] Blocker owner is missing, preventing resolution. (priority 5)"", """", ""Multiple high-priority cues detected:"", ""- participation_critical_threshold"", ""- blocker_missing_owner"", """", ""Composite intervention created because multiple cues exceeded the severity threshold."", """", ""Final decision: [multi_cue_composite] with priority 5."", ""Rationale: When several high-priority cues fire together, SAAM surfaces a composite intervention.""], ""teams_message"": ""**SAAM Intervention**\nCue: multi_cue\n\nMultiple issues detected:\n- Participation is critically low — the team may be disengaged.\n- A blocker has no owner — assign responsibility.\n\n**Reasoning Summary**\nRules triggered:\n- [participation_critical_threshold] Participation dropped below 25%, indicating widespread disengagement. (priority 5)\n- [blocker_missing_owner] Blocker owner is missing, preventing resolution. (priority 5)\n""}"
2026-05-22T21:46:34.278399+00:00,multi_cue,5,"Multiple issues detected:
- Participation is critically low — the team may be disengaged.
- A blocker has no owner — assign responsibility.","This intervention combines several high‑priority signals:
- [participation_critical_threshold] Participation dropped below 25%, indicating widespread disengagement.
- [blocker_missing_owner] Blocker owner is missing, preventing resolution.",multi_cue_composite,combined_signals,"When several high-priority cues fire together, SAAM surfaces a composite intervention.","{""rule_name"": ""multi_cue_composite"", ""rule_category"": ""combined_signals"", ""rationale"": ""When several high-priority cues fire together, SAAM surfaces a composite intervention."", ""cue"": ""multi_cue"", ""message"": ""Multiple issues detected:\n- Participation is critically low — the team may be disengaged.\n- A blocker has no owner — assign responsibility."", ""explanation"": ""This intervention combines several high‑priority signals:\n- [participation_critical_threshold] Participation dropped below 25%, indicating widespread disengagement.\n- [blocker_missing_owner] Blocker owner is missing, preventing resolution."", ""priority"": 5, ""contributing_rules"": [""participation_critical_threshold"", ""blocker_missing_owner""], ""reasoning_trace"": [""Rules triggered:"", ""- [participation_critical_threshold] Participation dropped below 25%, indicating widespread disengagement. (priority 5)"", ""- [blocker_missing_owner] Blocker owner is missing, preventing resolution. (priority 5)"", """", ""Multiple high-priority cues detected:"", ""- participation_critical_threshold"", ""- blocker_missing_owner"", """", ""Composite intervention created because multiple cues exceeded the severity threshold."", """", ""Final decision: [multi_cue_composite] with priority 5."", ""Rationale: When several high-priority cues fire together, SAAM surfaces a composite intervention.""], ""teams_message"": ""**SAAM Intervention**\nCue: multi_cue\n\nMultiple issues detected:\n- Participation is critically low — the team may be disengaged.\n- A blocker has no owner — assign responsibility.\n\n**Reasoning Summary**\nRules triggered:\n- [participation_critical_threshold] Participation dropped below 25%, indicating widespread disengagement. (priority 5)\n- [blocker_missing_owner] Blocker owner is missing, preventing resolution. (priority 5)\n""}"
2026-05-22T21:46:36.367879+00:00,multi_cue,5,"Multiple issues detected:
- Participation is critically low — the team may be disengaged.
- A blocker has no owner — assign responsibility.","This intervention combines several high‑priority signals:
- [participation_critical_threshold] Participation dropped below 25%, indicating widespread disengagement.
- [blocker_missing_owner] Blocker owner is missing, preventing resolution.",multi_cue_composite,combined_signals,"When several high-priority cues fire together, SAAM surfaces a composite intervention.","{""rule_name"": ""multi_cue_composite"", ""rule_category"": ""combined_signals"", ""rationale"": ""When several high-priority cues fire together, SAAM surfaces a composite intervention."", ""cue"": ""multi_cue"", ""message"": ""Multiple issues detected:\n- Participation is critically low — the team may be disengaged.\n- A blocker has no owner — assign responsibility."", ""explanation"": ""This intervention combines several high‑priority signals:\n- [participation_critical_threshold] Participation dropped below 25%, indicating widespread disengagement.\n- [blocker_missing_owner] Blocker owner is missing, preventing resolution."", ""priority"": 5, ""contributing_rules"": [""participation_critical_threshold"", ""blocker_missing_owner""], ""reasoning_trace"": [""Rules triggered:"", ""- [participation_critical_threshold] Participation dropped below 25%, indicating widespread disengagement. (priority 5)"", ""- [blocker_missing_owner] Blocker owner is missing, preventing resolution. (priority 5)"", """", ""Multiple high-priority cues detected:"", ""- participation_critical_threshold"", ""- blocker_missing_owner"", """", ""Composite intervention created because multiple cues exceeded the severity threshold."", """", ""Final decision: [multi_cue_composite] with priority 5."", ""Rationale: When several high-priority cues fire together, SAAM surfaces a composite intervention.""], ""teams_message"": ""**SAAM Intervention**\nCue: multi_cue\n\nMultiple issues detected:\n- Participation is critically low — the team may be disengaged.\n- A blocker has no owner — assign responsibility.\n\n**Reasoning Summary**\nRules triggered:\n- [participation_critical_threshold] Participation dropped below 25%, indicating widespread disengagement. (priority 5)\n- [blocker_missing_owner] Blocker owner is missing, preventing resolution. (priority 5)\n""}"
2026-05-22T21:46:36.629216+00:00,multi_cue,5,"Multiple issues detected:
- Participation is critically low — the team may be disengaged.
- A blocker has no owner — assign responsibility.","This intervention combines several high‑priority signals:
- [participation_critical_threshold] Participation dropped below 25%, indicating widespread disengagement.
- [blocker_missing_owner] Blocker owner is missing, preventing resolution.",multi_cue_composite,combined_signals,"When several high-priority cues fire together, SAAM surfaces a composite intervention.","{""rule_name"": ""multi_cue_composite"", ""rule_category"": ""combined_signals"", ""rationale"": ""When several high-priority cues fire together, SAAM surfaces a composite intervention."", ""cue"": ""multi_cue"", ""message"": ""Multiple issues detected:\n- Participation is critically low — the team may be disengaged.\n- A blocker has no owner — assign responsibility."", ""explanation"": ""This intervention combines several high‑priority signals:\n- [participation_critical_threshold] Participation dropped below 25%, indicating widespread disengagement.\n- [blocker_missing_owner] Blocker owner is missing, preventing resolution."", ""priority"": 5, ""contributing_rules"": [""participation_critical_threshold"", ""blocker_missing_owner""], ""reasoning_trace"": [""Rules triggered:"", ""- [participation_critical_threshold] Participation dropped below 25%, indicating widespread disengagement. (priority 5)"", ""- [blocker_missing_owner] Blocker owner is missing, preventing resolution. (priority 5)"", """", ""Multiple high-priority cues detected:"", ""- participation_critical_threshold"", ""- blocker_missing_owner"", """", ""Composite intervention created because multiple cues exceeded the severity threshold."", """", ""Final decision: [multi_cue_composite] with priority 5."", ""Rationale: When several high-priority cues fire together, SAAM surfaces a composite intervention.""], ""teams_message"": ""**SAAM Intervention**\nCue: multi_cue\n\nMultiple issues detected:\n- Participation is critically low — the team may be disengaged.\n- A blocker has no owner — assign responsibility.\n\n**Reasoning Summary**\nRules triggered:\n- [participation_critical_threshold] Participation dropped below 25%, indicating widespread disengagement. (priority 5)\n- [blocker_missing_owner] Blocker owner is missing, preventing resolution. (priority 5)\n""}"
2026-05-22T21:47:00.510172+00:00,multi_cue,4,"Multiple issues detected:
- One voice may be dominating — rebalance the discussion.
- Daily is running long — consider parking discussions.","This intervention combines several high‑priority signals:
- [dominance_critical_threshold] Talk-time imbalance exceeded 75%, indicating dominance.
- [daily_overrun] Time remaining is under 2 minutes in a Daily Scrum.",multi_cue_composite,combined_signals,"When several high-priority cues fire together, SAAM surfaces a composite intervention.","{""rule_name"": ""multi_cue_composite"", ""rule_category"": ""combined_signals"", ""rationale"": ""When several high-priority cues fire together, SAAM surfaces a composite intervention."", ""cue"": ""multi_cue"", ""message"": ""Multiple issues detected:\n- One voice may be dominating — rebalance the discussion.\n- Daily is running long — consider parking discussions."", ""explanation"": ""This intervention combines several high‑priority signals:\n- [dominance_critical_threshold] Talk-time imbalance exceeded 75%, indicating dominance.\n- [daily_overrun] Time remaining is under 2 minutes in a Daily Scrum."", ""priority"": 4, ""contributing_rules"": [""dominance_critical_threshold"", ""daily_overrun""], ""reasoning_trace"": [""Rules triggered:"", ""- [participation_low_threshold] Participation is below the healthy threshold of 45%. (priority 3)"", ""- [dominance_critical_threshold] Talk-time imbalance exceeded 75%, indicating dominance. (priority 4)"", ""- [blocker_stale_age] Blocker age is above 2 days, suggesting slow resolution. (priority 3)"", ""- [daily_overrun] Time remaining is under 2 minutes in a Daily Scrum. (priority 4)"", """", ""Multiple high-priority cues detected:"", ""- dominance_critical_threshold"", ""- daily_overrun"", """", ""Composite intervention created because multiple cues exceeded the severity threshold."", """", ""Final decision: [multi_cue_composite] with priority 4."", ""Rationale: When several high-priority cues fire together, SAAM surfaces a composite intervention.""], ""teams_message"": ""**SAAM Intervention**\nCue: multi_cue\n\nMultiple issues detected:\n- One voice may be dominating — rebalance the discussion.\n- Daily is running long — consider parking discussions.\n\n**Reasoning Summary**\nRules triggered:\n- [participation_low_threshold] Participation is below the healthy threshold of 45%. (priority 3)\n- [dominance_critical_threshold] Talk-time imbalance exceeded 75%, indicating dominance. (priority 4)\n- [blocker_stale_age] Blocker age is above 2 days, suggesting slow resolution. (priority 3)""}"
2026-05-22T21:47:39.709528+00:00,multi_cue,4,"Multiple issues detected:
- One voice may be dominating — rebalance the discussion.
- Daily is running long — consider parking discussions.","This intervention combines several high‑priority signals:
- [dominance_critical_threshold] Talk-time imbalance exceeded 75%, indicating dominance.
- [daily_overrun] Time remaining is under 2 minutes in a Daily Scrum.",multi_cue_composite,combined_signals,"When several high-priority cues fire together, SAAM surfaces a composite intervention.","{""rule_name"": ""multi_cue_composite"", ""rule_category"": ""combined_signals"", ""rationale"": ""When several high-priority cues fire together, SAAM surfaces a composite intervention."", ""cue"": ""multi_cue"", ""message"": ""Multiple issues detected:\n- One voice may be dominating — rebalance the discussion.\n- Daily is running long — consider parking discussions."", ""explanation"": ""This intervention combines several high‑priority signals:\n- [dominance_critical_threshold] Talk-time imbalance exceeded 75%, indicating dominance.\n- [daily_overrun] Time remaining is under 2 minutes in a Daily Scrum."", ""priority"": 4, ""contributing_rules"": [""dominance_critical_threshold"", ""daily_overrun""], ""reasoning_trace"": [""Rules triggered:"", ""- [participation_low_threshold] Participation is below the healthy threshold of 45%. (priority 3)"", ""- [dominance_critical_threshold] Talk-time imbalance exceeded 75%, indicating dominance. (priority 4)"", ""- [blocker_stale_age] Blocker age is above 2 days, suggesting slow resolution. (priority 3)"", ""- [daily_overrun] Time remaining is under 2 minutes in a Daily Scrum. (priority 4)"", """", ""Multiple high-priority cues detected:"", ""- dominance_critical_threshold"", ""- daily_overrun"", """", ""Composite intervention created because multiple cues exceeded the severity threshold."", """", ""Final decision: [multi_cue_composite] with priority 4."", ""Rationale: When several high-priority cues fire together, SAAM surfaces a composite intervention.""], ""teams_message"": ""**SAAM Intervention**\nCue: multi_cue\n\nMultiple issues detected:\n- One voice may be dominating — rebalance the discussion.\n- Daily is running long — consider parking discussions.\n\n**Reasoning Summary**\nRules triggered:\n- [participation_low_threshold] Participation is below the healthy threshold of 45%. (priority 3)\n- [dominance_critical_threshold] Talk-time imbalance exceeded 75%, indicating dominance. (priority 4)\n- [blocker_stale_age] Blocker age is above 2 days, suggesting slow resolution. (priority 3)""}"
2026-05-22T21:47:50.970925+00:00,multi_cue,5,"Multiple issues detected:
- Participation is critically low — the team may be disengaged.
- A blocker has no owner — assign responsibility.","This intervention combines several high‑priority signals:
- [participation_critical_threshold] Participation dropped below 25%, indicating widespread disengagement.
- [blocker_missing_owner] Blocker owner is missing, preventing resolution.",multi_cue_composite,combined_signals,"When several high-priority cues fire together, SAAM surfaces a composite intervention.","{""rule_name"": ""multi_cue_composite"", ""rule_category"": ""combined_signals"", ""rationale"": ""When several high-priority cues fire together, SAAM surfaces a composite intervention."", ""cue"": ""multi_cue"", ""message"": ""Multiple issues detected:\n- Participation is critically low — the team may be disengaged.\n- A blocker has no owner — assign responsibility."", ""explanation"": ""This intervention combines several high‑priority signals:\n- [participation_critical_threshold] Participation dropped below 25%, indicating widespread disengagement.\n- [blocker_missing_owner] Blocker owner is missing, preventing resolution."", ""priority"": 5, ""contributing_rules"": [""participation_critical_threshold"", ""blocker_missing_owner""], ""reasoning_trace"": [""Rules triggered:"", ""- [participation_critical_threshold] Participation dropped below 25%, indicating widespread disengagement. (priority 5)"", ""- [blocker_missing_owner] Blocker owner is missing, preventing resolution. (priority 5)"", """", ""Multiple high-priority cues detected:"", ""- participation_critical_threshold"", ""- blocker_missing_owner"", """", ""Composite intervention created because multiple cues exceeded the severity threshold."", """", ""Final decision: [multi_cue_composite] with priority 5."", ""Rationale: When several high-priority cues fire together, SAAM surfaces a composite intervention.""], ""teams_message"": ""**SAAM Intervention**\nCue: multi_cue\n\nMultiple issues detected:\n- Participation is critically low — the team may be disengaged.\n- A blocker has no owner — assign responsibility.\n\n**Reasoning Summary**\nRules triggered:\n- [participation_critical_threshold] Participation dropped below 25%, indicating widespread disengagement. (priority 5)\n- [blocker_missing_owner] Blocker owner is missing, preventing resolution. (priority 5)\n""}"
2026-05-22T21:47:52.959949+00:00,multi_cue,5,"Multiple issues detected:
- Participation is critically low — the team may be disengaged.
- A blocker has no owner — assign responsibility.","This intervention combines several high‑priority signals:
- [participation_critical_threshold] Participation dropped below 25%, indicating widespread disengagement.
- [blocker_missing_owner] Blocker owner is missing, preventing resolution.",multi_cue_composite,combined_signals,"When several high-priority cues fire together, SAAM surfaces a composite intervention.","{""rule_name"": ""multi_cue_composite"", ""rule_category"": ""combined_signals"", ""rationale"": ""When several high-priority cues fire together, SAAM surfaces a composite intervention."", ""cue"": ""multi_cue"", ""message"": ""Multiple issues detected:\n- Participation is critically low — the team may be disengaged.\n- A blocker has no owner — assign responsibility."", ""explanation"": ""This intervention combines several high‑priority signals:\n- [participation_critical_threshold] Participation dropped below 25%, indicating widespread disengagement.\n- [blocker_missing_owner] Blocker owner is missing, preventing resolution."", ""priority"": 5, ""contributing_rules"": [""participation_critical_threshold"", ""blocker_missing_owner""], ""reasoning_trace"": [""Rules triggered:"", ""- [participation_critical_threshold] Participation dropped below 25%, indicating widespread disengagement. (priority 5)"", ""- [blocker_missing_owner] Blocker owner is missing, preventing resolution. (priority 5)"", """", ""Multiple high-priority cues detected:"", ""- participation_critical_threshold"", ""- blocker_missing_owner"", """", ""Composite intervention created because multiple cues exceeded the severity threshold."", """", ""Final decision: [multi_cue_composite] with priority 5."", ""Rationale: When several high-priority cues fire together, SAAM surfaces a composite intervention.""], ""teams_message"": ""**SAAM Intervention**\nCue: multi_cue\n\nMultiple issues detected:\n- Participation is critically low — the team may be disengaged.\n- A blocker has no owner — assign responsibility.\n\n**Reasoning Summary**\nRules triggered:\n- [participation_critical_threshold] Participation dropped below 25%, indicating widespread disengagement. (priority 5)\n- [blocker_missing_owner] Blocker owner is missing, preventing resolution. (priority 5)\n""}"
2026-05-23T06:49:06.322569+00:00,multi_cue,5,"Multiple issues detected:
- Participation is critically low — the team may be disengaged.
- A blocker has no owner — assign responsibility.","This intervention combines several high‑priority signals:
- [participation_critical_threshold] Participation dropped below 25%, indicating widespread disengagement.
- [blocker_missing_owner] Blocker owner is missing, preventing resolution.",multi_cue_composite,combined_signals,"When several high-priority cues fire together, SAAM surfaces a composite intervention.","{""rule_name"": ""multi_cue_composite"", ""rule_category"": ""combined_signals"", ""rationale"": ""When several high-priority cues fire together, SAAM surfaces a composite intervention."", ""cue"": ""multi_cue"", ""message"": ""Multiple issues detected:\n- Participation is critically low — the team may be disengaged.\n- A blocker has no owner — assign responsibility."", ""explanation"": ""This intervention combines several high‑priority signals:\n- [participation_critical_threshold] Participation dropped below 25%, indicating widespread disengagement.\n- [blocker_missing_owner] Blocker owner is missing, preventing resolution."", ""priority"": 5, ""contributing_rules"": [""participation_critical_threshold"", ""blocker_missing_owner""], ""reasoning_trace"": [""Rules triggered:"", ""- [participation_critical_threshold] Participation dropped below 25%, indicating widespread disengagement. (priority 5)"", ""- [blocker_missing_owner] Blocker owner is missing, preventing resolution. (priority 5)"", """", ""Multiple high-priority cues detected:"", ""- participation_critical_threshold"", ""- blocker_missing_owner"", """", ""Composite intervention created because multiple cues exceeded the severity threshold."", """", ""Final decision: [multi_cue_composite] with priority 5."", ""Rationale: When several high-priority cues fire together, SAAM surfaces a composite intervention.""], ""teams_message"": ""**SAAM Intervention**\nCue: multi_cue\n\nMultiple issues detected:\n- Participation is critically low — the team may be disengaged.\n- A blocker has no owner — assign responsibility.\n\n**Reasoning Summary**\nRules triggered:\n- [participation_critical_threshold] Participation dropped below 25%, indicating widespread disengagement. (priority 5)\n- [blocker_missing_owner] Blocker owner is missing, preventing resolution. (priority 5)\n""}"
2026-05-23T06:49:09.175266+00:00,multi_cue,5,"Multiple issues detected:
- Participation is critically low — the team may be disengaged.
- A blocker has no owner — assign responsibility.","This intervention combines several high‑priority signals:
- [participation_critical_threshold] Participation dropped below 25%, indicating widespread disengagement.
- [blocker_missing_owner] Blocker owner is missing, preventing resolution.",multi_cue_composite,combined_signals,"When several high-priority cues fire together, SAAM surfaces a composite intervention.","{""rule_name"": ""multi_cue_composite"", ""rule_category"": ""combined_signals"", ""rationale"": ""When several high-priority cues fire together, SAAM surfaces a composite intervention."", ""cue"": ""multi_cue"", ""message"": ""Multiple issues detected:\n- Participation is critically low — the team may be disengaged.\n- A blocker has no owner — assign responsibility."", ""explanation"": ""This intervention combines several high‑priority signals:\n- [participation_critical_threshold] Participation dropped below 25%, indicating widespread disengagement.\n- [blocker_missing_owner] Blocker owner is missing, preventing resolution."", ""priority"": 5, ""contributing_rules"": [""participation_critical_threshold"", ""blocker_missing_owner""], ""reasoning_trace"": [""Rules triggered:"", ""- [participation_critical_threshold] Participation dropped below 25%, indicating widespread disengagement. (priority 5)"", ""- [blocker_missing_owner] Blocker owner is missing, preventing resolution. (priority 5)"", """", ""Multiple high-priority cues detected:"", ""- participation_critical_threshold"", ""- blocker_missing_owner"", """", ""Composite intervention created because multiple cues exceeded the severity threshold."", """", ""Final decision: [multi_cue_composite] with priority 5."", ""Rationale: When several high-priority cues fire together, SAAM surfaces a composite intervention.""], ""teams_message"": ""**SAAM Intervention**\nCue: multi_cue\n\nMultiple issues detected:\n- Participation is critically low — the team may be disengaged.\n- A blocker has no owner — assign responsibility.\n\n**Reasoning Summary**\nRules triggered:\n- [participation_critical_threshold] Participation dropped below 25%, indicating widespread disengagement. (priority 5)\n- [blocker_missing_owner] Blocker owner is missing, preventing resolution. (priority 5)\n""}"
2026-05-23T07:13:51.626026+00:00,multi_cue,5,"Multiple issues detected:
- Participation is critically low — the team may be disengaged.
- A blocker has no owner — assign responsibility.","This intervention combines several high‑priority signals:
- [participation_critical_threshold] Participation dropped below 25%, indicating widespread disengagement.
- [blocker_missing_owner] Blocker owner is missing, preventing resolution.",multi_cue_composite,combined_signals,"When several high-priority cues fire together, SAAM surfaces a composite intervention.","{""rule_name"": ""multi_cue_composite"", ""rule_category"": ""combined_signals"", ""rationale"": ""When several high-priority cues fire together, SAAM surfaces a composite intervention."", ""cue"": ""multi_cue"", ""message"": ""Multiple issues detected:\n- Participation is critically low — the team may be disengaged.\n- A blocker has no owner — assign responsibility."", ""explanation"": ""This intervention combines several high‑priority signals:\n- [participation_critical_threshold] Participation dropped below 25%, indicating widespread disengagement.\n- [blocker_missing_owner] Blocker owner is missing, preventing resolution."", ""priority"": 5, ""contributing_rules"": [""participation_critical_threshold"", ""blocker_missing_owner""], ""reasoning_trace"": [""Rules triggered:"", ""- [participation_critical_threshold] Participation dropped below 25%, indicating widespread disengagement. (priority 5)"", ""- [blocker_missing_owner] Blocker owner is missing, preventing resolution. (priority 5)"", """", ""Multiple high-priority cues detected:"", ""- participation_critical_threshold"", ""- blocker_missing_owner"", """", ""Composite intervention created because multiple cues exceeded the severity threshold."", """", ""Final decision: [multi_cue_composite] with priority 5."", ""Rationale: When several high-priority cues fire together, SAAM surfaces a composite intervention.""], ""teams_message"": ""**SAAM Intervention**\nCue: multi_cue\n\nMultiple issues detected:\n- Participation is critically low — the team may be disengaged.\n- A blocker has no owner — assign responsibility.\n\n**Reasoning Summary**\nRules triggered:\n- [participation_critical_threshold] Participation dropped below 25%, indicating widespread disengagement. (priority 5)\n- [blocker_missing_owner] Blocker owner is missing, preventing resolution. (priority 5)\n""}"
2026-05-23T07:14:09.833147+00:00,multi_cue,5,"Multiple issues detected:
- Participation is critically low — the team may be disengaged.
- A blocker has no owner — assign responsibility.","This intervention combines several high‑priority signals:
- [participation_critical_threshold] Participation dropped below 25%, indicating widespread disengagement.
- [blocker_missing_owner] Blocker owner is missing, preventing resolution.",multi_cue_composite,combined_signals,"When several high-priority cues fire together, SAAM surfaces a composite intervention.","{""rule_name"": ""multi_cue_composite"", ""rule_category"": ""combined_signals"", ""rationale"": ""When several high-priority cues fire together, SAAM surfaces a composite intervention."", ""cue"": ""multi_cue"", ""message"": ""Multiple issues detected:\n- Participation is critically low — the team may be disengaged.\n- A blocker has no owner — assign responsibility."", ""explanation"": ""This intervention combines several high‑priority signals:\n- [participation_critical_threshold] Participation dropped below 25%, indicating widespread disengagement.\n- [blocker_missing_owner] Blocker owner is missing, preventing resolution."", ""priority"": 5, ""contributing_rules"": [""participation_critical_threshold"", ""blocker_missing_owner""], ""reasoning_trace"": [""Rules triggered:"", ""- [participation_critical_threshold] Participation dropped below 25%, indicating widespread disengagement. (priority 5)"", ""- [blocker_missing_owner] Blocker owner is missing, preventing resolution. (priority 5)"", """", ""Multiple high-priority cues detected:"", ""- participation_critical_threshold"", ""- blocker_missing_owner"", """", ""Composite intervention created because multiple cues exceeded the severity threshold."", """", ""Final decision: [multi_cue_composite] with priority 5."", ""Rationale: When several high-priority cues fire together, SAAM surfaces a composite intervention.""], ""teams_message"": ""**SAAM Intervention**\nCue: multi_cue\n\nMultiple issues detected:\n- Participation is critically low — the team may be disengaged.\n- A blocker has no owner — assign responsibility.\n\n**Reasoning Summary**\nRules triggered:\n- [participation_critical_threshold] Participation dropped below 25%, indicating widespread disengagement. (priority 5)\n- [blocker_missing_owner] Blocker owner is missing, preventing resolution. (priority 5)\n""}"
2026-05-23T07:14:10.265574+00:00,multi_cue,5,"Multiple issues detected:
- Participation is critically low — the team may be disengaged.
- A blocker has no owner — assign responsibility.","This intervention combines several high‑priority signals:
- [participation_critical_threshold] Participation dropped below 25%, indicating widespread disengagement.
- [blocker_missing_owner] Blocker owner is missing, preventing resolution.",multi_cue_composite,combined_signals,"When several high-priority cues fire together, SAAM surfaces a composite intervention.","{""rule_name"": ""multi_cue_composite"", ""rule_category"": ""combined_signals"", ""rationale"": ""When several high-priority cues fire together, SAAM surfaces a composite intervention."", ""cue"": ""multi_cue"", ""message"": ""Multiple issues detected:\n- Participation is critically low — the team may be disengaged.\n- A blocker has no owner — assign responsibility."", ""explanation"": ""This intervention combines several high‑priority signals:\n- [participation_critical_threshold] Participation dropped below 25%, indicating widespread disengagement.\n- [blocker_missing_owner] Blocker owner is missing, preventing resolution."", ""priority"": 5, ""contributing_rules"": [""participation_critical_threshold"", ""blocker_missing_owner""], ""reasoning_trace"": [""Rules triggered:"", ""- [participation_critical_threshold] Participation dropped below 25%, indicating widespread disengagement. (priority 5)"", ""- [blocker_missing_owner] Blocker owner is missing, preventing resolution. (priority 5)"", """", ""Multiple high-priority cues detected:"", ""- participation_critical_threshold"", ""- blocker_missing_owner"", """", ""Composite intervention created because multiple cues exceeded the severity threshold."", """", ""Final decision: [multi_cue_composite] with priority 5."", ""Rationale: When several high-priority cues fire together, SAAM surfaces a composite intervention.""], ""teams_message"": ""**SAAM Intervention**\nCue: multi_cue\n\nMultiple issues detected:\n- Participation is critically low — the team may be disengaged.\n- A blocker has no owner — assign responsibility.\n\n**Reasoning Summary**\nRules triggered:\n- [participation_critical_threshold] Participation dropped below 25%, indicating widespread disengagement. (priority 5)\n- [blocker_missing_owner] Blocker owner is missing, preventing resolution. (priority 5)\n""}"
2026-05-23T07:14:13.521934+00:00,multi_cue,5,"Multiple issues detected:
- Participation is critically low — the team may be disengaged.
- A blocker has no owner — assign responsibility.","This intervention combines several high‑priority signals:
- [participation_critical_threshold] Participation dropped below 25%, indicating widespread disengagement.
- [blocker_missing_owner] Blocker owner is missing, preventing resolution.",multi_cue_composite,combined_signals,"When several high-priority cues fire together, SAAM surfaces a composite intervention.","{""rule_name"": ""multi_cue_composite"", ""rule_category"": ""combined_signals"", ""rationale"": ""When several high-priority cues fire together, SAAM surfaces a composite intervention."", ""cue"": ""multi_cue"", ""message"": ""Multiple issues detected:\n- Participation is critically low — the team may be disengaged.\n- A blocker has no owner — assign responsibility."", ""explanation"": ""This intervention combines several high‑priority signals:\n- [participation_critical_threshold] Participation dropped below 25%, indicating widespread disengagement.\n- [blocker_missing_owner] Blocker owner is missing, preventing resolution."", ""priority"": 5, ""contributing_rules"": [""participation_critical_threshold"", ""blocker_missing_owner""], ""reasoning_trace"": [""Rules triggered:"", ""- [participation_critical_threshold] Participation dropped below 25%, indicating widespread disengagement. (priority 5)"", ""- [blocker_missing_owner] Blocker owner is missing, preventing resolution. (priority 5)"", """", ""Multiple high-priority cues detected:"", ""- participation_critical_threshold"", ""- blocker_missing_owner"", """", ""Composite intervention created because multiple cues exceeded the severity threshold."", """", ""Final decision: [multi_cue_composite] with priority 5."", ""Rationale: When several high-priority cues fire together, SAAM surfaces a composite intervention.""], ""teams_message"": ""**SAAM Intervention**\nCue: multi_cue\n\nMultiple issues detected:\n- Participation is critically low — the team may be disengaged.\n- A blocker has no owner — assign responsibility.\n\n**Reasoning Summary**\nRules triggered:\n- [participation_critical_threshold] Participation dropped below 25%, indicating widespread disengagement. (priority 5)\n- [blocker_missing_owner] Blocker owner is missing, preventing resolution. (priority 5)\n""}"
2026-05-23T07:14:13.797586+00:00,multi_cue,5,"Multiple issues detected:
- Participation is critically low — the team may be disengaged.
- A blocker has no owner — assign responsibility.","This intervention combines several high‑priority signals:
- [participation_critical_threshold] Participation dropped below 25%, indicating widespread disengagement.
- [blocker_missing_owner] Blocker owner is missing, preventing resolution.",multi_cue_composite,combined_signals,"When several high-priority cues fire together, SAAM surfaces a composite intervention.","{""rule_name"": ""multi_cue_composite"", ""rule_category"": ""combined_signals"", ""rationale"": ""When several high-priority cues fire together, SAAM surfaces a composite intervention."", ""cue"": ""multi_cue"", ""message"": ""Multiple issues detected:\n- Participation is critically low — the team may be disengaged.\n- A blocker has no owner — assign responsibility."", ""explanation"": ""This intervention combines several high‑priority signals:\n- [participation_critical_threshold] Participation dropped below 25%, indicating widespread disengagement.\n- [blocker_missing_owner] Blocker owner is missing, preventing resolution."", ""priority"": 5, ""contributing_rules"": [""participation_critical_threshold"", ""blocker_missing_owner""], ""reasoning_trace"": [""Rules triggered:"", ""- [participation_critical_threshold] Participation dropped below 25%, indicating widespread disengagement. (priority 5)"", ""- [blocker_missing_owner] Blocker owner is missing, preventing resolution. (priority 5)"", """", ""Multiple high-priority cues detected:"", ""- participation_critical_threshold"", ""- blocker_missing_owner"", """", ""Composite intervention created because multiple cues exceeded the severity threshold."", """", ""Final decision: [multi_cue_composite] with priority 5."", ""Rationale: When several high-priority cues fire together, SAAM surfaces a composite intervention.""], ""teams_message"": ""**SAAM Intervention**\nCue: multi_cue\n\nMultiple issues detected:\n- Participation is critically low — the team may be disengaged.\n- A blocker has no owner — assign responsibility.\n\n**Reasoning Summary**\nRules triggered:\n- [participation_critical_threshold] Participation dropped below 25%, indicating widespread disengagement. (priority 5)\n- [blocker_missing_owner] Blocker owner is missing, preventing resolution. (priority 5)\n""}"
2026-05-23T07:14:57.073116+00:00,multi_cue,5,"Multiple issues detected:
- Participation is critically low — the team may be disengaged.
- A blocker has no owner — assign responsibility.","This intervention combines several high‑priority signals:
- [participation_critical_threshold] Participation dropped below 25%, indicating widespread disengagement.
- [blocker_missing_owner] Blocker owner is missing, preventing resolution.",multi_cue_composite,combined_signals,"When several high-priority cues fire together, SAAM surfaces a composite intervention.","{""rule_name"": ""multi_cue_composite"", ""rule_category"": ""combined_signals"", ""rationale"": ""When several high-priority cues fire together, SAAM surfaces a composite intervention."", ""cue"": ""multi_cue"", ""message"": ""Multiple issues detected:\n- Participation is critically low — the team may be disengaged.\n- A blocker has no owner — assign responsibility."", ""explanation"": ""This intervention combines several high‑priority signals:\n- [participation_critical_threshold] Participation dropped below 25%, indicating widespread disengagement.\n- [blocker_missing_owner] Blocker owner is missing, preventing resolution."", ""priority"": 5, ""contributing_rules"": [""participation_critical_threshold"", ""blocker_missing_owner""], ""reasoning_trace"": [""Rules triggered:"", ""- [participation_critical_threshold] Participation dropped below 25%, indicating widespread disengagement. (priority 5)"", ""- [blocker_missing_owner] Blocker owner is missing, preventing resolution. (priority 5)"", """", ""Multiple high-priority cues detected:"", ""- participation_critical_threshold"", ""- blocker_missing_owner"", """", ""Composite intervention created because multiple cues exceeded the severity threshold."", """", ""Final decision: [multi_cue_composite] with priority 5."", ""Rationale: When several high-priority cues fire together, SAAM surfaces a composite intervention.""], ""teams_message"": ""**SAAM Intervention**\nCue: multi_cue\n\nMultiple issues detected:\n- Participation is critically low — the team may be disengaged.\n- A blocker has no owner — assign responsibility.\n\n**Reasoning Summary**\nRules triggered:\n- [participation_critical_threshold] Participation dropped below 25%, indicating widespread disengagement. (priority 5)\n- [blocker_missing_owner] Blocker owner is missing, preventing resolution. (priority 5)\n""}"
2026-05-23T07:14:57.284566+00:00,multi_cue,5,"Multiple issues detected:
- Participation is critically low — the team may be disengaged.
- A blocker has no owner — assign responsibility.","This intervention combines several high‑priority signals:
- [participation_critical_threshold] Participation dropped below 25%, indicating widespread disengagement.
- [blocker_missing_owner] Blocker owner is missing, preventing resolution.",multi_cue_composite,combined_signals,"When several high-priority cues fire together, SAAM surfaces a composite intervention.","{""rule_name"": ""multi_cue_composite"", ""rule_category"": ""combined_signals"", ""rationale"": ""When several high-priority cues fire together, SAAM surfaces a composite intervention."", ""cue"": ""multi_cue"", ""message"": ""Multiple issues detected:\n- Participation is critically low — the team may be disengaged.\n- A blocker has no owner — assign responsibility."", ""explanation"": ""This intervention combines several high‑priority signals:\n- [participation_critical_threshold] Participation dropped below 25%, indicating widespread disengagement.\n- [blocker_missing_owner] Blocker owner is missing, preventing resolution."", ""priority"": 5, ""contributing_rules"": [""participation_critical_threshold"", ""blocker_missing_owner""], ""reasoning_trace"": [""Rules triggered:"", ""- [participation_critical_threshold] Participation dropped below 25%, indicating widespread disengagement. (priority 5)"", ""- [blocker_missing_owner] Blocker owner is missing, preventing resolution. (priority 5)"", """", ""Multiple high-priority cues detected:"", ""- participation_critical_threshold"", ""- blocker_missing_owner"", """", ""Composite intervention created because multiple cues exceeded the severity threshold."", """", ""Final decision: [multi_cue_composite] with priority 5."", ""Rationale: When several high-priority cues fire together, SAAM surfaces a composite intervention.""], ""teams_message"": ""**SAAM Intervention**\nCue: multi_cue\n\nMultiple issues detected:\n- Participation is critically low — the team may be disengaged.\n- A blocker has no owner — assign responsibility.\n\n**Reasoning Summary**\nRules triggered:\n- [participation_critical_threshold] Participation dropped below 25%, indicating widespread disengagement. (priority 5)\n- [blocker_missing_owner] Blocker owner is missing, preventing resolution. (priority 5)\n""}"
2026-05-23T07:14:58.845889+00:00,multi_cue,5,"Multiple issues detected:
- Participation is critically low — the team may be disengaged.
- A blocker has no owner — assign responsibility.","This intervention combines several high‑priority signals:
- [participation_critical_threshold] Participation dropped below 25%, indicating widespread disengagement.
- [blocker_missing_owner] Blocker owner is missing, preventing resolution.",multi_cue_composite,combined_signals,"When several high-priority cues fire together, SAAM surfaces a composite intervention.","{""rule_name"": ""multi_cue_composite"", ""rule_category"": ""combined_signals"", ""rationale"": ""When several high-priority cues fire together, SAAM surfaces a composite intervention."", ""cue"": ""multi_cue"", ""message"": ""Multiple issues detected:\n- Participation is critically low — the team may be disengaged.\n- A blocker has no owner — assign responsibility."", ""explanation"": ""This intervention combines several high‑priority signals:\n- [participation_critical_threshold] Participation dropped below 25%, indicating widespread disengagement.\n- [blocker_missing_owner] Blocker owner is missing, preventing resolution."", ""priority"": 5, ""contributing_rules"": [""participation_critical_threshold"", ""blocker_missing_owner""], ""reasoning_trace"": [""Rules triggered:"", ""- [participation_critical_threshold] Participation dropped below 25%, indicating widespread disengagement. (priority 5)"", ""- [blocker_missing_owner] Blocker owner is missing, preventing resolution. (priority 5)"", """", ""Multiple high-priority cues detected:"", ""- participation_critical_threshold"", ""- blocker_missing_owner"", """", ""Composite intervention created because multiple cues exceeded the severity threshold."", """", ""Final decision: [multi_cue_composite] with priority 5."", ""Rationale: When several high-priority cues fire together, SAAM surfaces a composite intervention.""], ""teams_message"": ""**SAAM Intervention**\nCue: multi_cue\n\nMultiple issues detected:\n- Participation is critically low — the team may be disengaged.\n- A blocker has no owner — assign responsibility.\n\n**Reasoning Summary**\nRules triggered:\n- [participation_critical_threshold] Participation dropped below 25%, indicating widespread disengagement. (priority 5)\n- [blocker_missing_owner] Blocker owner is missing, preventing resolution. (priority 5)\n""}"
2026-05-23T07:14:58.996933+00:00,multi_cue,5,"Multiple issues detected:
- Participation is critically low — the team may be disengaged.
- A blocker has no owner — assign responsibility.","This intervention combines several high‑priority signals:
- [participation_critical_threshold] Participation dropped below 25%, indicating widespread disengagement.
- [blocker_missing_owner] Blocker owner is missing, preventing resolution.",multi_cue_composite,combined_signals,"When several high-priority cues fire together, SAAM surfaces a composite intervention.","{""rule_name"": ""multi_cue_composite"", ""rule_category"": ""combined_signals"", ""rationale"": ""When several high-priority cues fire together, SAAM surfaces a composite intervention."", ""cue"": ""multi_cue"", ""message"": ""Multiple issues detected:\n- Participation is critically low — the team may be disengaged.\n- A blocker has no owner — assign responsibility."", ""explanation"": ""This intervention combines several high‑priority signals:\n- [participation_critical_threshold] Participation dropped below 25%, indicating widespread disengagement.\n- [blocker_missing_owner] Blocker owner is missing, preventing resolution."", ""priority"": 5, ""contributing_rules"": [""participation_critical_threshold"", ""blocker_missing_owner""], ""reasoning_trace"": [""Rules triggered:"", ""- [participation_critical_threshold] Participation dropped below 25%, indicating widespread disengagement. (priority 5)"", ""- [blocker_missing_owner] Blocker owner is missing, preventing resolution. (priority 5)"", """", ""Multiple high-priority cues detected:"", ""- participation_critical_threshold"", ""- blocker_missing_owner"", """", ""Composite intervention created because multiple cues exceeded the severity threshold."", """", ""Final decision: [multi_cue_composite] with priority 5."", ""Rationale: When several high-priority cues fire together, SAAM surfaces a composite intervention.""], ""teams_message"": ""**SAAM Intervention**\nCue: multi_cue\n\nMultiple issues detected:\n- Participation is critically low — the team may be disengaged.\n- A blocker has no owner — assign responsibility.\n\n**Reasoning Summary**\nRules triggered:\n- [participation_critical_threshold] Participation dropped below 25%, indicating widespread disengagement. (priority 5)\n- [blocker_missing_owner] Blocker owner is missing, preventing resolution. (priority 5)\n""}"
2026-05-23T07:14:59.358123+00:00,multi_cue,5,"Multiple issues detected:
- Participation is critically low — the team may be disengaged.
- A blocker has no owner — assign responsibility.","This intervention combines several high‑priority signals:
- [participation_critical_threshold] Participation dropped below 25%, indicating widespread disengagement.
- [blocker_missing_owner] Blocker owner is missing, preventing resolution.",multi_cue_composite,combined_signals,"When several high-priority cues fire together, SAAM surfaces a composite intervention.","{""rule_name"": ""multi_cue_composite"", ""rule_category"": ""combined_signals"", ""rationale"": ""When several high-priority cues fire together, SAAM surfaces a composite intervention."", ""cue"": ""multi_cue"", ""message"": ""Multiple issues detected:\n- Participation is critically low — the team may be disengaged.\n- A blocker has no owner — assign responsibility."", ""explanation"": ""This intervention combines several high‑priority signals:\n- [participation_critical_threshold] Participation dropped below 25%, indicating widespread disengagement.\n- [blocker_missing_owner] Blocker owner is missing, preventing resolution."", ""priority"": 5, ""contributing_rules"": [""participation_critical_threshold"", ""blocker_missing_owner""], ""reasoning_trace"": [""Rules triggered:"", ""- [participation_critical_threshold] Participation dropped below 25%, indicating widespread disengagement. (priority 5)"", ""- [blocker_missing_owner] Blocker owner is missing, preventing resolution. (priority 5)"", """", ""Multiple high-priority cues detected:"", ""- participation_critical_threshold"", ""- blocker_missing_owner"", """", ""Composite intervention created because multiple cues exceeded the severity threshold."", """", ""Final decision: [multi_cue_composite] with priority 5."", ""Rationale: When several high-priority cues fire together, SAAM surfaces a composite intervention.""], ""teams_message"": ""**SAAM Intervention**\nCue: multi_cue\n\nMultiple issues detected:\n- Participation is critically low — the team may be disengaged.\n- A blocker has no owner — assign responsibility.\n\n**Reasoning Summary**\nRules triggered:\n- [participation_critical_threshold] Participation dropped below 25%, indicating widespread disengagement. (priority 5)\n- [blocker_missing_owner] Blocker owner is missing, preventing resolution. (priority 5)\n""}"
2026-05-23T07:17:46.165100+00:00,multi_cue,5,"Multiple issues detected:
- Participation is critically low — the team may be disengaged.
- A blocker has no owner — assign responsibility.","This intervention combines several high‑priority signals:
- [participation_critical_threshold] Participation dropped below 25%, indicating widespread disengagement.
- [blocker_missing_owner] Blocker owner is missing, preventing resolution.",multi_cue_composite,combined_signals,"When several high-priority cues fire together, SAAM surfaces a composite intervention.","{""rule_name"": ""multi_cue_composite"", ""rule_category"": ""combined_signals"", ""rationale"": ""When several high-priority cues fire together, SAAM surfaces a composite intervention."", ""cue"": ""multi_cue"", ""message"": ""Multiple issues detected:\n- Participation is critically low — the team may be disengaged.\n- A blocker has no owner — assign responsibility."", ""explanation"": ""This intervention combines several high‑priority signals:\n- [participation_critical_threshold] Participation dropped below 25%, indicating widespread disengagement.\n- [blocker_missing_owner] Blocker owner is missing, preventing resolution."", ""priority"": 5, ""contributing_rules"": [""participation_critical_threshold"", ""blocker_missing_owner""], ""reasoning_trace"": [""Rules triggered:"", ""- [participation_critical_threshold] Participation dropped below 25%, indicating widespread disengagement. (priority 5)"", ""- [blocker_missing_owner] Blocker owner is missing, preventing resolution. (priority 5)"", """", ""Multiple high-priority cues detected:"", ""- participation_critical_threshold"", ""- blocker_missing_owner"", """", ""Composite intervention created because multiple cues exceeded the severity threshold."", """", ""Final decision: [multi_cue_composite] with priority 5."", ""Rationale: When several high-priority cues fire together, SAAM surfaces a composite intervention.""], ""teams_message"": ""**SAAM Intervention**\nCue: multi_cue\n\nMultiple issues detected:\n- Participation is critically low — the team may be disengaged.\n- A blocker has no owner — assign responsibility.\n\n**Reasoning Summary**\nRules triggered:\n- [participation_critical_threshold] Participation dropped below 25%, indicating widespread disengagement. (priority 5)\n- [blocker_missing_owner] Blocker owner is missing, preventing resolution. (priority 5)\n""}"
2026-05-23T07:17:50.090575+00:00,multi_cue,5,"Multiple issues detected:
- Participation is critically low — the team may be disengaged.
- A blocker has no owner — assign responsibility.","This intervention combines several high‑priority signals:
- [participation_critical_threshold] Participation dropped below 25%, indicating widespread disengagement.
- [blocker_missing_owner] Blocker owner is missing, preventing resolution.",multi_cue_composite,combined_signals,"When several high-priority cues fire together, SAAM surfaces a composite intervention.","{""rule_name"": ""multi_cue_composite"", ""rule_category"": ""combined_signals"", ""rationale"": ""When several high-priority cues fire together, SAAM surfaces a composite intervention."", ""cue"": ""multi_cue"", ""message"": ""Multiple issues detected:\n- Participation is critically low — the team may be disengaged.\n- A blocker has no owner — assign responsibility."", ""explanation"": ""This intervention combines several high‑priority signals:\n- [participation_critical_threshold] Participation dropped below 25%, indicating widespread disengagement.\n- [blocker_missing_owner] Blocker owner is missing, preventing resolution."", ""priority"": 5, ""contributing_rules"": [""participation_critical_threshold"", ""blocker_missing_owner""], ""reasoning_trace"": [""Rules triggered:"", ""- [participation_critical_threshold] Participation dropped below 25%, indicating widespread disengagement. (priority 5)"", ""- [blocker_missing_owner] Blocker owner is missing, preventing resolution. (priority 5)"", """", ""Multiple high-priority cues detected:"", ""- participation_critical_threshold"", ""- blocker_missing_owner"", """", ""Composite intervention created because multiple cues exceeded the severity threshold."", """", ""Final decision: [multi_cue_composite] with priority 5."", ""Rationale: When several high-priority cues fire together, SAAM surfaces a composite intervention.""], ""teams_message"": ""**SAAM Intervention**\nCue: multi_cue\n\nMultiple issues detected:\n- Participation is critically low — the team may be disengaged.\n- A blocker has no owner — assign responsibility.\n\n**Reasoning Summary**\nRules triggered:\n- [participation_critical_threshold] Participation dropped below 25%, indicating widespread disengagement. (priority 5)\n- [blocker_missing_owner] Blocker owner is missing, preventing resolution. (priority 5)\n""}"
2026-05-23T07:17:50.251001+00:00,multi_cue,5,"Multiple issues detected:
- Participation is critically low — the team may be disengaged.
- A blocker has no owner — assign responsibility.","This intervention combines several high‑priority signals:
- [participation_critical_threshold] Participation dropped below 25%, indicating widespread disengagement.
- [blocker_missing_owner] Blocker owner is missing, preventing resolution.",multi_cue_composite,combined_signals,"When several high-priority cues fire together, SAAM surfaces a composite intervention.","{""rule_name"": ""multi_cue_composite"", ""rule_category"": ""combined_signals"", ""rationale"": ""When several high-priority cues fire together, SAAM surfaces a composite intervention."", ""cue"": ""multi_cue"", ""message"": ""Multiple issues detected:\n- Participation is critically low — the team may be disengaged.\n- A blocker has no owner — assign responsibility."", ""explanation"": ""This intervention combines several high‑priority signals:\n- [participation_critical_threshold] Participation dropped below 25%, indicating widespread disengagement.\n- [blocker_missing_owner] Blocker owner is missing, preventing resolution."", ""priority"": 5, ""contributing_rules"": [""participation_critical_threshold"", ""blocker_missing_owner""], ""reasoning_trace"": [""Rules triggered:"", ""- [participation_critical_threshold] Participation dropped below 25%, indicating widespread disengagement. (priority 5)"", ""- [blocker_missing_owner] Blocker owner is missing, preventing resolution. (priority 5)"", """", ""Multiple high-priority cues detected:"", ""- participation_critical_threshold"", ""- blocker_missing_owner"", """", ""Composite intervention created because multiple cues exceeded the severity threshold."", """", ""Final decision: [multi_cue_composite] with priority 5."", ""Rationale: When several high-priority cues fire together, SAAM surfaces a composite intervention.""], ""teams_message"": ""**SAAM Intervention**\nCue: multi_cue\n\nMultiple issues detected:\n- Participation is critically low — the team may be disengaged.\n- A blocker has no owner — assign responsibility.\n\n**Reasoning Summary**\nRules triggered:\n- [participation_critical_threshold] Participation dropped below 25%, indicating widespread disengagement. (priority 5)\n- [blocker_missing_owner] Blocker owner is missing, preventing resolution. (priority 5)\n""}"
2026-05-23T07:17:58.553121+00:00,multi_cue,5,"Multiple issues detected:
- Participation is critically low — the team may be disengaged.
- A blocker has no owner — assign responsibility.","This intervention combines several high‑priority signals:
- [participation_critical_threshold] Participation dropped below 25%, indicating widespread disengagement.
- [blocker_missing_owner] Blocker owner is missing, preventing resolution.",multi_cue_composite,combined_signals,"When several high-priority cues fire together, SAAM surfaces a composite intervention.","{""rule_name"": ""multi_cue_composite"", ""rule_category"": ""combined_signals"", ""rationale"": ""When several high-priority cues fire together, SAAM surfaces a composite intervention."", ""cue"": ""multi_cue"", ""message"": ""Multiple issues detected:\n- Participation is critically low — the team may be disengaged.\n- A blocker has no owner — assign responsibility."", ""explanation"": ""This intervention combines several high‑priority signals:\n- [participation_critical_threshold] Participation dropped below 25%, indicating widespread disengagement.\n- [blocker_missing_owner] Blocker owner is missing, preventing resolution."", ""priority"": 5, ""contributing_rules"": [""participation_critical_threshold"", ""blocker_missing_owner""], ""reasoning_trace"": [""Rules triggered:"", ""- [participation_critical_threshold] Participation dropped below 25%, indicating widespread disengagement. (priority 5)"", ""- [blocker_missing_owner] Blocker owner is missing, preventing resolution. (priority 5)"", """", ""Multiple high-priority cues detected:"", ""- participation_critical_threshold"", ""- blocker_missing_owner"", """", ""Composite intervention created because multiple cues exceeded the severity threshold."", """", ""Final decision: [multi_cue_composite] with priority 5."", ""Rationale: When several high-priority cues fire together, SAAM surfaces a composite intervention.""], ""teams_message"": ""**SAAM Intervention**\nCue: multi_cue\n\nMultiple issues detected:\n- Participation is critically low — the team may be disengaged.\n- A blocker has no owner — assign responsibility.\n\n**Reasoning Summary**\nRules triggered:\n- [participation_critical_threshold] Participation dropped below 25%, indicating widespread disengagement. (priority 5)\n- [blocker_missing_owner] Blocker owner is missing, preventing resolution. (priority 5)\n""}"
2026-05-23T07:23:50.865236+00:00,multi_cue,5,"Multiple issues detected:
- Participation is critically low — the team may be disengaged.
- A blocker has no owner — assign responsibility.","This intervention combines several high‑priority signals:
- [participation_critical_threshold] Participation dropped below 25%, indicating widespread disengagement.
- [blocker_missing_owner] Blocker owner is missing, preventing resolution.",multi_cue_composite,combined_signals,"When several high-priority cues fire together, SAAM surfaces a composite intervention.","{""rule_name"": ""multi_cue_composite"", ""rule_category"": ""combined_signals"", ""rationale"": ""When several high-priority cues fire together, SAAM surfaces a composite intervention."", ""cue"": ""multi_cue"", ""message"": ""Multiple issues detected:\n- Participation is critically low — the team may be disengaged.\n- A blocker has no owner — assign responsibility."", ""explanation"": ""This intervention combines several high‑priority signals:\n- [participation_critical_threshold] Participation dropped below 25%, indicating widespread disengagement.\n- [blocker_missing_owner] Blocker owner is missing, preventing resolution."", ""priority"": 5, ""contributing_rules"": [""participation_critical_threshold"", ""blocker_missing_owner""], ""reasoning_trace"": [""Rules triggered:"", ""- [participation_critical_threshold] Participation dropped below 25%, indicating widespread disengagement. (priority 5)"", ""- [blocker_missing_owner] Blocker owner is missing, preventing resolution. (priority 5)"", """", ""Multiple high-priority cues detected:"", ""- participation_critical_threshold"", ""- blocker_missing_owner"", """", ""Composite intervention created because multiple cues exceeded the severity threshold."", """", ""Final decision: [multi_cue_composite] with priority 5."", ""Rationale: When several high-priority cues fire together, SAAM surfaces a composite intervention.""], ""teams_message"": ""**SAAM Intervention**\nCue: multi_cue\n\nMultiple issues detected:\n- Participation is critically low — the team may be disengaged.\n- A blocker has no owner — assign responsibility.\n\n**Reasoning Summary**\nRules triggered:\n- [participation_critical_threshold] Participation dropped below 25%, indicating widespread disengagement. (priority 5)\n- [blocker_missing_owner] Blocker owner is missing, preventing resolution. (priority 5)\n""}"
2026-05-23T07:23:50.948168+00:00,multi_cue,5,"Multiple issues detected:
- Participation is critically low — the team may be disengaged.
- A blocker has no owner — assign responsibility.","This intervention combines several high‑priority signals:
- [participation_critical_threshold] Participation dropped below 25%, indicating widespread disengagement.
- [blocker_missing_owner] Blocker owner is missing, preventing resolution.",multi_cue_composite,combined_signals,"When several high-priority cues fire together, SAAM surfaces a composite intervention.","{""rule_name"": ""multi_cue_composite"", ""rule_category"": ""combined_signals"", ""rationale"": ""When several high-priority cues fire together, SAAM surfaces a composite intervention."", ""cue"": ""multi_cue"", ""message"": ""Multiple issues detected:\n- Participation is critically low — the team may be disengaged.\n- A blocker has no owner — assign responsibility."", ""explanation"": ""This intervention combines several high‑priority signals:\n- [participation_critical_threshold] Participation dropped below 25%, indicating widespread disengagement.\n- [blocker_missing_owner] Blocker owner is missing, preventing resolution."", ""priority"": 5, ""contributing_rules"": [""participation_critical_threshold"", ""blocker_missing_owner""], ""reasoning_trace"": [""Rules triggered:"", ""- [participation_critical_threshold] Participation dropped below 25%, indicating widespread disengagement. (priority 5)"", ""- [blocker_missing_owner] Blocker owner is missing, preventing resolution. (priority 5)"", """", ""Multiple high-priority cues detected:"", ""- participation_critical_threshold"", ""- blocker_missing_owner"", """", ""Composite intervention created because multiple cues exceeded the severity threshold."", """", ""Final decision: [multi_cue_composite] with priority 5."", ""Rationale: When several high-priority cues fire together, SAAM surfaces a composite intervention.""], ""teams_message"": ""**SAAM Intervention**\nCue: multi_cue\n\nMultiple issues detected:\n- Participation is critically low — the team may be disengaged.\n- A blocker has no owner — assign responsibility.\n\n**Reasoning Summary**\nRules triggered:\n- [participation_critical_threshold] Participation dropped below 25%, indicating widespread disengagement. (priority 5)\n- [blocker_missing_owner] Blocker owner is missing, preventing resolution. (priority 5)\n""}"
2026-05-23T07:23:56.898910+00:00,multi_cue,5,"Multiple issues detected:
- Participation is critically low — the team may be disengaged.
- A blocker has no owner — assign responsibility.","This intervention combines several high‑priority signals:
- [participation_critical_threshold] Participation dropped below 25%, indicating widespread disengagement.
- [blocker_missing_owner] Blocker owner is missing, preventing resolution.",multi_cue_composite,combined_signals,"When several high-priority cues fire together, SAAM surfaces a composite intervention.","{""rule_name"": ""multi_cue_composite"", ""rule_category"": ""combined_signals"", ""rationale"": ""When several high-priority cues fire together, SAAM surfaces a composite intervention."", ""cue"": ""multi_cue"", ""message"": ""Multiple issues detected:\n- Participation is critically low — the team may be disengaged.\n- A blocker has no owner — assign responsibility."", ""explanation"": ""This intervention combines several high‑priority signals:\n- [participation_critical_threshold] Participation dropped below 25%, indicating widespread disengagement.\n- [blocker_missing_owner] Blocker owner is missing, preventing resolution."", ""priority"": 5, ""contributing_rules"": [""participation_critical_threshold"", ""blocker_missing_owner""], ""reasoning_trace"": [""Rules triggered:"", ""- [participation_critical_threshold] Participation dropped below 25%, indicating widespread disengagement. (priority 5)"", ""- [blocker_missing_owner] Blocker owner is missing, preventing resolution. (priority 5)"", """", ""Multiple high-priority cues detected:"", ""- participation_critical_threshold"", ""- blocker_missing_owner"", """", ""Composite intervention created because multiple cues exceeded the severity threshold."", """", ""Final decision: [multi_cue_composite] with priority 5."", ""Rationale: When several high-priority cues fire together, SAAM surfaces a composite intervention.""], ""teams_message"": ""**SAAM Intervention**\nCue: multi_cue\n\nMultiple issues detected:\n- Participation is critically low — the team may be disengaged.\n- A blocker has no owner — assign responsibility.\n\n**Reasoning Summary**\nRules triggered:\n- [participation_critical_threshold] Participation dropped below 25%, indicating widespread disengagement. (priority 5)\n- [blocker_missing_owner] Blocker owner is missing, preventing resolution. (priority 5)\n""}"
2026-05-23T07:23:57.760000+00:00,multi_cue,5,"Multiple issues detected:
- Participation is critically low — the team may be disengaged.
- A blocker has no owner — assign responsibility.","This intervention combines several high‑priority signals:
- [participation_critical_threshold] Participation dropped below 25%, indicating widespread disengagement.
- [blocker_missing_owner] Blocker owner is missing, preventing resolution.",multi_cue_composite,combined_signals,"When several high-priority cues fire together, SAAM surfaces a composite intervention.","{""rule_name"": ""multi_cue_composite"", ""rule_category"": ""combined_signals"", ""rationale"": ""When several high-priority cues fire together, SAAM surfaces a composite intervention."", ""cue"": ""multi_cue"", ""message"": ""Multiple issues detected:\n- Participation is critically low — the team may be disengaged.\n- A blocker has no owner — assign responsibility."", ""explanation"": ""This intervention combines several high‑priority signals:\n- [participation_critical_threshold] Participation dropped below 25%, indicating widespread disengagement.\n- [blocker_missing_owner] Blocker owner is missing, preventing resolution."", ""priority"": 5, ""contributing_rules"": [""participation_critical_threshold"", ""blocker_missing_owner""], ""reasoning_trace"": [""Rules triggered:"", ""- [participation_critical_threshold] Participation dropped below 25%, indicating widespread disengagement. (priority 5)"", ""- [blocker_missing_owner] Blocker owner is missing, preventing resolution. (priority 5)"", """", ""Multiple high-priority cues detected:"", ""- participation_critical_threshold"", ""- blocker_missing_owner"", """", ""Composite intervention created because multiple cues exceeded the severity threshold."", """", ""Final decision: [multi_cue_composite] with priority 5."", ""Rationale: When several high-priority cues fire together, SAAM surfaces a composite intervention.""], ""teams_message"": ""**SAAM Intervention**\nCue: multi_cue\n\nMultiple issues detected:\n- Participation is critically low — the team may be disengaged.\n- A blocker has no owner — assign responsibility.\n\n**Reasoning Summary**\nRules triggered:\n- [participation_critical_threshold] Participation dropped below 25%, indicating widespread disengagement. (priority 5)\n- [blocker_missing_owner] Blocker owner is missing, preventing resolution. (priority 5)\n""}"
2026-05-23T07:23:57.917115+00:00,multi_cue,5,"Multiple issues detected:
- Participation is critically low — the team may be disengaged.
- A blocker has no owner — assign responsibility.","This intervention combines several high‑priority signals:
- [participation_critical_threshold] Participation dropped below 25%, indicating widespread disengagement.
- [blocker_missing_owner] Blocker owner is missing, preventing resolution.",multi_cue_composite,combined_signals,"When several high-priority cues fire together, SAAM surfaces a composite intervention.","{""rule_name"": ""multi_cue_composite"", ""rule_category"": ""combined_signals"", ""rationale"": ""When several high-priority cues fire together, SAAM surfaces a composite intervention."", ""cue"": ""multi_cue"", ""message"": ""Multiple issues detected:\n- Participation is critically low — the team may be disengaged.\n- A blocker has no owner — assign responsibility."", ""explanation"": ""This intervention combines several high‑priority signals:\n- [participation_critical_threshold] Participation dropped below 25%, indicating widespread disengagement.\n- [blocker_missing_owner] Blocker owner is missing, preventing resolution."", ""priority"": 5, ""contributing_rules"": [""participation_critical_threshold"", ""blocker_missing_owner""], ""reasoning_trace"": [""Rules triggered:"", ""- [participation_critical_threshold] Participation dropped below 25%, indicating widespread disengagement. (priority 5)"", ""- [blocker_missing_owner] Blocker owner is missing, preventing resolution. (priority 5)"", """", ""Multiple high-priority cues detected:"", ""- participation_critical_threshold"", ""- blocker_missing_owner"", """", ""Composite intervention created because multiple cues exceeded the severity threshold."", """", ""Final decision: [multi_cue_composite] with priority 5."", ""Rationale: When several high-priority cues fire together, SAAM surfaces a composite intervention.""], ""teams_message"": ""**SAAM Intervention**\nCue: multi_cue\n\nMultiple issues detected:\n- Participation is critically low — the team may be disengaged.\n- A blocker has no owner — assign responsibility.\n\n**Reasoning Summary**\nRules triggered:\n- [participation_critical_threshold] Participation dropped below 25%, indicating widespread disengagement. (priority 5)\n- [blocker_missing_owner] Blocker owner is missing, preventing resolution. (priority 5)\n""}"
2026-05-23T08:45:27.021830+00:00,multi_cue,5,"Multiple issues detected:
- Participation is critically low — the team may be disengaged.
- A blocker has no owner — assign responsibility.","This intervention combines several high‑priority signals:
- [participation_critical_threshold] Participation dropped below 25%, indicating widespread disengagement.
- [blocker_missing_owner] Blocker owner is missing, preventing resolution.",multi_cue_composite,combined_signals,"When several high-priority cues fire together, SAAM surfaces a composite intervention.","{""rule_name"": ""multi_cue_composite"", ""rule_category"": ""combined_signals"", ""rationale"": ""When several high-priority cues fire together, SAAM surfaces a composite intervention."", ""cue"": ""multi_cue"", ""message"": ""Multiple issues detected:\n- Participation is critically low — the team may be disengaged.\n- A blocker has no owner — assign responsibility."", ""explanation"": ""This intervention combines several high‑priority signals:\n- [participation_critical_threshold] Participation dropped below 25%, indicating widespread disengagement.\n- [blocker_missing_owner] Blocker owner is missing, preventing resolution."", ""priority"": 5, ""contributing_rules"": [""participation_critical_threshold"", ""blocker_missing_owner""], ""reasoning_trace"": [""Rules triggered:"", ""- [participation_critical_threshold] Participation dropped below 25%, indicating widespread disengagement. (priority 5)"", ""- [blocker_missing_owner] Blocker owner is missing, preventing resolution. (priority 5)"", """", ""Multiple high-priority cues detected:"", ""- participation_critical_threshold"", ""- blocker_missing_owner"", """", ""Composite intervention created because multiple cues exceeded the severity threshold."", """", ""Final decision: [multi_cue_composite] with priority 5."", ""Rationale: When several high-priority cues fire together, SAAM surfaces a composite intervention.""], ""teams_message"": ""**SAAM Intervention**\nCue: multi_cue\n\nMultiple issues detected:\n- Participation is critically low — the team may be disengaged.\n- A blocker has no owner — assign responsibility.\n\n**Reasoning Summary**\nRules triggered:\n- [participation_critical_threshold] Participation dropped below 25%, indicating widespread disengagement. (priority 5)\n- [blocker_missing_owner] Blocker owner is missing, preventing resolution. (priority 5)\n""}"
2026-05-23T08:45:30.668142+00:00,multi_cue,5,"Multiple issues detected:
- Participation is critically low — the team may be disengaged.
- A blocker has no owner — assign responsibility.","This intervention combines several high‑priority signals:
- [participation_critical_threshold] Participation dropped below 25%, indicating widespread disengagement.
- [blocker_missing_owner] Blocker owner is missing, preventing resolution.",multi_cue_composite,combined_signals,"When several high-priority cues fire together, SAAM surfaces a composite intervention.","{""rule_name"": ""multi_cue_composite"", ""rule_category"": ""combined_signals"", ""rationale"": ""When several high-priority cues fire together, SAAM surfaces a composite intervention."", ""cue"": ""multi_cue"", ""message"": ""Multiple issues detected:\n- Participation is critically low — the team may be disengaged.\n- A blocker has no owner — assign responsibility."", ""explanation"": ""This intervention combines several high‑priority signals:\n- [participation_critical_threshold] Participation dropped below 25%, indicating widespread disengagement.\n- [blocker_missing_owner] Blocker owner is missing, preventing resolution."", ""priority"": 5, ""contributing_rules"": [""participation_critical_threshold"", ""blocker_missing_owner""], ""reasoning_trace"": [""Rules triggered:"", ""- [participation_critical_threshold] Participation dropped below 25%, indicating widespread disengagement. (priority 5)"", ""- [blocker_missing_owner] Blocker owner is missing, preventing resolution. (priority 5)"", """", ""Multiple high-priority cues detected:"", ""- participation_critical_threshold"", ""- blocker_missing_owner"", """", ""Composite intervention created because multiple cues exceeded the severity threshold."", """", ""Final decision: [multi_cue_composite] with priority 5."", ""Rationale: When several high-priority cues fire together, SAAM surfaces a composite intervention.""], ""teams_message"": ""**SAAM Intervention**\nCue: multi_cue\n\nMultiple issues detected:\n- Participation is critically low — the team may be disengaged.\n- A blocker has no owner — assign responsibility.\n\n**Reasoning Summary**\nRules triggered:\n- [participation_critical_threshold] Participation dropped below 25%, indicating widespread disengagement. (priority 5)\n- [blocker_missing_owner] Blocker owner is missing, preventing resolution. (priority 5)\n""}"
2026-05-23T08:45:30.953145+00:00,multi_cue,5,"Multiple issues detected:
- Participation is critically low — the team may be disengaged.
- A blocker has no owner — assign responsibility.","This intervention combines several high‑priority signals:
- [participation_critical_threshold] Participation dropped below 25%, indicating widespread disengagement.
- [blocker_missing_owner] Blocker owner is missing, preventing resolution.",multi_cue_composite,combined_signals,"When several high-priority cues fire together, SAAM surfaces a composite intervention.","{""rule_name"": ""multi_cue_composite"", ""rule_category"": ""combined_signals"", ""rationale"": ""When several high-priority cues fire together, SAAM surfaces a composite intervention."", ""cue"": ""multi_cue"", ""message"": ""Multiple issues detected:\n- Participation is critically low — the team may be disengaged.\n- A blocker has no owner — assign responsibility."", ""explanation"": ""This intervention combines several high‑priority signals:\n- [participation_critical_threshold] Participation dropped below 25%, indicating widespread disengagement.\n- [blocker_missing_owner] Blocker owner is missing, preventing resolution."", ""priority"": 5, ""contributing_rules"": [""participation_critical_threshold"", ""blocker_missing_owner""], ""reasoning_trace"": [""Rules triggered:"", ""- [participation_critical_threshold] Participation dropped below 25%, indicating widespread disengagement. (priority 5)"", ""- [blocker_missing_owner] Blocker owner is missing, preventing resolution. (priority 5)"", """", ""Multiple high-priority cues detected:"", ""- participation_critical_threshold"", ""- blocker_missing_owner"", """", ""Composite intervention created because multiple cues exceeded the severity threshold."", """", ""Final decision: [multi_cue_composite] with priority 5."", ""Rationale: When several high-priority cues fire together, SAAM surfaces a composite intervention.""], ""teams_message"": ""**SAAM Intervention**\nCue: multi_cue\n\nMultiple issues detected:\n- Participation is critically low — the team may be disengaged.\n- A blocker has no owner — assign responsibility.\n\n**Reasoning Summary**\nRules triggered:\n- [participation_critical_threshold] Participation dropped below 25%, indicating widespread disengagement. (priority 5)\n- [blocker_missing_owner] Blocker owner is missing, preventing resolution. (priority 5)\n""}"
2026-05-23T09:41:04.773976+00:00,multi_cue,5,"Multiple issues detected:
- Participation is critically low — the team may be disengaged.
- A blocker has no owner — assign responsibility.","This intervention combines several high‑priority signals:
- [participation_critical_threshold] Participation dropped below 25%, indicating widespread disengagement.
- [blocker_missing_owner] Blocker owner is missing, preventing resolution.",multi_cue_composite,combined_signals,"When several high-priority cues fire together, SAAM surfaces a composite intervention.","{""rule_name"": ""multi_cue_composite"", ""rule_category"": ""combined_signals"", ""rationale"": ""When several high-priority cues fire together, SAAM surfaces a composite intervention."", ""cue"": ""multi_cue"", ""message"": ""Multiple issues detected:\n- Participation is critically low — the team may be disengaged.\n- A blocker has no owner — assign responsibility."", ""explanation"": ""This intervention combines several high‑priority signals:\n- [participation_critical_threshold] Participation dropped below 25%, indicating widespread disengagement.\n- [blocker_missing_owner] Blocker owner is missing, preventing resolution."", ""priority"": 5, ""contributing_rules"": [""participation_critical_threshold"", ""blocker_missing_owner""], ""reasoning_trace"": [""Rules triggered:"", ""- [participation_critical_threshold] Participation dropped below 25%, indicating widespread disengagement. (priority 5)"", ""- [blocker_missing_owner] Blocker owner is missing, preventing resolution. (priority 5)"", """", ""Multiple high-priority cues detected:"", ""- participation_critical_threshold"", ""- blocker_missing_owner"", """", ""Composite intervention created because multiple cues exceeded the severity threshold."", """", ""Final decision: [multi_cue_composite] with priority 5."", ""Rationale: When several high-priority cues fire together, SAAM surfaces a composite intervention.""], ""teams_message"": ""**SAAM Intervention**\nCue: multi_cue\n\nMultiple issues detected:\n- Participation is critically low — the team may be disengaged.\n- A blocker has no owner — assign responsibility.\n\n**Reasoning Summary**\nRules triggered:\n- [participation_critical_threshold] Participation dropped below 25%, indicating widespread disengagement. (priority 5)\n- [blocker_missing_owner] Blocker owner is missing, preventing resolution. (priority 5)\n""}"
2026-05-23T09:41:09.313067+00:00,multi_cue,5,"Multiple issues detected:
- Participation is critically low — the team may be disengaged.
- A blocker has no owner — assign responsibility.","This intervention combines several high‑priority signals:
- [participation_critical_threshold] Participation dropped below 25%, indicating widespread disengagement.
- [blocker_missing_owner] Blocker owner is missing, preventing resolution.",multi_cue_composite,combined_signals,"When several high-priority cues fire together, SAAM surfaces a composite intervention.","{""rule_name"": ""multi_cue_composite"", ""rule_category"": ""combined_signals"", ""rationale"": ""When several high-priority cues fire together, SAAM surfaces a composite intervention."", ""cue"": ""multi_cue"", ""message"": ""Multiple issues detected:\n- Participation is critically low — the team may be disengaged.\n- A blocker has no owner — assign responsibility."", ""explanation"": ""This intervention combines several high‑priority signals:\n- [participation_critical_threshold] Participation dropped below 25%, indicating widespread disengagement.\n- [blocker_missing_owner] Blocker owner is missing, preventing resolution."", ""priority"": 5, ""contributing_rules"": [""participation_critical_threshold"", ""blocker_missing_owner""], ""reasoning_trace"": [""Rules triggered:"", ""- [participation_critical_threshold] Participation dropped below 25%, indicating widespread disengagement. (priority 5)"", ""- [blocker_missing_owner] Blocker owner is missing, preventing resolution. (priority 5)"", """", ""Multiple high-priority cues detected:"", ""- participation_critical_threshold"", ""- blocker_missing_owner"", """", ""Composite intervention created because multiple cues exceeded the severity threshold."", """", ""Final decision: [multi_cue_composite] with priority 5."", ""Rationale: When several high-priority cues fire together, SAAM surfaces a composite intervention.""], ""teams_message"": ""**SAAM Intervention**\nCue: multi_cue\n\nMultiple issues detected:\n- Participation is critically low — the team may be disengaged.\n- A blocker has no owner — assign responsibility.\n\n**Reasoning Summary**\nRules triggered:\n- [participation_critical_threshold] Participation dropped below 25%, indicating widespread disengagement. (priority 5)\n- [blocker_missing_owner] Blocker owner is missing, preventing resolution. (priority 5)\n""}"
2026-05-23T09:41:11.290498+00:00,multi_cue,5,"Multiple issues detected:
- Participation is critically low — the team may be disengaged.
- A blocker has no owner — assign responsibility.","This intervention combines several high‑priority signals:
- [participation_critical_threshold] Participation dropped below 25%, indicating widespread disengagement.
- [blocker_missing_owner] Blocker owner is missing, preventing resolution.",multi_cue_composite,combined_signals,"When several high-priority cues fire together, SAAM surfaces a composite intervention.","{""rule_name"": ""multi_cue_composite"", ""rule_category"": ""combined_signals"", ""rationale"": ""When several high-priority cues fire together, SAAM surfaces a composite intervention."", ""cue"": ""multi_cue"", ""message"": ""Multiple issues detected:\n- Participation is critically low — the team may be disengaged.\n- A blocker has no owner — assign responsibility."", ""explanation"": ""This intervention combines several high‑priority signals:\n- [participation_critical_threshold] Participation dropped below 25%, indicating widespread disengagement.\n- [blocker_missing_owner] Blocker owner is missing, preventing resolution."", ""priority"": 5, ""contributing_rules"": [""participation_critical_threshold"", ""blocker_missing_owner""], ""reasoning_trace"": [""Rules triggered:"", ""- [participation_critical_threshold] Participation dropped below 25%, indicating widespread disengagement. (priority 5)"", ""- [blocker_missing_owner] Blocker owner is missing, preventing resolution. (priority 5)"", """", ""Multiple high-priority cues detected:"", ""- participation_critical_threshold"", ""- blocker_missing_owner"", """", ""Composite intervention created because multiple cues exceeded the severity threshold."", """", ""Final decision: [multi_cue_composite] with priority 5."", ""Rationale: When several high-priority cues fire together, SAAM surfaces a composite intervention.""], ""teams_message"": ""**SAAM Intervention**\nCue: multi_cue\n\nMultiple issues detected:\n- Participation is critically low — the team may be disengaged.\n- A blocker has no owner — assign responsibility.\n\n**Reasoning Summary**\nRules triggered:\n- [participation_critical_threshold] Participation dropped below 25%, indicating widespread disengagement. (priority 5)\n- [blocker_missing_owner] Blocker owner is missing, preventing resolution. (priority 5)\n""}"
2026-05-23T09:41:12.748383+00:00,multi_cue,5,"Multiple issues detected:
- Participation is critically low — the team may be disengaged.
- A blocker has no owner — assign responsibility.","This intervention combines several high‑priority signals:
- [participation_critical_threshold] Participation dropped below 25%, indicating widespread disengagement.
- [blocker_missing_owner] Blocker owner is missing, preventing resolution.",multi_cue_composite,combined_signals,"When several high-priority cues fire together, SAAM surfaces a composite intervention.","{""rule_name"": ""multi_cue_composite"", ""rule_category"": ""combined_signals"", ""rationale"": ""When several high-priority cues fire together, SAAM surfaces a composite intervention."", ""cue"": ""multi_cue"", ""message"": ""Multiple issues detected:\n- Participation is critically low — the team may be disengaged.\n- A blocker has no owner — assign responsibility."", ""explanation"": ""This intervention combines several high‑priority signals:\n- [participation_critical_threshold] Participation dropped below 25%, indicating widespread disengagement.\n- [blocker_missing_owner] Blocker owner is missing, preventing resolution."", ""priority"": 5, ""contributing_rules"": [""participation_critical_threshold"", ""blocker_missing_owner""], ""reasoning_trace"": [""Rules triggered:"", ""- [participation_critical_threshold] Participation dropped below 25%, indicating widespread disengagement. (priority 5)"", ""- [blocker_missing_owner] Blocker owner is missing, preventing resolution. (priority 5)"", """", ""Multiple high-priority cues detected:"", ""- participation_critical_threshold"", ""- blocker_missing_owner"", """", ""Composite intervention created because multiple cues exceeded the severity threshold."", """", ""Final decision: [multi_cue_composite] with priority 5."", ""Rationale: When several high-priority cues fire together, SAAM surfaces a composite intervention.""], ""teams_message"": ""**SAAM Intervention**\nCue: multi_cue\n\nMultiple issues detected:\n- Participation is critically low — the team may be disengaged.\n- A blocker has no owner — assign responsibility.\n\n**Reasoning Summary**\nRules triggered:\n- [participation_critical_threshold] Participation dropped below 25%, indicating widespread disengagement. (priority 5)\n- [blocker_missing_owner] Blocker owner is missing, preventing resolution. (priority 5)\n""}"
2026-05-23T09:41:33.608366+00:00,multi_cue,5,"Multiple issues detected:
- Participation is critically low — the team may be disengaged.
- A blocker has no owner — assign responsibility.","This intervention combines several high‑priority signals:
- [participation_critical_threshold] Participation dropped below 25%, indicating widespread disengagement.
- [blocker_missing_owner] Blocker owner is missing, preventing resolution.",multi_cue_composite,combined_signals,"When several high-priority cues fire together, SAAM surfaces a composite intervention.","{""rule_name"": ""multi_cue_composite"", ""rule_category"": ""combined_signals"", ""rationale"": ""When several high-priority cues fire together, SAAM surfaces a composite intervention."", ""cue"": ""multi_cue"", ""message"": ""Multiple issues detected:\n- Participation is critically low — the team may be disengaged.\n- A blocker has no owner — assign responsibility."", ""explanation"": ""This intervention combines several high‑priority signals:\n- [participation_critical_threshold] Participation dropped below 25%, indicating widespread disengagement.\n- [blocker_missing_owner] Blocker owner is missing, preventing resolution."", ""priority"": 5, ""contributing_rules"": [""participation_critical_threshold"", ""blocker_missing_owner""], ""reasoning_trace"": [""Rules triggered:"", ""- [participation_critical_threshold] Participation dropped below 25%, indicating widespread disengagement. (priority 5)"", ""- [blocker_missing_owner] Blocker owner is missing, preventing resolution. (priority 5)"", """", ""Multiple high-priority cues detected:"", ""- participation_critical_threshold"", ""- blocker_missing_owner"", """", ""Composite intervention created because multiple cues exceeded the severity threshold."", """", ""Final decision: [multi_cue_composite] with priority 5."", ""Rationale: When several high-priority cues fire together, SAAM surfaces a composite intervention.""], ""teams_message"": ""**SAAM Intervention**\nCue: multi_cue\n\nMultiple issues detected:\n- Participation is critically low — the team may be disengaged.\n- A blocker has no owner — assign responsibility.\n\n**Reasoning Summary**\nRules triggered:\n- [participation_critical_threshold] Participation dropped below 25%, indicating widespread disengagement. (priority 5)\n- [blocker_missing_owner] Blocker owner is missing, preventing resolution. (priority 5)\n""}"
2026-05-23T09:41:36.330863+00:00,multi_cue,5,"Multiple issues detected:
- Participation is critically low — the team may be disengaged.
- A blocker has no owner — assign responsibility.","This intervention combines several high‑priority signals:
- [participation_critical_threshold] Participation dropped below 25%, indicating widespread disengagement.
- [blocker_missing_owner] Blocker owner is missing, preventing resolution.",multi_cue_composite,combined_signals,"When several high-priority cues fire together, SAAM surfaces a composite intervention.","{""rule_name"": ""multi_cue_composite"", ""rule_category"": ""combined_signals"", ""rationale"": ""When several high-priority cues fire together, SAAM surfaces a composite intervention."", ""cue"": ""multi_cue"", ""message"": ""Multiple issues detected:\n- Participation is critically low — the team may be disengaged.\n- A blocker has no owner — assign responsibility."", ""explanation"": ""This intervention combines several high‑priority signals:\n- [participation_critical_threshold] Participation dropped below 25%, indicating widespread disengagement.\n- [blocker_missing_owner] Blocker owner is missing, preventing resolution."", ""priority"": 5, ""contributing_rules"": [""participation_critical_threshold"", ""blocker_missing_owner""], ""reasoning_trace"": [""Rules triggered:"", ""- [participation_critical_threshold] Participation dropped below 25%, indicating widespread disengagement. (priority 5)"", ""- [blocker_missing_owner] Blocker owner is missing, preventing resolution. (priority 5)"", """", ""Multiple high-priority cues detected:"", ""- participation_critical_threshold"", ""- blocker_missing_owner"", """", ""Composite intervention created because multiple cues exceeded the severity threshold."", """", ""Final decision: [multi_cue_composite] with priority 5."", ""Rationale: When several high-priority cues fire together, SAAM surfaces a composite intervention.""], ""teams_message"": ""**SAAM Intervention**\nCue: multi_cue\n\nMultiple issues detected:\n- Participation is critically low — the team may be disengaged.\n- A blocker has no owner — assign responsibility.\n\n**Reasoning Summary**\nRules triggered:\n- [participation_critical_threshold] Participation dropped below 25%, indicating widespread disengagement. (priority 5)\n- [blocker_missing_owner] Blocker owner is missing, preventing resolution. (priority 5)\n""}"
2026-05-23T09:41:36.561461+00:00,multi_cue,5,"Multiple issues detected:
- Participation is critically low — the team may be disengaged.
- A blocker has no owner — assign responsibility.","This intervention combines several high‑priority signals:
- [participation_critical_threshold] Participation dropped below 25%, indicating widespread disengagement.
- [blocker_missing_owner] Blocker owner is missing, preventing resolution.",multi_cue_composite,combined_signals,"When several high-priority cues fire together, SAAM surfaces a composite intervention.","{""rule_name"": ""multi_cue_composite"", ""rule_category"": ""combined_signals"", ""rationale"": ""When several high-priority cues fire together, SAAM surfaces a composite intervention."", ""cue"": ""multi_cue"", ""message"": ""Multiple issues detected:\n- Participation is critically low — the team may be disengaged.\n- A blocker has no owner — assign responsibility."", ""explanation"": ""This intervention combines several high‑priority signals:\n- [participation_critical_threshold] Participation dropped below 25%, indicating widespread disengagement.\n- [blocker_missing_owner] Blocker owner is missing, preventing resolution."", ""priority"": 5, ""contributing_rules"": [""participation_critical_threshold"", ""blocker_missing_owner""], ""reasoning_trace"": [""Rules triggered:"", ""- [participation_critical_threshold] Participation dropped below 25%, indicating widespread disengagement. (priority 5)"", ""- [blocker_missing_owner] Blocker owner is missing, preventing resolution. (priority 5)"", """", ""Multiple high-priority cues detected:"", ""- participation_critical_threshold"", ""- blocker_missing_owner"", """", ""Composite intervention created because multiple cues exceeded the severity threshold."", """", ""Final decision: [multi_cue_composite] with priority 5."", ""Rationale: When several high-priority cues fire together, SAAM surfaces a composite intervention.""], ""teams_message"": ""**SAAM Intervention**\nCue: multi_cue\n\nMultiple issues detected:\n- Participation is critically low — the team may be disengaged.\n- A blocker has no owner — assign responsibility.\n\n**Reasoning Summary**\nRules triggered:\n- [participation_critical_threshold] Participation dropped below 25%, indicating widespread disengagement. (priority 5)\n- [blocker_missing_owner] Blocker owner is missing, preventing resolution. (priority 5)\n""}"
2026-05-23T09:54:36.685871+00:00,multi_cue,5,"Multiple issues detected:
- Participation is critically low — the team may be disengaged.
- A blocker has no owner — assign responsibility.","This intervention combines several high‑priority signals:
- [participation_critical_threshold] Participation dropped below 25%, indicating widespread disengagement.
- [blocker_missing_owner] Blocker owner is missing, preventing resolution.",multi_cue_composite,combined_signals,"When several high-priority cues fire together, SAAM surfaces a composite intervention.","{""rule_name"": ""multi_cue_composite"", ""rule_category"": ""combined_signals"", ""rationale"": ""When several high-priority cues fire together, SAAM surfaces a composite intervention."", ""cue"": ""multi_cue"", ""message"": ""Multiple issues detected:\n- Participation is critically low — the team may be disengaged.\n- A blocker has no owner — assign responsibility."", ""explanation"": ""This intervention combines several high‑priority signals:\n- [participation_critical_threshold] Participation dropped below 25%, indicating widespread disengagement.\n- [blocker_missing_owner] Blocker owner is missing, preventing resolution."", ""priority"": 5, ""contributing_rules"": [""participation_critical_threshold"", ""blocker_missing_owner""], ""reasoning_trace"": [""Rules triggered:"", ""- [participation_critical_threshold] Participation dropped below 25%, indicating widespread disengagement. (priority 5)"", ""- [blocker_missing_owner] Blocker owner is missing, preventing resolution. (priority 5)"", """", ""Multiple high-priority cues detected:"", ""- participation_critical_threshold"", ""- blocker_missing_owner"", """", ""Composite intervention created because multiple cues exceeded the severity threshold."", """", ""Final decision: [multi_cue_composite] with priority 5."", ""Rationale: When several high-priority cues fire together, SAAM surfaces a composite intervention.""], ""teams_message"": ""**SAAM Intervention**\nCue: multi_cue\n\nMultiple issues detected:\n- Participation is critically low — the team may be disengaged.\n- A blocker has no owner — assign responsibility.\n\n**Reasoning Summary**\nRules triggered:\n- [participation_critical_threshold] Participation dropped below 25%, indicating widespread disengagement. (priority 5)\n- [blocker_missing_owner] Blocker owner is missing, preventing resolution. (priority 5)\n""}"
2026-05-23T09:54:43.090343+00:00,multi_cue,5,"Multiple issues detected:
- Participation is critically low — the team may be disengaged.
- A blocker has no owner — assign responsibility.","This intervention combines several high‑priority signals:
- [participation_critical_threshold] Participation dropped below 25%, indicating widespread disengagement.
- [blocker_missing_owner] Blocker owner is missing, preventing resolution.",multi_cue_composite,combined_signals,"When several high-priority cues fire together, SAAM surfaces a composite intervention.","{""rule_name"": ""multi_cue_composite"", ""rule_category"": ""combined_signals"", ""rationale"": ""When several high-priority cues fire together, SAAM surfaces a composite intervention."", ""cue"": ""multi_cue"", ""message"": ""Multiple issues detected:\n- Participation is critically low — the team may be disengaged.\n- A blocker has no owner — assign responsibility."", ""explanation"": ""This intervention combines several high‑priority signals:\n- [participation_critical_threshold] Participation dropped below 25%, indicating widespread disengagement.\n- [blocker_missing_owner] Blocker owner is missing, preventing resolution."", ""priority"": 5, ""contributing_rules"": [""participation_critical_threshold"", ""blocker_missing_owner""], ""reasoning_trace"": [""Rules triggered:"", ""- [participation_critical_threshold] Participation dropped below 25%, indicating widespread disengagement. (priority 5)"", ""- [blocker_missing_owner] Blocker owner is missing, preventing resolution. (priority 5)"", """", ""Multiple high-priority cues detected:"", ""- participation_critical_threshold"", ""- blocker_missing_owner"", """", ""Composite intervention created because multiple cues exceeded the severity threshold."", """", ""Final decision: [multi_cue_composite] with priority 5."", ""Rationale: When several high-priority cues fire together, SAAM surfaces a composite intervention.""], ""teams_message"": ""**SAAM Intervention**\nCue: multi_cue\n\nMultiple issues detected:\n- Participation is critically low — the team may be disengaged.\n- A blocker has no owner — assign responsibility.\n\n**Reasoning Summary**\nRules triggered:\n- [participation_critical_threshold] Participation dropped below 25%, indicating widespread disengagement. (priority 5)\n- [blocker_missing_owner] Blocker owner is missing, preventing resolution. (priority 5)\n""}"
2026-05-23T09:54:45.131008+00:00,multi_cue,5,"Multiple issues detected:
- Participation is critically low — the team may be disengaged.
- A blocker has no owner — assign responsibility.","This intervention combines several high‑priority signals:
- [participation_critical_threshold] Participation dropped below 25%, indicating widespread disengagement.
- [blocker_missing_owner] Blocker owner is missing, preventing resolution.",multi_cue_composite,combined_signals,"When several high-priority cues fire together, SAAM surfaces a composite intervention.","{""rule_name"": ""multi_cue_composite"", ""rule_category"": ""combined_signals"", ""rationale"": ""When several high-priority cues fire together, SAAM surfaces a composite intervention."", ""cue"": ""multi_cue"", ""message"": ""Multiple issues detected:\n- Participation is critically low — the team may be disengaged.\n- A blocker has no owner — assign responsibility."", ""explanation"": ""This intervention combines several high‑priority signals:\n- [participation_critical_threshold] Participation dropped below 25%, indicating widespread disengagement.\n- [blocker_missing_owner] Blocker owner is missing, preventing resolution."", ""priority"": 5, ""contributing_rules"": [""participation_critical_threshold"", ""blocker_missing_owner""], ""reasoning_trace"": [""Rules triggered:"", ""- [participation_critical_threshold] Participation dropped below 25%, indicating widespread disengagement. (priority 5)"", ""- [blocker_missing_owner] Blocker owner is missing, preventing resolution. (priority 5)"", """", ""Multiple high-priority cues detected:"", ""- participation_critical_threshold"", ""- blocker_missing_owner"", """", ""Composite intervention created because multiple cues exceeded the severity threshold."", """", ""Final decision: [multi_cue_composite] with priority 5."", ""Rationale: When several high-priority cues fire together, SAAM surfaces a composite intervention.""], ""teams_message"": ""**SAAM Intervention**\nCue: multi_cue\n\nMultiple issues detected:\n- Participation is critically low — the team may be disengaged.\n- A blocker has no owner — assign responsibility.\n\n**Reasoning Summary**\nRules triggered:\n- [participation_critical_threshold] Participation dropped below 25%, indicating widespread disengagement. (priority 5)\n- [blocker_missing_owner] Blocker owner is missing, preventing resolution. (priority 5)\n""}"
2026-05-23T09:54:46.383405+00:00,multi_cue,5,"Multiple issues detected:
- Participation is critically low — the team may be disengaged.
- A blocker has no owner — assign responsibility.","This intervention combines several high‑priority signals:
- [participation_critical_threshold] Participation dropped below 25%, indicating widespread disengagement.
- [blocker_missing_owner] Blocker owner is missing, preventing resolution.",multi_cue_composite,combined_signals,"When several high-priority cues fire together, SAAM surfaces a composite intervention.","{""rule_name"": ""multi_cue_composite"", ""rule_category"": ""combined_signals"", ""rationale"": ""When several high-priority cues fire together, SAAM surfaces a composite intervention."", ""cue"": ""multi_cue"", ""message"": ""Multiple issues detected:\n- Participation is critically low — the team may be disengaged.\n- A blocker has no owner — assign responsibility."", ""explanation"": ""This intervention combines several high‑priority signals:\n- [participation_critical_threshold] Participation dropped below 25%, indicating widespread disengagement.\n- [blocker_missing_owner] Blocker owner is missing, preventing resolution."", ""priority"": 5, ""contributing_rules"": [""participation_critical_threshold"", ""blocker_missing_owner""], ""reasoning_trace"": [""Rules triggered:"", ""- [participation_critical_threshold] Participation dropped below 25%, indicating widespread disengagement. (priority 5)"", ""- [blocker_missing_owner] Blocker owner is missing, preventing resolution. (priority 5)"", """", ""Multiple high-priority cues detected:"", ""- participation_critical_threshold"", ""- blocker_missing_owner"", """", ""Composite intervention created because multiple cues exceeded the severity threshold."", """", ""Final decision: [multi_cue_composite] with priority 5."", ""Rationale: When several high-priority cues fire together, SAAM surfaces a composite intervention.""], ""teams_message"": ""**SAAM Intervention**\nCue: multi_cue\n\nMultiple issues detected:\n- Participation is critically low — the team may be disengaged.\n- A blocker has no owner — assign responsibility.\n\n**Reasoning Summary**\nRules triggered:\n- [participation_critical_threshold] Participation dropped below 25%, indicating widespread disengagement. (priority 5)\n- [blocker_missing_owner] Blocker owner is missing, preventing resolution. (priority 5)\n""}"
2026-05-23T10:05:30.116117+00:00,multi_cue,5,"Multiple issues detected:
- Participation is critically low — the team may be disengaged.
- A blocker has no owner — assign responsibility.","This intervention combines several high‑priority signals:
- [participation_critical_threshold] Participation dropped below 25%, indicating widespread disengagement.
- [blocker_missing_owner] Blocker owner is missing, preventing resolution.",multi_cue_composite,combined_signals,"When several high-priority cues fire together, SAAM surfaces a composite intervention.","{""rule_name"": ""multi_cue_composite"", ""rule_category"": ""combined_signals"", ""rationale"": ""When several high-priority cues fire together, SAAM surfaces a composite intervention."", ""cue"": ""multi_cue"", ""message"": ""Multiple issues detected:\n- Participation is critically low — the team may be disengaged.\n- A blocker has no owner — assign responsibility."", ""explanation"": ""This intervention combines several high‑priority signals:\n- [participation_critical_threshold] Participation dropped below 25%, indicating widespread disengagement.\n- [blocker_missing_owner] Blocker owner is missing, preventing resolution."", ""priority"": 5, ""contributing_rules"": [""participation_critical_threshold"", ""blocker_missing_owner""], ""reasoning_trace"": [""Rules triggered:"", ""- [participation_critical_threshold] Participation dropped below 25%, indicating widespread disengagement. (priority 5)"", ""- [blocker_missing_owner] Blocker owner is missing, preventing resolution. (priority 5)"", """", ""Multiple high-priority cues detected:"", ""- participation_critical_threshold"", ""- blocker_missing_owner"", """", ""Composite intervention created because multiple cues exceeded the severity threshold."", """", ""Final decision: [multi_cue_composite] with priority 5."", ""Rationale: When several high-priority cues fire together, SAAM surfaces a composite intervention.""], ""teams_message"": ""**SAAM Intervention**\nCue: multi_cue\n\nMultiple issues detected:\n- Participation is critically low — the team may be disengaged.\n- A blocker has no owner — assign responsibility.\n\n**Reasoning Summary**\nRules triggered:\n- [participation_critical_threshold] Participation dropped below 25%, indicating widespread disengagement. (priority 5)\n- [blocker_missing_owner] Blocker owner is missing, preventing resolution. (priority 5)\n""}"
2026-05-23T10:05:40.727142+00:00,multi_cue,5,"Multiple issues detected:
- Participation is critically low — the team may be disengaged.
- A blocker has no owner — assign responsibility.","This intervention combines several high‑priority signals:
- [participation_critical_threshold] Participation dropped below 25%, indicating widespread disengagement.
- [blocker_missing_owner] Blocker owner is missing, preventing resolution.",multi_cue_composite,combined_signals,"When several high-priority cues fire together, SAAM surfaces a composite intervention.","{""rule_name"": ""multi_cue_composite"", ""rule_category"": ""combined_signals"", ""rationale"": ""When several high-priority cues fire together, SAAM surfaces a composite intervention."", ""cue"": ""multi_cue"", ""message"": ""Multiple issues detected:\n- Participation is critically low — the team may be disengaged.\n- A blocker has no owner — assign responsibility."", ""explanation"": ""This intervention combines several high‑priority signals:\n- [participation_critical_threshold] Participation dropped below 25%, indicating widespread disengagement.\n- [blocker_missing_owner] Blocker owner is missing, preventing resolution."", ""priority"": 5, ""contributing_rules"": [""participation_critical_threshold"", ""blocker_missing_owner""], ""reasoning_trace"": [""Rules triggered:"", ""- [participation_critical_threshold] Participation dropped below 25%, indicating widespread disengagement. (priority 5)"", ""- [blocker_missing_owner] Blocker owner is missing, preventing resolution. (priority 5)"", """", ""Multiple high-priority cues detected:"", ""- participation_critical_threshold"", ""- blocker_missing_owner"", """", ""Composite intervention created because multiple cues exceeded the severity threshold."", """", ""Final decision: [multi_cue_composite] with priority 5."", ""Rationale: When several high-priority cues fire together, SAAM surfaces a composite intervention.""], ""teams_message"": ""**SAAM Intervention**\nCue: multi_cue\n\nMultiple issues detected:\n- Participation is critically low — the team may be disengaged.\n- A blocker has no owner — assign responsibility.\n\n**Reasoning Summary**\nRules triggered:\n- [participation_critical_threshold] Participation dropped below 25%, indicating widespread disengagement. (priority 5)\n- [blocker_missing_owner] Blocker owner is missing, preventing resolution. (priority 5)\n""}"
2026-05-23T10:08:28.511419+00:00,multi_cue,5,"Multiple issues detected:
- Participation is critically low — the team may be disengaged.
- A blocker has no owner — assign responsibility.","This intervention combines several high‑priority signals:
- [participation_critical_threshold] Participation dropped below 25%, indicating widespread disengagement.
- [blocker_missing_owner] Blocker owner is missing, preventing resolution.",multi_cue_composite,combined_signals,"When several high-priority cues fire together, SAAM surfaces a composite intervention.","{""rule_name"": ""multi_cue_composite"", ""rule_category"": ""combined_signals"", ""rationale"": ""When several high-priority cues fire together, SAAM surfaces a composite intervention."", ""cue"": ""multi_cue"", ""message"": ""Multiple issues detected:\n- Participation is critically low — the team may be disengaged.\n- A blocker has no owner — assign responsibility."", ""explanation"": ""This intervention combines several high‑priority signals:\n- [participation_critical_threshold] Participation dropped below 25%, indicating widespread disengagement.\n- [blocker_missing_owner] Blocker owner is missing, preventing resolution."", ""priority"": 5, ""contributing_rules"": [""participation_critical_threshold"", ""blocker_missing_owner""], ""reasoning_trace"": [""Rules triggered:"", ""- [participation_critical_threshold] Participation dropped below 25%, indicating widespread disengagement. (priority 5)"", ""- [blocker_missing_owner] Blocker owner is missing, preventing resolution. (priority 5)"", """", ""Multiple high-priority cues detected:"", ""- participation_critical_threshold"", ""- blocker_missing_owner"", """", ""Composite intervention created because multiple cues exceeded the severity threshold."", """", ""Final decision: [multi_cue_composite] with priority 5."", ""Rationale: When several high-priority cues fire together, SAAM surfaces a composite intervention.""], ""teams_message"": ""**SAAM Intervention**\nCue: multi_cue\n\nMultiple issues detected:\n- Participation is critically low — the team may be disengaged.\n- A blocker has no owner — assign responsibility.\n\n**Reasoning Summary**\nRules triggered:\n- [participation_critical_threshold] Participation dropped below 25%, indicating widespread disengagement. (priority 5)\n- [blocker_missing_owner] Blocker owner is missing, preventing resolution. (priority 5)\n""}"
2026-05-23T10:08:54.777197+00:00,multi_cue,5,"Multiple issues detected:
- Participation is critically low — the team may be disengaged.
- A blocker has no owner — assign responsibility.","This intervention combines several high‑priority signals:
- [participation_critical_threshold] Participation dropped below 25%, indicating widespread disengagement.
- [blocker_missing_owner] Blocker owner is missing, preventing resolution.",multi_cue_composite,combined_signals,"When several high-priority cues fire together, SAAM surfaces a composite intervention.","{""rule_name"": ""multi_cue_composite"", ""rule_category"": ""combined_signals"", ""rationale"": ""When several high-priority cues fire together, SAAM surfaces a composite intervention."", ""cue"": ""multi_cue"", ""message"": ""Multiple issues detected:\n- Participation is critically low — the team may be disengaged.\n- A blocker has no owner — assign responsibility."", ""explanation"": ""This intervention combines several high‑priority signals:\n- [participation_critical_threshold] Participation dropped below 25%, indicating widespread disengagement.\n- [blocker_missing_owner] Blocker owner is missing, preventing resolution."", ""priority"": 5, ""contributing_rules"": [""participation_critical_threshold"", ""blocker_missing_owner""], ""reasoning_trace"": [""Rules triggered:"", ""- [participation_critical_threshold] Participation dropped below 25%, indicating widespread disengagement. (priority 5)"", ""- [blocker_missing_owner] Blocker owner is missing, preventing resolution. (priority 5)"", """", ""Multiple high-priority cues detected:"", ""- participation_critical_threshold"", ""- blocker_missing_owner"", """", ""Composite intervention created because multiple cues exceeded the severity threshold."", """", ""Final decision: [multi_cue_composite] with priority 5."", ""Rationale: When several high-priority cues fire together, SAAM surfaces a composite intervention.""], ""teams_message"": ""**SAAM Intervention**\nCue: multi_cue\n\nMultiple issues detected:\n- Participation is critically low — the team may be disengaged.\n- A blocker has no owner — assign responsibility.\n\n**Reasoning Summary**\nRules triggered:\n- [participation_critical_threshold] Participation dropped below 25%, indicating widespread disengagement. (priority 5)\n- [blocker_missing_owner] Blocker owner is missing, preventing resolution. (priority 5)\n""}"
2026-05-23T10:39:08.299484+00:00,multi_cue,5,"Multiple issues detected:
- Participation is critically low — the team may be disengaged.
- A blocker has no owner — assign responsibility.","This intervention combines several high‑priority signals:
- [participation_critical_threshold] Participation dropped below 25%, indicating widespread disengagement.
- [blocker_missing_owner] Blocker owner is missing, preventing resolution.",multi_cue_composite,combined_signals,"When several high-priority cues fire together, SAAM surfaces a composite intervention.","{""rule_name"": ""multi_cue_composite"", ""rule_category"": ""combined_signals"", ""rationale"": ""When several high-priority cues fire together, SAAM surfaces a composite intervention."", ""cue"": ""multi_cue"", ""message"": ""Multiple issues detected:\n- Participation is critically low — the team may be disengaged.\n- A blocker has no owner — assign responsibility."", ""explanation"": ""This intervention combines several high‑priority signals:\n- [participation_critical_threshold] Participation dropped below 25%, indicating widespread disengagement.\n- [blocker_missing_owner] Blocker owner is missing, preventing resolution."", ""priority"": 5, ""contributing_rules"": [""participation_critical_threshold"", ""blocker_missing_owner""], ""reasoning_trace"": [""Rules triggered:"", ""- [participation_critical_threshold] Participation dropped below 25%, indicating widespread disengagement. (priority 5)"", ""- [blocker_missing_owner] Blocker owner is missing, preventing resolution. (priority 5)"", """", ""Multiple high-priority cues detected:"", ""- participation_critical_threshold"", ""- blocker_missing_owner"", """", ""Composite intervention created because multiple cues exceeded the severity threshold."", """", ""Final decision: [multi_cue_composite] with priority 5."", ""Rationale: When several high-priority cues fire together, SAAM surfaces a composite intervention.""], ""teams_message"": ""**SAAM Intervention**\nCue: multi_cue\n\nMultiple issues detected:\n- Participation is critically low — the team may be disengaged.\n- A blocker has no owner — assign responsibility.\n\n**Reasoning Summary**\nRules triggered:\n- [participation_critical_threshold] Participation dropped below 25%, indicating widespread disengagement. (priority 5)\n- [blocker_missing_owner] Blocker owner is missing, preventing resolution. (priority 5)\n""}"
2026-05-23T10:39:12.221752+00:00,multi_cue,5,"Multiple issues detected:
- Participation is critically low — the team may be disengaged.
- A blocker has no owner — assign responsibility.","This intervention combines several high‑priority signals:
- [participation_critical_threshold] Participation dropped below 25%, indicating widespread disengagement.
- [blocker_missing_owner] Blocker owner is missing, preventing resolution.",multi_cue_composite,combined_signals,"When several high-priority cues fire together, SAAM surfaces a composite intervention.","{""rule_name"": ""multi_cue_composite"", ""rule_category"": ""combined_signals"", ""rationale"": ""When several high-priority cues fire together, SAAM surfaces a composite intervention."", ""cue"": ""multi_cue"", ""message"": ""Multiple issues detected:\n- Participation is critically low — the team may be disengaged.\n- A blocker has no owner — assign responsibility."", ""explanation"": ""This intervention combines several high‑priority signals:\n- [participation_critical_threshold] Participation dropped below 25%, indicating widespread disengagement.\n- [blocker_missing_owner] Blocker owner is missing, preventing resolution."", ""priority"": 5, ""contributing_rules"": [""participation_critical_threshold"", ""blocker_missing_owner""], ""reasoning_trace"": [""Rules triggered:"", ""- [participation_critical_threshold] Participation dropped below 25%, indicating widespread disengagement. (priority 5)"", ""- [blocker_missing_owner] Blocker owner is missing, preventing resolution. (priority 5)"", """", ""Multiple high-priority cues detected:"", ""- participation_critical_threshold"", ""- blocker_missing_owner"", """", ""Composite intervention created because multiple cues exceeded the severity threshold."", """", ""Final decision: [multi_cue_composite] with priority 5."", ""Rationale: When several high-priority cues fire together, SAAM surfaces a composite intervention.""], ""teams_message"": ""**SAAM Intervention**\nCue: multi_cue\n\nMultiple issues detected:\n- Participation is critically low — the team may be disengaged.\n- A blocker has no owner — assign responsibility.\n\n**Reasoning Summary**\nRules triggered:\n- [participation_critical_threshold] Participation dropped below 25%, indicating widespread disengagement. (priority 5)\n- [blocker_missing_owner] Blocker owner is missing, preventing resolution. (priority 5)\n""}"
2026-05-23T10:39:12.550844+00:00,multi_cue,5,"Multiple issues detected:
- Participation is critically low — the team may be disengaged.
- A blocker has no owner — assign responsibility.","This intervention combines several high‑priority signals:
- [participation_critical_threshold] Participation dropped below 25%, indicating widespread disengagement.
- [blocker_missing_owner] Blocker owner is missing, preventing resolution.",multi_cue_composite,combined_signals,"When several high-priority cues fire together, SAAM surfaces a composite intervention.","{""rule_name"": ""multi_cue_composite"", ""rule_category"": ""combined_signals"", ""rationale"": ""When several high-priority cues fire together, SAAM surfaces a composite intervention."", ""cue"": ""multi_cue"", ""message"": ""Multiple issues detected:\n- Participation is critically low — the team may be disengaged.\n- A blocker has no owner — assign responsibility."", ""explanation"": ""This intervention combines several high‑priority signals:\n- [participation_critical_threshold] Participation dropped below 25%, indicating widespread disengagement.\n- [blocker_missing_owner] Blocker owner is missing, preventing resolution."", ""priority"": 5, ""contributing_rules"": [""participation_critical_threshold"", ""blocker_missing_owner""], ""reasoning_trace"": [""Rules triggered:"", ""- [participation_critical_threshold] Participation dropped below 25%, indicating widespread disengagement. (priority 5)"", ""- [blocker_missing_owner] Blocker owner is missing, preventing resolution. (priority 5)"", """", ""Multiple high-priority cues detected:"", ""- participation_critical_threshold"", ""- blocker_missing_owner"", """", ""Composite intervention created because multiple cues exceeded the severity threshold."", """", ""Final decision: [multi_cue_composite] with priority 5."", ""Rationale: When several high-priority cues fire together, SAAM surfaces a composite intervention.""], ""teams_message"": ""**SAAM Intervention**\nCue: multi_cue\n\nMultiple issues detected:\n- Participation is critically low — the team may be disengaged.\n- A blocker has no owner — assign responsibility.\n\n**Reasoning Summary**\nRules triggered:\n- [participation_critical_threshold] Participation dropped below 25%, indicating widespread disengagement. (priority 5)\n- [blocker_missing_owner] Blocker owner is missing, preventing resolution. (priority 5)\n""}"
2026-05-23T10:44:01.022004+00:00,multi_cue,5,"Multiple issues detected:
- Participation is critically low — the team may be disengaged.
- A blocker has no owner — assign responsibility.","This intervention combines several high‑priority signals:
- [participation_critical_threshold] Participation dropped below 25%, indicating widespread disengagement.
- [blocker_missing_owner] Blocker owner is missing, preventing resolution.",multi_cue_composite,combined_signals,"When several high-priority cues fire together, SAAM surfaces a composite intervention.","{""rule_name"": ""multi_cue_composite"", ""rule_category"": ""combined_signals"", ""rationale"": ""When several high-priority cues fire together, SAAM surfaces a composite intervention."", ""cue"": ""multi_cue"", ""message"": ""Multiple issues detected:\n- Participation is critically low — the team may be disengaged.\n- A blocker has no owner — assign responsibility."", ""explanation"": ""This intervention combines several high‑priority signals:\n- [participation_critical_threshold] Participation dropped below 25%, indicating widespread disengagement.\n- [blocker_missing_owner] Blocker owner is missing, preventing resolution."", ""priority"": 5, ""contributing_rules"": [""participation_critical_threshold"", ""blocker_missing_owner""], ""reasoning_trace"": [""Rules triggered:"", ""- [participation_critical_threshold] Participation dropped below 25%, indicating widespread disengagement. (priority 5)"", ""- [blocker_missing_owner] Blocker owner is missing, preventing resolution. (priority 5)"", """", ""Multiple high-priority cues detected:"", ""- participation_critical_threshold"", ""- blocker_missing_owner"", """", ""Composite intervention created because multiple cues exceeded the severity threshold."", """", ""Final decision: [multi_cue_composite] with priority 5."", ""Rationale: When several high-priority cues fire together, SAAM surfaces a composite intervention.""], ""teams_message"": ""**SAAM Intervention**\nCue: multi_cue\n\nMultiple issues detected:\n- Participation is critically low — the team may be disengaged.\n- A blocker has no owner — assign responsibility.\n\n**Reasoning Summary**\nRules triggered:\n- [participation_critical_threshold] Participation dropped below 25%, indicating widespread disengagement. (priority 5)\n- [blocker_missing_owner] Blocker owner is missing, preventing resolution. (priority 5)\n""}"
2026-05-23T11:19:12.805198+00:00,multi_cue,5,"Multiple issues detected:
- Participation is critically low — the team may be disengaged.
- A blocker has no owner — assign responsibility.","This intervention combines several high‑priority signals:
- [participation_critical_threshold] Participation dropped below 25%, indicating widespread disengagement.
- [blocker_missing_owner] Blocker owner is missing, preventing resolution.",multi_cue_composite,combined_signals,"When several high-priority cues fire together, SAAM surfaces a composite intervention.","{""rule_name"": ""multi_cue_composite"", ""rule_category"": ""combined_signals"", ""rationale"": ""When several high-priority cues fire together, SAAM surfaces a composite intervention."", ""cue"": ""multi_cue"", ""message"": ""Multiple issues detected:\n- Participation is critically low — the team may be disengaged.\n- A blocker has no owner — assign responsibility."", ""explanation"": ""This intervention combines several high‑priority signals:\n- [participation_critical_threshold] Participation dropped below 25%, indicating widespread disengagement.\n- [blocker_missing_owner] Blocker owner is missing, preventing resolution."", ""priority"": 5, ""contributing_rules"": [""participation_critical_threshold"", ""blocker_missing_owner""], ""reasoning_trace"": [""Rules triggered:"", ""- [participation_critical_threshold] Participation dropped below 25%, indicating widespread disengagement. (priority 5)"", ""- [blocker_missing_owner] Blocker owner is missing, preventing resolution. (priority 5)"", """", ""Multiple high-priority cues detected:"", ""- participation_critical_threshold"", ""- blocker_missing_owner"", """", ""Composite intervention created because multiple cues exceeded the severity threshold."", """", ""Final decision: [multi_cue_composite] with priority 5."", ""Rationale: When several high-priority cues fire together, SAAM surfaces a composite intervention.""], ""teams_message"": ""**SAAM Intervention**\nCue: multi_cue\n\nMultiple issues detected:\n- Participation is critically low — the team may be disengaged.\n- A blocker has no owner — assign responsibility.\n\n**Reasoning Summary**\nRules triggered:\n- [participation_critical_threshold] Participation dropped below 25%, indicating widespread disengagement. (priority 5)\n- [blocker_missing_owner] Blocker owner is missing, preventing resolution. (priority 5)\n""}"
2026-05-23T11:28:51.588566+00:00,multi_cue,5,"Multiple issues detected:
- Participation is critically low — the team may be disengaged.
- A blocker has no owner — assign responsibility.","This intervention combines several high‑priority signals:
- [participation_critical_threshold] Participation dropped below 25%, indicating widespread disengagement.
- [blocker_missing_owner] Blocker owner is missing, preventing resolution.",multi_cue_composite,combined_signals,"When several high-priority cues fire together, SAAM surfaces a composite intervention.","{""rule_name"": ""multi_cue_composite"", ""rule_category"": ""combined_signals"", ""rationale"": ""When several high-priority cues fire together, SAAM surfaces a composite intervention."", ""cue"": ""multi_cue"", ""message"": ""Multiple issues detected:\n- Participation is critically low — the team may be disengaged.\n- A blocker has no owner — assign responsibility."", ""explanation"": ""This intervention combines several high‑priority signals:\n- [participation_critical_threshold] Participation dropped below 25%, indicating widespread disengagement.\n- [blocker_missing_owner] Blocker owner is missing, preventing resolution."", ""priority"": 5, ""contributing_rules"": [""participation_critical_threshold"", ""blocker_missing_owner""], ""reasoning_trace"": [""Rules triggered:"", ""- [participation_critical_threshold] Participation dropped below 25%, indicating widespread disengagement. (priority 5)"", ""- [blocker_missing_owner] Blocker owner is missing, preventing resolution. (priority 5)"", """", ""Multiple high-priority cues detected:"", ""- participation_critical_threshold"", ""- blocker_missing_owner"", """", ""Composite intervention created because multiple cues exceeded the severity threshold."", """", ""Final decision: [multi_cue_composite] with priority 5."", ""Rationale: When several high-priority cues fire together, SAAM surfaces a composite intervention.""], ""teams_message"": ""**SAAM Intervention**\nCue: multi_cue\n\nMultiple issues detected:\n- Participation is critically low — the team may be disengaged.\n- A blocker has no owner — assign responsibility.\n\n**Reasoning Summary**\nRules triggered:\n- [participation_critical_threshold] Participation dropped below 25%, indicating widespread disengagement. (priority 5)\n- [blocker_missing_owner] Blocker owner is missing, preventing resolution. (priority 5)\n""}"
2026-05-23T11:34:34.458642+00:00,multi_cue,5,"Multiple issues detected:
- Participation is critically low — the team may be disengaged.
- A blocker has no owner — assign responsibility.","This intervention combines several high‑priority signals:
- [participation_critical_threshold] Participation dropped below 25%, indicating widespread disengagement.
- [blocker_missing_owner] Blocker owner is missing, preventing resolution.",multi_cue_composite,combined_signals,"When several high-priority cues fire together, SAAM surfaces a composite intervention.","{""rule_name"": ""multi_cue_composite"", ""rule_category"": ""combined_signals"", ""rationale"": ""When several high-priority cues fire together, SAAM surfaces a composite intervention."", ""cue"": ""multi_cue"", ""message"": ""Multiple issues detected:\n- Participation is critically low — the team may be disengaged.\n- A blocker has no owner — assign responsibility."", ""explanation"": ""This intervention combines several high‑priority signals:\n- [participation_critical_threshold] Participation dropped below 25%, indicating widespread disengagement.\n- [blocker_missing_owner] Blocker owner is missing, preventing resolution."", ""priority"": 5, ""contributing_rules"": [""participation_critical_threshold"", ""blocker_missing_owner""], ""reasoning_trace"": [""Rules triggered:"", ""- [participation_critical_threshold] Participation dropped below 25%, indicating widespread disengagement. (priority 5)"", ""- [blocker_missing_owner] Blocker owner is missing, preventing resolution. (priority 5)"", """", ""Multiple high-priority cues detected:"", ""- participation_critical_threshold"", ""- blocker_missing_owner"", """", ""Composite intervention created because multiple cues exceeded the severity threshold."", """", ""Final decision: [multi_cue_composite] with priority 5."", ""Rationale: When several high-priority cues fire together, SAAM surfaces a composite intervention.""], ""teams_message"": ""**SAAM Intervention**\nCue: multi_cue\n\nMultiple issues detected:\n- Participation is critically low — the team may be disengaged.\n- A blocker has no owner — assign responsibility.\n\n**Reasoning Summary**\nRules triggered:\n- [participation_critical_threshold] Participation dropped below 25%, indicating widespread disengagement. (priority 5)\n- [blocker_missing_owner] Blocker owner is missing, preventing resolution. (priority 5)\n""}"
2026-05-23T11:34:38.424212+00:00,multi_cue,5,"Multiple issues detected:
- Participation is critically low — the team may be disengaged.
- A blocker has no owner — assign responsibility.","This intervention combines several high‑priority signals:
- [participation_critical_threshold] Participation dropped below 25%, indicating widespread disengagement.
- [blocker_missing_owner] Blocker owner is missing, preventing resolution.",multi_cue_composite,combined_signals,"When several high-priority cues fire together, SAAM surfaces a composite intervention.","{""rule_name"": ""multi_cue_composite"", ""rule_category"": ""combined_signals"", ""rationale"": ""When several high-priority cues fire together, SAAM surfaces a composite intervention."", ""cue"": ""multi_cue"", ""message"": ""Multiple issues detected:\n- Participation is critically low — the team may be disengaged.\n- A blocker has no owner — assign responsibility."", ""explanation"": ""This intervention combines several high‑priority signals:\n- [participation_critical_threshold] Participation dropped below 25%, indicating widespread disengagement.\n- [blocker_missing_owner] Blocker owner is missing, preventing resolution."", ""priority"": 5, ""contributing_rules"": [""participation_critical_threshold"", ""blocker_missing_owner""], ""reasoning_trace"": [""Rules triggered:"", ""- [participation_critical_threshold] Participation dropped below 25%, indicating widespread disengagement. (priority 5)"", ""- [blocker_missing_owner] Blocker owner is missing, preventing resolution. (priority 5)"", """", ""Multiple high-priority cues detected:"", ""- participation_critical_threshold"", ""- blocker_missing_owner"", """", ""Composite intervention created because multiple cues exceeded the severity threshold."", """", ""Final decision: [multi_cue_composite] with priority 5."", ""Rationale: When several high-priority cues fire together, SAAM surfaces a composite intervention.""], ""teams_message"": ""**SAAM Intervention**\nCue: multi_cue\n\nMultiple issues detected:\n- Participation is critically low — the team may be disengaged.\n- A blocker has no owner — assign responsibility.\n\n**Reasoning Summary**\nRules triggered:\n- [participation_critical_threshold] Participation dropped below 25%, indicating widespread disengagement. (priority 5)\n- [blocker_missing_owner] Blocker owner is missing, preventing resolution. (priority 5)\n""}"
2026-05-23T11:34:38.542901+00:00,multi_cue,5,"Multiple issues detected:
- Participation is critically low — the team may be disengaged.
- A blocker has no owner — assign responsibility.","This intervention combines several high‑priority signals:
- [participation_critical_threshold] Participation dropped below 25%, indicating widespread disengagement.
- [blocker_missing_owner] Blocker owner is missing, preventing resolution.",multi_cue_composite,combined_signals,"When several high-priority cues fire together, SAAM surfaces a composite intervention.","{""rule_name"": ""multi_cue_composite"", ""rule_category"": ""combined_signals"", ""rationale"": ""When several high-priority cues fire together, SAAM surfaces a composite intervention."", ""cue"": ""multi_cue"", ""message"": ""Multiple issues detected:\n- Participation is critically low — the team may be disengaged.\n- A blocker has no owner — assign responsibility."", ""explanation"": ""This intervention combines several high‑priority signals:\n- [participation_critical_threshold] Participation dropped below 25%, indicating widespread disengagement.\n- [blocker_missing_owner] Blocker owner is missing, preventing resolution."", ""priority"": 5, ""contributing_rules"": [""participation_critical_threshold"", ""blocker_missing_owner""], ""reasoning_trace"": [""Rules triggered:"", ""- [participation_critical_threshold] Participation dropped below 25%, indicating widespread disengagement. (priority 5)"", ""- [blocker_missing_owner] Blocker owner is missing, preventing resolution. (priority 5)"", """", ""Multiple high-priority cues detected:"", ""- participation_critical_threshold"", ""- blocker_missing_owner"", """", ""Composite intervention created because multiple cues exceeded the severity threshold."", """", ""Final decision: [multi_cue_composite] with priority 5."", ""Rationale: When several high-priority cues fire together, SAAM surfaces a composite intervention.""], ""teams_message"": ""**SAAM Intervention**\nCue: multi_cue\n\nMultiple issues detected:\n- Participation is critically low — the team may be disengaged.\n- A blocker has no owner — assign responsibility.\n\n**Reasoning Summary**\nRules triggered:\n- [participation_critical_threshold] Participation dropped below 25%, indicating widespread disengagement. (priority 5)\n- [blocker_missing_owner] Blocker owner is missing, preventing resolution. (priority 5)\n""}"
2026-05-23T11:34:41.694481+00:00,multi_cue,5,"Multiple issues detected:
- Participation is critically low — the team may be disengaged.
- A blocker has no owner — assign responsibility.","This intervention combines several high‑priority signals:
- [participation_critical_threshold] Participation dropped below 25%, indicating widespread disengagement.
- [blocker_missing_owner] Blocker owner is missing, preventing resolution.",multi_cue_composite,combined_signals,"When several high-priority cues fire together, SAAM surfaces a composite intervention.","{""rule_name"": ""multi_cue_composite"", ""rule_category"": ""combined_signals"", ""rationale"": ""When several high-priority cues fire together, SAAM surfaces a composite intervention."", ""cue"": ""multi_cue"", ""message"": ""Multiple issues detected:\n- Participation is critically low — the team may be disengaged.\n- A blocker has no owner — assign responsibility."", ""explanation"": ""This intervention combines several high‑priority signals:\n- [participation_critical_threshold] Participation dropped below 25%, indicating widespread disengagement.\n- [blocker_missing_owner] Blocker owner is missing, preventing resolution."", ""priority"": 5, ""contributing_rules"": [""participation_critical_threshold"", ""blocker_missing_owner""], ""reasoning_trace"": [""Rules triggered:"", ""- [participation_critical_threshold] Participation dropped below 25%, indicating widespread disengagement. (priority 5)"", ""- [blocker_missing_owner] Blocker owner is missing, preventing resolution. (priority 5)"", """", ""Multiple high-priority cues detected:"", ""- participation_critical_threshold"", ""- blocker_missing_owner"", """", ""Composite intervention created because multiple cues exceeded the severity threshold."", """", ""Final decision: [multi_cue_composite] with priority 5."", ""Rationale: When several high-priority cues fire together, SAAM surfaces a composite intervention.""], ""teams_message"": ""**SAAM Intervention**\nCue: multi_cue\n\nMultiple issues detected:\n- Participation is critically low — the team may be disengaged.\n- A blocker has no owner — assign responsibility.\n\n**Reasoning Summary**\nRules triggered:\n- [participation_critical_threshold] Participation dropped below 25%, indicating widespread disengagement. (priority 5)\n- [blocker_missing_owner] Blocker owner is missing, preventing resolution. (priority 5)\n""}"
2026-05-23T11:34:44.878084+00:00,multi_cue,5,"Multiple issues detected:
- Participation is critically low — the team may be disengaged.
- A blocker has no owner — assign responsibility.","This intervention combines several high‑priority signals:
- [participation_critical_threshold] Participation dropped below 25%, indicating widespread disengagement.
- [blocker_missing_owner] Blocker owner is missing, preventing resolution.",multi_cue_composite,combined_signals,"When several high-priority cues fire together, SAAM surfaces a composite intervention.","{""rule_name"": ""multi_cue_composite"", ""rule_category"": ""combined_signals"", ""rationale"": ""When several high-priority cues fire together, SAAM surfaces a composite intervention."", ""cue"": ""multi_cue"", ""message"": ""Multiple issues detected:\n- Participation is critically low — the team may be disengaged.\n- A blocker has no owner — assign responsibility."", ""explanation"": ""This intervention combines several high‑priority signals:\n- [participation_critical_threshold] Participation dropped below 25%, indicating widespread disengagement.\n- [blocker_missing_owner] Blocker owner is missing, preventing resolution."", ""priority"": 5, ""contributing_rules"": [""participation_critical_threshold"", ""blocker_missing_owner""], ""reasoning_trace"": [""Rules triggered:"", ""- [participation_critical_threshold] Participation dropped below 25%, indicating widespread disengagement. (priority 5)"", ""- [blocker_missing_owner] Blocker owner is missing, preventing resolution. (priority 5)"", """", ""Multiple high-priority cues detected:"", ""- participation_critical_threshold"", ""- blocker_missing_owner"", """", ""Composite intervention created because multiple cues exceeded the severity threshold."", """", ""Final decision: [multi_cue_composite] with priority 5."", ""Rationale: When several high-priority cues fire together, SAAM surfaces a composite intervention.""], ""teams_message"": ""**SAAM Intervention**\nCue: multi_cue\n\nMultiple issues detected:\n- Participation is critically low — the team may be disengaged.\n- A blocker has no owner — assign responsibility.\n\n**Reasoning Summary**\nRules triggered:\n- [participation_critical_threshold] Participation dropped below 25%, indicating widespread disengagement. (priority 5)\n- [blocker_missing_owner] Blocker owner is missing, preventing resolution. (priority 5)\n""}"
2026-05-23T11:34:47.684003+00:00,multi_cue,5,"Multiple issues detected:
- Participation is critically low — the team may be disengaged.
- A blocker has no owner — assign responsibility.","This intervention combines several high‑priority signals:
- [participation_critical_threshold] Participation dropped below 25%, indicating widespread disengagement.
- [blocker_missing_owner] Blocker owner is missing, preventing resolution.",multi_cue_composite,combined_signals,"When several high-priority cues fire together, SAAM surfaces a composite intervention.","{""rule_name"": ""multi_cue_composite"", ""rule_category"": ""combined_signals"", ""rationale"": ""When several high-priority cues fire together, SAAM surfaces a composite intervention."", ""cue"": ""multi_cue"", ""message"": ""Multiple issues detected:\n- Participation is critically low — the team may be disengaged.\n- A blocker has no owner — assign responsibility."", ""explanation"": ""This intervention combines several high‑priority signals:\n- [participation_critical_threshold] Participation dropped below 25%, indicating widespread disengagement.\n- [blocker_missing_owner] Blocker owner is missing, preventing resolution."", ""priority"": 5, ""contributing_rules"": [""participation_critical_threshold"", ""blocker_missing_owner""], ""reasoning_trace"": [""Rules triggered:"", ""- [participation_critical_threshold] Participation dropped below 25%, indicating widespread disengagement. (priority 5)"", ""- [blocker_missing_owner] Blocker owner is missing, preventing resolution. (priority 5)"", """", ""Multiple high-priority cues detected:"", ""- participation_critical_threshold"", ""- blocker_missing_owner"", """", ""Composite intervention created because multiple cues exceeded the severity threshold."", """", ""Final decision: [multi_cue_composite] with priority 5."", ""Rationale: When several high-priority cues fire together, SAAM surfaces a composite intervention.""], ""teams_message"": ""**SAAM Intervention**\nCue: multi_cue\n\nMultiple issues detected:\n- Participation is critically low — the team may be disengaged.\n- A blocker has no owner — assign responsibility.\n\n**Reasoning Summary**\nRules triggered:\n- [participation_critical_threshold] Participation dropped below 25%, indicating widespread disengagement. (priority 5)\n- [blocker_missing_owner] Blocker owner is missing, preventing resolution. (priority 5)\n""}"
2026-05-23T11:35:00.526399+00:00,multi_cue,5,"Multiple issues detected:
- Participation is critically low — the team may be disengaged.
- A blocker has no owner — assign responsibility.","This intervention combines several high‑priority signals:
- [participation_critical_threshold] Participation dropped below 25%, indicating widespread disengagement.
- [blocker_missing_owner] Blocker owner is missing, preventing resolution.",multi_cue_composite,combined_signals,"When several high-priority cues fire together, SAAM surfaces a composite intervention.","{""rule_name"": ""multi_cue_composite"", ""rule_category"": ""combined_signals"", ""rationale"": ""When several high-priority cues fire together, SAAM surfaces a composite intervention."", ""cue"": ""multi_cue"", ""message"": ""Multiple issues detected:\n- Participation is critically low — the team may be disengaged.\n- A blocker has no owner — assign responsibility."", ""explanation"": ""This intervention combines several high‑priority signals:\n- [participation_critical_threshold] Participation dropped below 25%, indicating widespread disengagement.\n- [blocker_missing_owner] Blocker owner is missing, preventing resolution."", ""priority"": 5, ""contributing_rules"": [""participation_critical_threshold"", ""blocker_missing_owner""], ""reasoning_trace"": [""Rules triggered:"", ""- [participation_critical_threshold] Participation dropped below 25%, indicating widespread disengagement. (priority 5)"", ""- [blocker_missing_owner] Blocker owner is missing, preventing resolution. (priority 5)"", """", ""Multiple high-priority cues detected:"", ""- participation_critical_threshold"", ""- blocker_missing_owner"", """", ""Composite intervention created because multiple cues exceeded the severity threshold."", """", ""Final decision: [multi_cue_composite] with priority 5."", ""Rationale: When several high-priority cues fire together, SAAM surfaces a composite intervention.""], ""teams_message"": ""**SAAM Intervention**\nCue: multi_cue\n\nMultiple issues detected:\n- Participation is critically low — the team may be disengaged.\n- A blocker has no owner — assign responsibility.\n\n**Reasoning Summary**\nRules triggered:\n- [participation_critical_threshold] Participation dropped below 25%, indicating widespread disengagement. (priority 5)\n- [blocker_missing_owner] Blocker owner is missing, preventing resolution. (priority 5)\n""}"
2026-05-23T11:35:18.476203+00:00,multi_cue,5,"Multiple issues detected:
- Participation is critically low — the team may be disengaged.
- A blocker has no owner — assign responsibility.","This intervention combines several high‑priority signals:
- [participation_critical_threshold] Participation dropped below 25%, indicating widespread disengagement.
- [blocker_missing_owner] Blocker owner is missing, preventing resolution.",multi_cue_composite,combined_signals,"When several high-priority cues fire together, SAAM surfaces a composite intervention.","{""rule_name"": ""multi_cue_composite"", ""rule_category"": ""combined_signals"", ""rationale"": ""When several high-priority cues fire together, SAAM surfaces a composite intervention."", ""cue"": ""multi_cue"", ""message"": ""Multiple issues detected:\n- Participation is critically low — the team may be disengaged.\n- A blocker has no owner — assign responsibility."", ""explanation"": ""This intervention combines several high‑priority signals:\n- [participation_critical_threshold] Participation dropped below 25%, indicating widespread disengagement.\n- [blocker_missing_owner] Blocker owner is missing, preventing resolution."", ""priority"": 5, ""contributing_rules"": [""participation_critical_threshold"", ""blocker_missing_owner""], ""reasoning_trace"": [""Rules triggered:"", ""- [participation_critical_threshold] Participation dropped below 25%, indicating widespread disengagement. (priority 5)"", ""- [blocker_missing_owner] Blocker owner is missing, preventing resolution. (priority 5)"", """", ""Multiple high-priority cues detected:"", ""- participation_critical_threshold"", ""- blocker_missing_owner"", """", ""Composite intervention created because multiple cues exceeded the severity threshold."", """", ""Final decision: [multi_cue_composite] with priority 5."", ""Rationale: When several high-priority cues fire together, SAAM surfaces a composite intervention.""], ""teams_message"": ""**SAAM Intervention**\nCue: multi_cue\n\nMultiple issues detected:\n- Participation is critically low — the team may be disengaged.\n- A blocker has no owner — assign responsibility.\n\n**Reasoning Summary**\nRules triggered:\n- [participation_critical_threshold] Participation dropped below 25%, indicating widespread disengagement. (priority 5)\n- [blocker_missing_owner] Blocker owner is missing, preventing resolution. (priority 5)\n""}"
2026-05-23T11:35:32.109282+00:00,multi_cue,5,"Multiple issues detected:
- Participation is critically low — the team may be disengaged.
- A blocker has no owner — assign responsibility.","This intervention combines several high‑priority signals:
- [participation_critical_threshold] Participation dropped below 25%, indicating widespread disengagement.
- [blocker_missing_owner] Blocker owner is missing, preventing resolution.",multi_cue_composite,combined_signals,"When several high-priority cues fire together, SAAM surfaces a composite intervention.","{""rule_name"": ""multi_cue_composite"", ""rule_category"": ""combined_signals"", ""rationale"": ""When several high-priority cues fire together, SAAM surfaces a composite intervention."", ""cue"": ""multi_cue"", ""message"": ""Multiple issues detected:\n- Participation is critically low — the team may be disengaged.\n- A blocker has no owner — assign responsibility."", ""explanation"": ""This intervention combines several high‑priority signals:\n- [participation_critical_threshold] Participation dropped below 25%, indicating widespread disengagement.\n- [blocker_missing_owner] Blocker owner is missing, preventing resolution."", ""priority"": 5, ""contributing_rules"": [""participation_critical_threshold"", ""blocker_missing_owner""], ""reasoning_trace"": [""Rules triggered:"", ""- [participation_critical_threshold] Participation dropped below 25%, indicating widespread disengagement. (priority 5)"", ""- [blocker_missing_owner] Blocker owner is missing, preventing resolution. (priority 5)"", """", ""Multiple high-priority cues detected:"", ""- participation_critical_threshold"", ""- blocker_missing_owner"", """", ""Composite intervention created because multiple cues exceeded the severity threshold."", """", ""Final decision: [multi_cue_composite] with priority 5."", ""Rationale: When several high-priority cues fire together, SAAM surfaces a composite intervention.""], ""teams_message"": ""**SAAM Intervention**\nCue: multi_cue\n\nMultiple issues detected:\n- Participation is critically low — the team may be disengaged.\n- A blocker has no owner — assign responsibility.\n\n**Reasoning Summary**\nRules triggered:\n- [participation_critical_threshold] Participation dropped below 25%, indicating widespread disengagement. (priority 5)\n- [blocker_missing_owner] Blocker owner is missing, preventing resolution. (priority 5)\n""}"
2026-05-23T11:35:34.593303+00:00,multi_cue,5,"Multiple issues detected:
- Participation is critically low — the team may be disengaged.
- A blocker has no owner — assign responsibility.","This intervention combines several high‑priority signals:
- [participation_critical_threshold] Participation dropped below 25%, indicating widespread disengagement.
- [blocker_missing_owner] Blocker owner is missing, preventing resolution.",multi_cue_composite,combined_signals,"When several high-priority cues fire together, SAAM surfaces a composite intervention.","{""rule_name"": ""multi_cue_composite"", ""rule_category"": ""combined_signals"", ""rationale"": ""When several high-priority cues fire together, SAAM surfaces a composite intervention."", ""cue"": ""multi_cue"", ""message"": ""Multiple issues detected:\n- Participation is critically low — the team may be disengaged.\n- A blocker has no owner — assign responsibility."", ""explanation"": ""This intervention combines several high‑priority signals:\n- [participation_critical_threshold] Participation dropped below 25%, indicating widespread disengagement.\n- [blocker_missing_owner] Blocker owner is missing, preventing resolution."", ""priority"": 5, ""contributing_rules"": [""participation_critical_threshold"", ""blocker_missing_owner""], ""reasoning_trace"": [""Rules triggered:"", ""- [participation_critical_threshold] Participation dropped below 25%, indicating widespread disengagement. (priority 5)"", ""- [blocker_missing_owner] Blocker owner is missing, preventing resolution. (priority 5)"", """", ""Multiple high-priority cues detected:"", ""- participation_critical_threshold"", ""- blocker_missing_owner"", """", ""Composite intervention created because multiple cues exceeded the severity threshold."", """", ""Final decision: [multi_cue_composite] with priority 5."", ""Rationale: When several high-priority cues fire together, SAAM surfaces a composite intervention.""], ""teams_message"": ""**SAAM Intervention**\nCue: multi_cue\n\nMultiple issues detected:\n- Participation is critically low — the team may be disengaged.\n- A blocker has no owner — assign responsibility.\n\n**Reasoning Summary**\nRules triggered:\n- [participation_critical_threshold] Participation dropped below 25%, indicating widespread disengagement. (priority 5)\n- [blocker_missing_owner] Blocker owner is missing, preventing resolution. (priority 5)\n""}"
2026-05-23T11:35:34.743026+00:00,multi_cue,5,"Multiple issues detected:
- Participation is critically low — the team may be disengaged.
- A blocker has no owner — assign responsibility.","This intervention combines several high‑priority signals:
- [participation_critical_threshold] Participation dropped below 25%, indicating widespread disengagement.
- [blocker_missing_owner] Blocker owner is missing, preventing resolution.",multi_cue_composite,combined_signals,"When several high-priority cues fire together, SAAM surfaces a composite intervention.","{""rule_name"": ""multi_cue_composite"", ""rule_category"": ""combined_signals"", ""rationale"": ""When several high-priority cues fire together, SAAM surfaces a composite intervention."", ""cue"": ""multi_cue"", ""message"": ""Multiple issues detected:\n- Participation is critically low — the team may be disengaged.\n- A blocker has no owner — assign responsibility."", ""explanation"": ""This intervention combines several high‑priority signals:\n- [participation_critical_threshold] Participation dropped below 25%, indicating widespread disengagement.\n- [blocker_missing_owner] Blocker owner is missing, preventing resolution."", ""priority"": 5, ""contributing_rules"": [""participation_critical_threshold"", ""blocker_missing_owner""], ""reasoning_trace"": [""Rules triggered:"", ""- [participation_critical_threshold] Participation dropped below 25%, indicating widespread disengagement. (priority 5)"", ""- [blocker_missing_owner] Blocker owner is missing, preventing resolution. (priority 5)"", """", ""Multiple high-priority cues detected:"", ""- participation_critical_threshold"", ""- blocker_missing_owner"", """", ""Composite intervention created because multiple cues exceeded the severity threshold."", """", ""Final decision: [multi_cue_composite] with priority 5."", ""Rationale: When several high-priority cues fire together, SAAM surfaces a composite intervention.""], ""teams_message"": ""**SAAM Intervention**\nCue: multi_cue\n\nMultiple issues detected:\n- Participation is critically low — the team may be disengaged.\n- A blocker has no owner — assign responsibility.\n\n**Reasoning Summary**\nRules triggered:\n- [participation_critical_threshold] Participation dropped below 25%, indicating widespread disengagement. (priority 5)\n- [blocker_missing_owner] Blocker owner is missing, preventing resolution. (priority 5)\n""}"
2026-05-23T11:35:36.776506+00:00,multi_cue,5,"Multiple issues detected:
- Participation is critically low — the team may be disengaged.
- A blocker has no owner — assign responsibility.","This intervention combines several high‑priority signals:
- [participation_critical_threshold] Participation dropped below 25%, indicating widespread disengagement.
- [blocker_missing_owner] Blocker owner is missing, preventing resolution.",multi_cue_composite,combined_signals,"When several high-priority cues fire together, SAAM surfaces a composite intervention.","{""rule_name"": ""multi_cue_composite"", ""rule_category"": ""combined_signals"", ""rationale"": ""When several high-priority cues fire together, SAAM surfaces a composite intervention."", ""cue"": ""multi_cue"", ""message"": ""Multiple issues detected:\n- Participation is critically low — the team may be disengaged.\n- A blocker has no owner — assign responsibility."", ""explanation"": ""This intervention combines several high‑priority signals:\n- [participation_critical_threshold] Participation dropped below 25%, indicating widespread disengagement.\n- [blocker_missing_owner] Blocker owner is missing, preventing resolution."", ""priority"": 5, ""contributing_rules"": [""participation_critical_threshold"", ""blocker_missing_owner""], ""reasoning_trace"": [""Rules triggered:"", ""- [participation_critical_threshold] Participation dropped below 25%, indicating widespread disengagement. (priority 5)"", ""- [blocker_missing_owner] Blocker owner is missing, preventing resolution. (priority 5)"", """", ""Multiple high-priority cues detected:"", ""- participation_critical_threshold"", ""- blocker_missing_owner"", """", ""Composite intervention created because multiple cues exceeded the severity threshold."", """", ""Final decision: [multi_cue_composite] with priority 5."", ""Rationale: When several high-priority cues fire together, SAAM surfaces a composite intervention.""], ""teams_message"": ""**SAAM Intervention**\nCue: multi_cue\n\nMultiple issues detected:\n- Participation is critically low — the team may be disengaged.\n- A blocker has no owner — assign responsibility.\n\n**Reasoning Summary**\nRules triggered:\n- [participation_critical_threshold] Participation dropped below 25%, indicating widespread disengagement. (priority 5)\n- [blocker_missing_owner] Blocker owner is missing, preventing resolution. (priority 5)\n""}"
2026-05-23T11:35:37.117239+00:00,multi_cue,5,"Multiple issues detected:
- Participation is critically low — the team may be disengaged.
- A blocker has no owner — assign responsibility.","This intervention combines several high‑priority signals:
- [participation_critical_threshold] Participation dropped below 25%, indicating widespread disengagement.
- [blocker_missing_owner] Blocker owner is missing, preventing resolution.",multi_cue_composite,combined_signals,"When several high-priority cues fire together, SAAM surfaces a composite intervention.","{""rule_name"": ""multi_cue_composite"", ""rule_category"": ""combined_signals"", ""rationale"": ""When several high-priority cues fire together, SAAM surfaces a composite intervention."", ""cue"": ""multi_cue"", ""message"": ""Multiple issues detected:\n- Participation is critically low — the team may be disengaged.\n- A blocker has no owner — assign responsibility."", ""explanation"": ""This intervention combines several high‑priority signals:\n- [participation_critical_threshold] Participation dropped below 25%, indicating widespread disengagement.\n- [blocker_missing_owner] Blocker owner is missing, preventing resolution."", ""priority"": 5, ""contributing_rules"": [""participation_critical_threshold"", ""blocker_missing_owner""], ""reasoning_trace"": [""Rules triggered:"", ""- [participation_critical_threshold] Participation dropped below 25%, indicating widespread disengagement. (priority 5)"", ""- [blocker_missing_owner] Blocker owner is missing, preventing resolution. (priority 5)"", """", ""Multiple high-priority cues detected:"", ""- participation_critical_threshold"", ""- blocker_missing_owner"", """", ""Composite intervention created because multiple cues exceeded the severity threshold."", """", ""Final decision: [multi_cue_composite] with priority 5."", ""Rationale: When several high-priority cues fire together, SAAM surfaces a composite intervention.""], ""teams_message"": ""**SAAM Intervention**\nCue: multi_cue\n\nMultiple issues detected:\n- Participation is critically low — the team may be disengaged.\n- A blocker has no owner — assign responsibility.\n\n**Reasoning Summary**\nRules triggered:\n- [participation_critical_threshold] Participation dropped below 25%, indicating widespread disengagement. (priority 5)\n- [blocker_missing_owner] Blocker owner is missing, preventing resolution. (priority 5)\n""}"
2026-05-23T11:35:37.895933+00:00,multi_cue,5,"Multiple issues detected:
- Participation is critically low — the team may be disengaged.
- A blocker has no owner — assign responsibility.","This intervention combines several high‑priority signals:
- [participation_critical_threshold] Participation dropped below 25%, indicating widespread disengagement.
- [blocker_missing_owner] Blocker owner is missing, preventing resolution.",multi_cue_composite,combined_signals,"When several high-priority cues fire together, SAAM surfaces a composite intervention.","{""rule_name"": ""multi_cue_composite"", ""rule_category"": ""combined_signals"", ""rationale"": ""When several high-priority cues fire together, SAAM surfaces a composite intervention."", ""cue"": ""multi_cue"", ""message"": ""Multiple issues detected:\n- Participation is critically low — the team may be disengaged.\n- A blocker has no owner — assign responsibility."", ""explanation"": ""This intervention combines several high‑priority signals:\n- [participation_critical_threshold] Participation dropped below 25%, indicating widespread disengagement.\n- [blocker_missing_owner] Blocker owner is missing, preventing resolution."", ""priority"": 5, ""contributing_rules"": [""participation_critical_threshold"", ""blocker_missing_owner""], ""reasoning_trace"": [""Rules triggered:"", ""- [participation_critical_threshold] Participation dropped below 25%, indicating widespread disengagement. (priority 5)"", ""- [blocker_missing_owner] Blocker owner is missing, preventing resolution. (priority 5)"", """", ""Multiple high-priority cues detected:"", ""- participation_critical_threshold"", ""- blocker_missing_owner"", """", ""Composite intervention created because multiple cues exceeded the severity threshold."", """", ""Final decision: [multi_cue_composite] with priority 5."", ""Rationale: When several high-priority cues fire together, SAAM surfaces a composite intervention.""], ""teams_message"": ""**SAAM Intervention**\nCue: multi_cue\n\nMultiple issues detected:\n- Participation is critically low — the team may be disengaged.\n- A blocker has no owner — assign responsibility.\n\n**Reasoning Summary**\nRules triggered:\n- [participation_critical_threshold] Participation dropped below 25%, indicating widespread disengagement. (priority 5)\n- [blocker_missing_owner] Blocker owner is missing, preventing resolution. (priority 5)\n""}"
2026-05-23T11:35:39.114288+00:00,multi_cue,5,"Multiple issues detected:
- Participation is critically low — the team may be disengaged.
- A blocker has no owner — assign responsibility.","This intervention combines several high‑priority signals:
- [participation_critical_threshold] Participation dropped below 25%, indicating widespread disengagement.
- [blocker_missing_owner] Blocker owner is missing, preventing resolution.",multi_cue_composite,combined_signals,"When several high-priority cues fire together, SAAM surfaces a composite intervention.","{""rule_name"": ""multi_cue_composite"", ""rule_category"": ""combined_signals"", ""rationale"": ""When several high-priority cues fire together, SAAM surfaces a composite intervention."", ""cue"": ""multi_cue"", ""message"": ""Multiple issues detected:\n- Participation is critically low — the team may be disengaged.\n- A blocker has no owner — assign responsibility."", ""explanation"": ""This intervention combines several high‑priority signals:\n- [participation_critical_threshold] Participation dropped below 25%, indicating widespread disengagement.\n- [blocker_missing_owner] Blocker owner is missing, preventing resolution."", ""priority"": 5, ""contributing_rules"": [""participation_critical_threshold"", ""blocker_missing_owner""], ""reasoning_trace"": [""Rules triggered:"", ""- [participation_critical_threshold] Participation dropped below 25%, indicating widespread disengagement. (priority 5)"", ""- [blocker_missing_owner] Blocker owner is missing, preventing resolution. (priority 5)"", """", ""Multiple high-priority cues detected:"", ""- participation_critical_threshold"", ""- blocker_missing_owner"", """", ""Composite intervention created because multiple cues exceeded the severity threshold."", """", ""Final decision: [multi_cue_composite] with priority 5."", ""Rationale: When several high-priority cues fire together, SAAM surfaces a composite intervention.""], ""teams_message"": ""**SAAM Intervention**\nCue: multi_cue\n\nMultiple issues detected:\n- Participation is critically low — the team may be disengaged.\n- A blocker has no owner — assign responsibility.\n\n**Reasoning Summary**\nRules triggered:\n- [participation_critical_threshold] Participation dropped below 25%, indicating widespread disengagement. (priority 5)\n- [blocker_missing_owner] Blocker owner is missing, preventing resolution. (priority 5)\n""}"
2026-05-23T11:35:39.347288+00:00,multi_cue,5,"Multiple issues detected:
- Participation is critically low — the team may be disengaged.
- A blocker has no owner — assign responsibility.","This intervention combines several high‑priority signals:
- [participation_critical_threshold] Participation dropped below 25%, indicating widespread disengagement.
- [blocker_missing_owner] Blocker owner is missing, preventing resolution.",multi_cue_composite,combined_signals,"When several high-priority cues fire together, SAAM surfaces a composite intervention.","{""rule_name"": ""multi_cue_composite"", ""rule_category"": ""combined_signals"", ""rationale"": ""When several high-priority cues fire together, SAAM surfaces a composite intervention."", ""cue"": ""multi_cue"", ""message"": ""Multiple issues detected:\n- Participation is critically low — the team may be disengaged.\n- A blocker has no owner — assign responsibility."", ""explanation"": ""This intervention combines several high‑priority signals:\n- [participation_critical_threshold] Participation dropped below 25%, indicating widespread disengagement.\n- [blocker_missing_owner] Blocker owner is missing, preventing resolution."", ""priority"": 5, ""contributing_rules"": [""participation_critical_threshold"", ""blocker_missing_owner""], ""reasoning_trace"": [""Rules triggered:"", ""- [participation_critical_threshold] Participation dropped below 25%, indicating widespread disengagement. (priority 5)"", ""- [blocker_missing_owner] Blocker owner is missing, preventing resolution. (priority 5)"", """", ""Multiple high-priority cues detected:"", ""- participation_critical_threshold"", ""- blocker_missing_owner"", """", ""Composite intervention created because multiple cues exceeded the severity threshold."", """", ""Final decision: [multi_cue_composite] with priority 5."", ""Rationale: When several high-priority cues fire together, SAAM surfaces a composite intervention.""], ""teams_message"": ""**SAAM Intervention**\nCue: multi_cue\n\nMultiple issues detected:\n- Participation is critically low — the team may be disengaged.\n- A blocker has no owner — assign responsibility.\n\n**Reasoning Summary**\nRules triggered:\n- [participation_critical_threshold] Participation dropped below 25%, indicating widespread disengagement. (priority 5)\n- [blocker_missing_owner] Blocker owner is missing, preventing resolution. (priority 5)\n""}"
2026-05-23T11:35:40.033225+00:00,multi_cue,5,"Multiple issues detected:
- Participation is critically low — the team may be disengaged.
- A blocker has no owner — assign responsibility.","This intervention combines several high‑priority signals:
- [participation_critical_threshold] Participation dropped below 25%, indicating widespread disengagement.
- [blocker_missing_owner] Blocker owner is missing, preventing resolution.",multi_cue_composite,combined_signals,"When several high-priority cues fire together, SAAM surfaces a composite intervention.","{""rule_name"": ""multi_cue_composite"", ""rule_category"": ""combined_signals"", ""rationale"": ""When several high-priority cues fire together, SAAM surfaces a composite intervention."", ""cue"": ""multi_cue"", ""message"": ""Multiple issues detected:\n- Participation is critically low — the team may be disengaged.\n- A blocker has no owner — assign responsibility."", ""explanation"": ""This intervention combines several high‑priority signals:\n- [participation_critical_threshold] Participation dropped below 25%, indicating widespread disengagement.\n- [blocker_missing_owner] Blocker owner is missing, preventing resolution."", ""priority"": 5, ""contributing_rules"": [""participation_critical_threshold"", ""blocker_missing_owner""], ""reasoning_trace"": [""Rules triggered:"", ""- [participation_critical_threshold] Participation dropped below 25%, indicating widespread disengagement. (priority 5)"", ""- [blocker_missing_owner] Blocker owner is missing, preventing resolution. (priority 5)"", """", ""Multiple high-priority cues detected:"", ""- participation_critical_threshold"", ""- blocker_missing_owner"", """", ""Composite intervention created because multiple cues exceeded the severity threshold."", """", ""Final decision: [multi_cue_composite] with priority 5."", ""Rationale: When several high-priority cues fire together, SAAM surfaces a composite intervention.""], ""teams_message"": ""**SAAM Intervention**\nCue: multi_cue\n\nMultiple issues detected:\n- Participation is critically low — the team may be disengaged.\n- A blocker has no owner — assign responsibility.\n\n**Reasoning Summary**\nRules triggered:\n- [participation_critical_threshold] Participation dropped below 25%, indicating widespread disengagement. (priority 5)\n- [blocker_missing_owner] Blocker owner is missing, preventing resolution. (priority 5)\n""}"
2026-05-23T11:35:44.248461+00:00,multi_cue,5,"Multiple issues detected:
- Participation is critically low — the team may be disengaged.
- A blocker has no owner — assign responsibility.","This intervention combines several high‑priority signals:
- [participation_critical_threshold] Participation dropped below 25%, indicating widespread disengagement.
- [blocker_missing_owner] Blocker owner is missing, preventing resolution.",multi_cue_composite,combined_signals,"When several high-priority cues fire together, SAAM surfaces a composite intervention.","{""rule_name"": ""multi_cue_composite"", ""rule_category"": ""combined_signals"", ""rationale"": ""When several high-priority cues fire together, SAAM surfaces a composite intervention."", ""cue"": ""multi_cue"", ""message"": ""Multiple issues detected:\n- Participation is critically low — the team may be disengaged.\n- A blocker has no owner — assign responsibility."", ""explanation"": ""This intervention combines several high‑priority signals:\n- [participation_critical_threshold] Participation dropped below 25%, indicating widespread disengagement.\n- [blocker_missing_owner] Blocker owner is missing, preventing resolution."", ""priority"": 5, ""contributing_rules"": [""participation_critical_threshold"", ""blocker_missing_owner""], ""reasoning_trace"": [""Rules triggered:"", ""- [participation_critical_threshold] Participation dropped below 25%, indicating widespread disengagement. (priority 5)"", ""- [blocker_missing_owner] Blocker owner is missing, preventing resolution. (priority 5)"", """", ""Multiple high-priority cues detected:"", ""- participation_critical_threshold"", ""- blocker_missing_owner"", """", ""Composite intervention created because multiple cues exceeded the severity threshold."", """", ""Final decision: [multi_cue_composite] with priority 5."", ""Rationale: When several high-priority cues fire together, SAAM surfaces a composite intervention.""], ""teams_message"": ""**SAAM Intervention**\nCue: multi_cue\n\nMultiple issues detected:\n- Participation is critically low — the team may be disengaged.\n- A blocker has no owner — assign responsibility.\n\n**Reasoning Summary**\nRules triggered:\n- [participation_critical_threshold] Participation dropped below 25%, indicating widespread disengagement. (priority 5)\n- [blocker_missing_owner] Blocker owner is missing, preventing resolution. (priority 5)\n""}"
2026-05-23T11:36:11.109554+00:00,multi_cue,5,"Multiple issues detected:
- Participation is critically low — the team may be disengaged.
- A blocker has no owner — assign responsibility.","This intervention combines several high‑priority signals:
- [participation_critical_threshold] Participation dropped below 25%, indicating widespread disengagement.
- [blocker_missing_owner] Blocker owner is missing, preventing resolution.",multi_cue_composite,combined_signals,"When several high-priority cues fire together, SAAM surfaces a composite intervention.","{""rule_name"": ""multi_cue_composite"", ""rule_category"": ""combined_signals"", ""rationale"": ""When several high-priority cues fire together, SAAM surfaces a composite intervention."", ""cue"": ""multi_cue"", ""message"": ""Multiple issues detected:\n- Participation is critically low — the team may be disengaged.\n- A blocker has no owner — assign responsibility."", ""explanation"": ""This intervention combines several high‑priority signals:\n- [participation_critical_threshold] Participation dropped below 25%, indicating widespread disengagement.\n- [blocker_missing_owner] Blocker owner is missing, preventing resolution."", ""priority"": 5, ""contributing_rules"": [""participation_critical_threshold"", ""blocker_missing_owner""], ""reasoning_trace"": [""Rules triggered:"", ""- [participation_critical_threshold] Participation dropped below 25%, indicating widespread disengagement. (priority 5)"", ""- [blocker_missing_owner] Blocker owner is missing, preventing resolution. (priority 5)"", """", ""Multiple high-priority cues detected:"", ""- participation_critical_threshold"", ""- blocker_missing_owner"", """", ""Composite intervention created because multiple cues exceeded the severity threshold."", """", ""Final decision: [multi_cue_composite] with priority 5."", ""Rationale: When several high-priority cues fire together, SAAM surfaces a composite intervention.""], ""teams_message"": ""**SAAM Intervention**\nCue: multi_cue\n\nMultiple issues detected:\n- Participation is critically low — the team may be disengaged.\n- A blocker has no owner — assign responsibility.\n\n**Reasoning Summary**\nRules triggered:\n- [participation_critical_threshold] Participation dropped below 25%, indicating widespread disengagement. (priority 5)\n- [blocker_missing_owner] Blocker owner is missing, preventing resolution. (priority 5)\n""}"
2026-05-23T11:36:42.833479+00:00,multi_cue,5,"Multiple issues detected:
- Participation is critically low — the team may be disengaged.
- A blocker has no owner — assign responsibility.","This intervention combines several high‑priority signals:
- [participation_critical_threshold] Participation dropped below 25%, indicating widespread disengagement.
- [blocker_missing_owner] Blocker owner is missing, preventing resolution.",multi_cue_composite,combined_signals,"When several high-priority cues fire together, SAAM surfaces a composite intervention.","{""rule_name"": ""multi_cue_composite"", ""rule_category"": ""combined_signals"", ""rationale"": ""When several high-priority cues fire together, SAAM surfaces a composite intervention."", ""cue"": ""multi_cue"", ""message"": ""Multiple issues detected:\n- Participation is critically low — the team may be disengaged.\n- A blocker has no owner — assign responsibility."", ""explanation"": ""This intervention combines several high‑priority signals:\n- [participation_critical_threshold] Participation dropped below 25%, indicating widespread disengagement.\n- [blocker_missing_owner] Blocker owner is missing, preventing resolution."", ""priority"": 5, ""contributing_rules"": [""participation_critical_threshold"", ""blocker_missing_owner""], ""reasoning_trace"": [""Rules triggered:"", ""- [participation_critical_threshold] Participation dropped below 25%, indicating widespread disengagement. (priority 5)"", ""- [blocker_missing_owner] Blocker owner is missing, preventing resolution. (priority 5)"", """", ""Multiple high-priority cues detected:"", ""- participation_critical_threshold"", ""- blocker_missing_owner"", """", ""Composite intervention created because multiple cues exceeded the severity threshold."", """", ""Final decision: [multi_cue_composite] with priority 5."", ""Rationale: When several high-priority cues fire together, SAAM surfaces a composite intervention.""], ""teams_message"": ""**SAAM Intervention**\nCue: multi_cue\n\nMultiple issues detected:\n- Participation is critically low — the team may be disengaged.\n- A blocker has no owner — assign responsibility.\n\n**Reasoning Summary**\nRules triggered:\n- [participation_critical_threshold] Participation dropped below 25%, indicating widespread disengagement. (priority 5)\n- [blocker_missing_owner] Blocker owner is missing, preventing resolution. (priority 5)\n""}"
2026-05-23T11:36:48.627089+00:00,multi_cue,5,"Multiple issues detected:
- Participation is critically low — the team may be disengaged.
- A blocker has no owner — assign responsibility.","This intervention combines several high‑priority signals:
- [participation_critical_threshold] Participation dropped below 25%, indicating widespread disengagement.
- [blocker_missing_owner] Blocker owner is missing, preventing resolution.",multi_cue_composite,combined_signals,"When several high-priority cues fire together, SAAM surfaces a composite intervention.","{""rule_name"": ""multi_cue_composite"", ""rule_category"": ""combined_signals"", ""rationale"": ""When several high-priority cues fire together, SAAM surfaces a composite intervention."", ""cue"": ""multi_cue"", ""message"": ""Multiple issues detected:\n- Participation is critically low — the team may be disengaged.\n- A blocker has no owner — assign responsibility."", ""explanation"": ""This intervention combines several high‑priority signals:\n- [participation_critical_threshold] Participation dropped below 25%, indicating widespread disengagement.\n- [blocker_missing_owner] Blocker owner is missing, preventing resolution."", ""priority"": 5, ""contributing_rules"": [""participation_critical_threshold"", ""blocker_missing_owner""], ""reasoning_trace"": [""Rules triggered:"", ""- [participation_critical_threshold] Participation dropped below 25%, indicating widespread disengagement. (priority 5)"", ""- [blocker_missing_owner] Blocker owner is missing, preventing resolution. (priority 5)"", """", ""Multiple high-priority cues detected:"", ""- participation_critical_threshold"", ""- blocker_missing_owner"", """", ""Composite intervention created because multiple cues exceeded the severity threshold."", """", ""Final decision: [multi_cue_composite] with priority 5."", ""Rationale: When several high-priority cues fire together, SAAM surfaces a composite intervention.""], ""teams_message"": ""**SAAM Intervention**\nCue: multi_cue\n\nMultiple issues detected:\n- Participation is critically low — the team may be disengaged.\n- A blocker has no owner — assign responsibility.\n\n**Reasoning Summary**\nRules triggered:\n- [participation_critical_threshold] Participation dropped below 25%, indicating widespread disengagement. (priority 5)\n- [blocker_missing_owner] Blocker owner is missing, preventing resolution. (priority 5)\n""}"
2026-05-23T11:37:21.968490+00:00,multi_cue,5,"Multiple issues detected:
- Participation is critically low — the team may be disengaged.
- A blocker has no owner — assign responsibility.","This intervention combines several high‑priority signals:
- [participation_critical_threshold] Participation dropped below 25%, indicating widespread disengagement.
- [blocker_missing_owner] Blocker owner is missing, preventing resolution.",multi_cue_composite,combined_signals,"When several high-priority cues fire together, SAAM surfaces a composite intervention.","{""rule_name"": ""multi_cue_composite"", ""rule_category"": ""combined_signals"", ""rationale"": ""When several high-priority cues fire together, SAAM surfaces a composite intervention."", ""cue"": ""multi_cue"", ""message"": ""Multiple issues detected:\n- Participation is critically low — the team may be disengaged.\n- A blocker has no owner — assign responsibility."", ""explanation"": ""This intervention combines several high‑priority signals:\n- [participation_critical_threshold] Participation dropped below 25%, indicating widespread disengagement.\n- [blocker_missing_owner] Blocker owner is missing, preventing resolution."", ""priority"": 5, ""contributing_rules"": [""participation_critical_threshold"", ""blocker_missing_owner""], ""reasoning_trace"": [""Rules triggered:"", ""- [participation_critical_threshold] Participation dropped below 25%, indicating widespread disengagement. (priority 5)"", ""- [blocker_missing_owner] Blocker owner is missing, preventing resolution. (priority 5)"", """", ""Multiple high-priority cues detected:"", ""- participation_critical_threshold"", ""- blocker_missing_owner"", """", ""Composite intervention created because multiple cues exceeded the severity threshold."", """", ""Final decision: [multi_cue_composite] with priority 5."", ""Rationale: When several high-priority cues fire together, SAAM surfaces a composite intervention.""], ""teams_message"": ""**SAAM Intervention**\nCue: multi_cue\n\nMultiple issues detected:\n- Participation is critically low — the team may be disengaged.\n- A blocker has no owner — assign responsibility.\n\n**Reasoning Summary**\nRules triggered:\n- [participation_critical_threshold] Participation dropped below 25%, indicating widespread disengagement. (priority 5)\n- [blocker_missing_owner] Blocker owner is missing, preventing resolution. (priority 5)\n""}"
2026-05-23T11:37:56.061196+00:00,multi_cue,5,"Multiple issues detected:
- Participation is critically low — the team may be disengaged.
- A blocker has no owner — assign responsibility.","This intervention combines several high‑priority signals:
- [participation_critical_threshold] Participation dropped below 25%, indicating widespread disengagement.
- [blocker_missing_owner] Blocker owner is missing, preventing resolution.",multi_cue_composite,combined_signals,"When several high-priority cues fire together, SAAM surfaces a composite intervention.","{""rule_name"": ""multi_cue_composite"", ""rule_category"": ""combined_signals"", ""rationale"": ""When several high-priority cues fire together, SAAM surfaces a composite intervention."", ""cue"": ""multi_cue"", ""message"": ""Multiple issues detected:\n- Participation is critically low — the team may be disengaged.\n- A blocker has no owner — assign responsibility."", ""explanation"": ""This intervention combines several high‑priority signals:\n- [participation_critical_threshold] Participation dropped below 25%, indicating widespread disengagement.\n- [blocker_missing_owner] Blocker owner is missing, preventing resolution."", ""priority"": 5, ""contributing_rules"": [""participation_critical_threshold"", ""blocker_missing_owner""], ""reasoning_trace"": [""Rules triggered:"", ""- [participation_critical_threshold] Participation dropped below 25%, indicating widespread disengagement. (priority 5)"", ""- [blocker_missing_owner] Blocker owner is missing, preventing resolution. (priority 5)"", """", ""Multiple high-priority cues detected:"", ""- participation_critical_threshold"", ""- blocker_missing_owner"", """", ""Composite intervention created because multiple cues exceeded the severity threshold."", """", ""Final decision: [multi_cue_composite] with priority 5."", ""Rationale: When several high-priority cues fire together, SAAM surfaces a composite intervention.""], ""teams_message"": ""**SAAM Intervention**\nCue: multi_cue\n\nMultiple issues detected:\n- Participation is critically low — the team may be disengaged.\n- A blocker has no owner — assign responsibility.\n\n**Reasoning Summary**\nRules triggered:\n- [participation_critical_threshold] Participation dropped below 25%, indicating widespread disengagement. (priority 5)\n- [blocker_missing_owner] Blocker owner is missing, preventing resolution. (priority 5)\n""}"
2026-05-23T11:37:56.246339+00:00,multi_cue,5,"Multiple issues detected:
- Participation is critically low — the team may be disengaged.
- A blocker has no owner — assign responsibility.","This intervention combines several high‑priority signals:
- [participation_critical_threshold] Participation dropped below 25%, indicating widespread disengagement.
- [blocker_missing_owner] Blocker owner is missing, preventing resolution.",multi_cue_composite,combined_signals,"When several high-priority cues fire together, SAAM surfaces a composite intervention.","{""rule_name"": ""multi_cue_composite"", ""rule_category"": ""combined_signals"", ""rationale"": ""When several high-priority cues fire together, SAAM surfaces a composite intervention."", ""cue"": ""multi_cue"", ""message"": ""Multiple issues detected:\n- Participation is critically low — the team may be disengaged.\n- A blocker has no owner — assign responsibility."", ""explanation"": ""This intervention combines several high‑priority signals:\n- [participation_critical_threshold] Participation dropped below 25%, indicating widespread disengagement.\n- [blocker_missing_owner] Blocker owner is missing, preventing resolution."", ""priority"": 5, ""contributing_rules"": [""participation_critical_threshold"", ""blocker_missing_owner""], ""reasoning_trace"": [""Rules triggered:"", ""- [participation_critical_threshold] Participation dropped below 25%, indicating widespread disengagement. (priority 5)"", ""- [blocker_missing_owner] Blocker owner is missing, preventing resolution. (priority 5)"", """", ""Multiple high-priority cues detected:"", ""- participation_critical_threshold"", ""- blocker_missing_owner"", """", ""Composite intervention created because multiple cues exceeded the severity threshold."", """", ""Final decision: [multi_cue_composite] with priority 5."", ""Rationale: When several high-priority cues fire together, SAAM surfaces a composite intervention.""], ""teams_message"": ""**SAAM Intervention**\nCue: multi_cue\n\nMultiple issues detected:\n- Participation is critically low — the team may be disengaged.\n- A blocker has no owner — assign responsibility.\n\n**Reasoning Summary**\nRules triggered:\n- [participation_critical_threshold] Participation dropped below 25%, indicating widespread disengagement. (priority 5)\n- [blocker_missing_owner] Blocker owner is missing, preventing resolution. (priority 5)\n""}"
2026-05-23T11:37:59.177502+00:00,multi_cue,5,"Multiple issues detected:
- Participation is critically low — the team may be disengaged.
- A blocker has no owner — assign responsibility.","This intervention combines several high‑priority signals:
- [participation_critical_threshold] Participation dropped below 25%, indicating widespread disengagement.
- [blocker_missing_owner] Blocker owner is missing, preventing resolution.",multi_cue_composite,combined_signals,"When several high-priority cues fire together, SAAM surfaces a composite intervention.","{""rule_name"": ""multi_cue_composite"", ""rule_category"": ""combined_signals"", ""rationale"": ""When several high-priority cues fire together, SAAM surfaces a composite intervention."", ""cue"": ""multi_cue"", ""message"": ""Multiple issues detected:\n- Participation is critically low — the team may be disengaged.\n- A blocker has no owner — assign responsibility."", ""explanation"": ""This intervention combines several high‑priority signals:\n- [participation_critical_threshold] Participation dropped below 25%, indicating widespread disengagement.\n- [blocker_missing_owner] Blocker owner is missing, preventing resolution."", ""priority"": 5, ""contributing_rules"": [""participation_critical_threshold"", ""blocker_missing_owner""], ""reasoning_trace"": [""Rules triggered:"", ""- [participation_critical_threshold] Participation dropped below 25%, indicating widespread disengagement. (priority 5)"", ""- [blocker_missing_owner] Blocker owner is missing, preventing resolution. (priority 5)"", """", ""Multiple high-priority cues detected:"", ""- participation_critical_threshold"", ""- blocker_missing_owner"", """", ""Composite intervention created because multiple cues exceeded the severity threshold."", """", ""Final decision: [multi_cue_composite] with priority 5."", ""Rationale: When several high-priority cues fire together, SAAM surfaces a composite intervention.""], ""teams_message"": ""**SAAM Intervention**\nCue: multi_cue\n\nMultiple issues detected:\n- Participation is critically low — the team may be disengaged.\n- A blocker has no owner — assign responsibility.\n\n**Reasoning Summary**\nRules triggered:\n- [participation_critical_threshold] Participation dropped below 25%, indicating widespread disengagement. (priority 5)\n- [blocker_missing_owner] Blocker owner is missing, preventing resolution. (priority 5)\n""}"
2026-05-23T11:38:03.881162+00:00,multi_cue,5,"Multiple issues detected:
- Participation is critically low — the team may be disengaged.
- A blocker has no owner — assign responsibility.","This intervention combines several high‑priority signals:
- [participation_critical_threshold] Participation dropped below 25%, indicating widespread disengagement.
- [blocker_missing_owner] Blocker owner is missing, preventing resolution.",multi_cue_composite,combined_signals,"When several high-priority cues fire together, SAAM surfaces a composite intervention.","{""rule_name"": ""multi_cue_composite"", ""rule_category"": ""combined_signals"", ""rationale"": ""When several high-priority cues fire together, SAAM surfaces a composite intervention."", ""cue"": ""multi_cue"", ""message"": ""Multiple issues detected:\n- Participation is critically low — the team may be disengaged.\n- A blocker has no owner — assign responsibility."", ""explanation"": ""This intervention combines several high‑priority signals:\n- [participation_critical_threshold] Participation dropped below 25%, indicating widespread disengagement.\n- [blocker_missing_owner] Blocker owner is missing, preventing resolution."", ""priority"": 5, ""contributing_rules"": [""participation_critical_threshold"", ""blocker_missing_owner""], ""reasoning_trace"": [""Rules triggered:"", ""- [participation_critical_threshold] Participation dropped below 25%, indicating widespread disengagement. (priority 5)"", ""- [blocker_missing_owner] Blocker owner is missing, preventing resolution. (priority 5)"", """", ""Multiple high-priority cues detected:"", ""- participation_critical_threshold"", ""- blocker_missing_owner"", """", ""Composite intervention created because multiple cues exceeded the severity threshold."", """", ""Final decision: [multi_cue_composite] with priority 5."", ""Rationale: When several high-priority cues fire together, SAAM surfaces a composite intervention.""], ""teams_message"": ""**SAAM Intervention**\nCue: multi_cue\n\nMultiple issues detected:\n- Participation is critically low — the team may be disengaged.\n- A blocker has no owner — assign responsibility.\n\n**Reasoning Summary**\nRules triggered:\n- [participation_critical_threshold] Participation dropped below 25%, indicating widespread disengagement. (priority 5)\n- [blocker_missing_owner] Blocker owner is missing, preventing resolution. (priority 5)\n""}"
2026-05-23T11:38:05.909772+00:00,multi_cue,5,"Multiple issues detected:
- Participation is critically low — the team may be disengaged.
- A blocker has no owner — assign responsibility.","This intervention combines several high‑priority signals:
- [participation_critical_threshold] Participation dropped below 25%, indicating widespread disengagement.
- [blocker_missing_owner] Blocker owner is missing, preventing resolution.",multi_cue_composite,combined_signals,"When several high-priority cues fire together, SAAM surfaces a composite intervention.","{""rule_name"": ""multi_cue_composite"", ""rule_category"": ""combined_signals"", ""rationale"": ""When several high-priority cues fire together, SAAM surfaces a composite intervention."", ""cue"": ""multi_cue"", ""message"": ""Multiple issues detected:\n- Participation is critically low — the team may be disengaged.\n- A blocker has no owner — assign responsibility."", ""explanation"": ""This intervention combines several high‑priority signals:\n- [participation_critical_threshold] Participation dropped below 25%, indicating widespread disengagement.\n- [blocker_missing_owner] Blocker owner is missing, preventing resolution."", ""priority"": 5, ""contributing_rules"": [""participation_critical_threshold"", ""blocker_missing_owner""], ""reasoning_trace"": [""Rules triggered:"", ""- [participation_critical_threshold] Participation dropped below 25%, indicating widespread disengagement. (priority 5)"", ""- [blocker_missing_owner] Blocker owner is missing, preventing resolution. (priority 5)"", """", ""Multiple high-priority cues detected:"", ""- participation_critical_threshold"", ""- blocker_missing_owner"", """", ""Composite intervention created because multiple cues exceeded the severity threshold."", """", ""Final decision: [multi_cue_composite] with priority 5."", ""Rationale: When several high-priority cues fire together, SAAM surfaces a composite intervention.""], ""teams_message"": ""**SAAM Intervention**\nCue: multi_cue\n\nMultiple issues detected:\n- Participation is critically low — the team may be disengaged.\n- A blocker has no owner — assign responsibility.\n\n**Reasoning Summary**\nRules triggered:\n- [participation_critical_threshold] Participation dropped below 25%, indicating widespread disengagement. (priority 5)\n- [blocker_missing_owner] Blocker owner is missing, preventing resolution. (priority 5)\n""}"
2026-05-23T11:38:07.034575+00:00,multi_cue,5,"Multiple issues detected:
- Participation is critically low — the team may be disengaged.
- A blocker has no owner — assign responsibility.","This intervention combines several high‑priority signals:
- [participation_critical_threshold] Participation dropped below 25%, indicating widespread disengagement.
- [blocker_missing_owner] Blocker owner is missing, preventing resolution.",multi_cue_composite,combined_signals,"When several high-priority cues fire together, SAAM surfaces a composite intervention.","{""rule_name"": ""multi_cue_composite"", ""rule_category"": ""combined_signals"", ""rationale"": ""When several high-priority cues fire together, SAAM surfaces a composite intervention."", ""cue"": ""multi_cue"", ""message"": ""Multiple issues detected:\n- Participation is critically low — the team may be disengaged.\n- A blocker has no owner — assign responsibility."", ""explanation"": ""This intervention combines several high‑priority signals:\n- [participation_critical_threshold] Participation dropped below 25%, indicating widespread disengagement.\n- [blocker_missing_owner] Blocker owner is missing, preventing resolution."", ""priority"": 5, ""contributing_rules"": [""participation_critical_threshold"", ""blocker_missing_owner""], ""reasoning_trace"": [""Rules triggered:"", ""- [participation_critical_threshold] Participation dropped below 25%, indicating widespread disengagement. (priority 5)"", ""- [blocker_missing_owner] Blocker owner is missing, preventing resolution. (priority 5)"", """", ""Multiple high-priority cues detected:"", ""- participation_critical_threshold"", ""- blocker_missing_owner"", """", ""Composite intervention created because multiple cues exceeded the severity threshold."", """", ""Final decision: [multi_cue_composite] with priority 5."", ""Rationale: When several high-priority cues fire together, SAAM surfaces a composite intervention.""], ""teams_message"": ""**SAAM Intervention**\nCue: multi_cue\n\nMultiple issues detected:\n- Participation is critically low — the team may be disengaged.\n- A blocker has no owner — assign responsibility.\n\n**Reasoning Summary**\nRules triggered:\n- [participation_critical_threshold] Participation dropped below 25%, indicating widespread disengagement. (priority 5)\n- [blocker_missing_owner] Blocker owner is missing, preventing resolution. (priority 5)\n""}"
2026-05-23T11:38:09.198704+00:00,multi_cue,5,"Multiple issues detected:
- Participation is critically low — the team may be disengaged.
- A blocker has no owner — assign responsibility.","This intervention combines several high‑priority signals:
- [participation_critical_threshold] Participation dropped below 25%, indicating widespread disengagement.
- [blocker_missing_owner] Blocker owner is missing, preventing resolution.",multi_cue_composite,combined_signals,"When several high-priority cues fire together, SAAM surfaces a composite intervention.","{""rule_name"": ""multi_cue_composite"", ""rule_category"": ""combined_signals"", ""rationale"": ""When several high-priority cues fire together, SAAM surfaces a composite intervention."", ""cue"": ""multi_cue"", ""message"": ""Multiple issues detected:\n- Participation is critically low — the team may be disengaged.\n- A blocker has no owner — assign responsibility."", ""explanation"": ""This intervention combines several high‑priority signals:\n- [participation_critical_threshold] Participation dropped below 25%, indicating widespread disengagement.\n- [blocker_missing_owner] Blocker owner is missing, preventing resolution."", ""priority"": 5, ""contributing_rules"": [""participation_critical_threshold"", ""blocker_missing_owner""], ""reasoning_trace"": [""Rules triggered:"", ""- [participation_critical_threshold] Participation dropped below 25%, indicating widespread disengagement. (priority 5)"", ""- [blocker_missing_owner] Blocker owner is missing, preventing resolution. (priority 5)"", """", ""Multiple high-priority cues detected:"", ""- participation_critical_threshold"", ""- blocker_missing_owner"", """", ""Composite intervention created because multiple cues exceeded the severity threshold."", """", ""Final decision: [multi_cue_composite] with priority 5."", ""Rationale: When several high-priority cues fire together, SAAM surfaces a composite intervention.""], ""teams_message"": ""**SAAM Intervention**\nCue: multi_cue\n\nMultiple issues detected:\n- Participation is critically low — the team may be disengaged.\n- A blocker has no owner — assign responsibility.\n\n**Reasoning Summary**\nRules triggered:\n- [participation_critical_threshold] Participation dropped below 25%, indicating widespread disengagement. (priority 5)\n- [blocker_missing_owner] Blocker owner is missing, preventing resolution. (priority 5)\n""}"
2026-05-23T11:38:26.683439+00:00,multi_cue,5,"Multiple issues detected:
- Participation is critically low — the team may be disengaged.
- A blocker has no owner — assign responsibility.","This intervention combines several high‑priority signals:
- [participation_critical_threshold] Participation dropped below 25%, indicating widespread disengagement.
- [blocker_missing_owner] Blocker owner is missing, preventing resolution.",multi_cue_composite,combined_signals,"When several high-priority cues fire together, SAAM surfaces a composite intervention.","{""rule_name"": ""multi_cue_composite"", ""rule_category"": ""combined_signals"", ""rationale"": ""When several high-priority cues fire together, SAAM surfaces a composite intervention."", ""cue"": ""multi_cue"", ""message"": ""Multiple issues detected:\n- Participation is critically low — the team may be disengaged.\n- A blocker has no owner — assign responsibility."", ""explanation"": ""This intervention combines several high‑priority signals:\n- [participation_critical_threshold] Participation dropped below 25%, indicating widespread disengagement.\n- [blocker_missing_owner] Blocker owner is missing, preventing resolution."", ""priority"": 5, ""contributing_rules"": [""participation_critical_threshold"", ""blocker_missing_owner""], ""reasoning_trace"": [""Rules triggered:"", ""- [participation_critical_threshold] Participation dropped below 25%, indicating widespread disengagement. (priority 5)"", ""- [blocker_missing_owner] Blocker owner is missing, preventing resolution. (priority 5)"", """", ""Multiple high-priority cues detected:"", ""- participation_critical_threshold"", ""- blocker_missing_owner"", """", ""Composite intervention created because multiple cues exceeded the severity threshold."", """", ""Final decision: [multi_cue_composite] with priority 5."", ""Rationale: When several high-priority cues fire together, SAAM surfaces a composite intervention.""], ""teams_message"": ""**SAAM Intervention**\nCue: multi_cue\n\nMultiple issues detected:\n- Participation is critically low — the team may be disengaged.\n- A blocker has no owner — assign responsibility.\n\n**Reasoning Summary**\nRules triggered:\n- [participation_critical_threshold] Participation dropped below 25%, indicating widespread disengagement. (priority 5)\n- [blocker_missing_owner] Blocker owner is missing, preventing resolution. (priority 5)\n""}"
2026-05-23T11:38:31.714031+00:00,multi_cue,5,"Multiple issues detected:
- Participation is critically low — the team may be disengaged.
- A blocker has no owner — assign responsibility.","This intervention combines several high‑priority signals:
- [participation_critical_threshold] Participation dropped below 25%, indicating widespread disengagement.
- [blocker_missing_owner] Blocker owner is missing, preventing resolution.",multi_cue_composite,combined_signals,"When several high-priority cues fire together, SAAM surfaces a composite intervention.","{""rule_name"": ""multi_cue_composite"", ""rule_category"": ""combined_signals"", ""rationale"": ""When several high-priority cues fire together, SAAM surfaces a composite intervention."", ""cue"": ""multi_cue"", ""message"": ""Multiple issues detected:\n- Participation is critically low — the team may be disengaged.\n- A blocker has no owner — assign responsibility."", ""explanation"": ""This intervention combines several high‑priority signals:\n- [participation_critical_threshold] Participation dropped below 25%, indicating widespread disengagement.\n- [blocker_missing_owner] Blocker owner is missing, preventing resolution."", ""priority"": 5, ""contributing_rules"": [""participation_critical_threshold"", ""blocker_missing_owner""], ""reasoning_trace"": [""Rules triggered:"", ""- [participation_critical_threshold] Participation dropped below 25%, indicating widespread disengagement. (priority 5)"", ""- [blocker_missing_owner] Blocker owner is missing, preventing resolution. (priority 5)"", """", ""Multiple high-priority cues detected:"", ""- participation_critical_threshold"", ""- blocker_missing_owner"", """", ""Composite intervention created because multiple cues exceeded the severity threshold."", """", ""Final decision: [multi_cue_composite] with priority 5."", ""Rationale: When several high-priority cues fire together, SAAM surfaces a composite intervention.""], ""teams_message"": ""**SAAM Intervention**\nCue: multi_cue\n\nMultiple issues detected:\n- Participation is critically low — the team may be disengaged.\n- A blocker has no owner — assign responsibility.\n\n**Reasoning Summary**\nRules triggered:\n- [participation_critical_threshold] Participation dropped below 25%, indicating widespread disengagement. (priority 5)\n- [blocker_missing_owner] Blocker owner is missing, preventing resolution. (priority 5)\n""}"
2026-05-23T11:39:39.455503+00:00,multi_cue,5,"Multiple issues detected:
- Participation is critically low — the team may be disengaged.
- A blocker has no owner — assign responsibility.","This intervention combines several high‑priority signals:
- [participation_critical_threshold] Participation dropped below 25%, indicating widespread disengagement.
- [blocker_missing_owner] Blocker owner is missing, preventing resolution.",multi_cue_composite,combined_signals,"When several high-priority cues fire together, SAAM surfaces a composite intervention.","{""rule_name"": ""multi_cue_composite"", ""rule_category"": ""combined_signals"", ""rationale"": ""When several high-priority cues fire together, SAAM surfaces a composite intervention."", ""cue"": ""multi_cue"", ""message"": ""Multiple issues detected:\n- Participation is critically low — the team may be disengaged.\n- A blocker has no owner — assign responsibility."", ""explanation"": ""This intervention combines several high‑priority signals:\n- [participation_critical_threshold] Participation dropped below 25%, indicating widespread disengagement.\n- [blocker_missing_owner] Blocker owner is missing, preventing resolution."", ""priority"": 5, ""contributing_rules"": [""participation_critical_threshold"", ""blocker_missing_owner""], ""reasoning_trace"": [""Rules triggered:"", ""- [participation_critical_threshold] Participation dropped below 25%, indicating widespread disengagement. (priority 5)"", ""- [blocker_missing_owner] Blocker owner is missing, preventing resolution. (priority 5)"", """", ""Multiple high-priority cues detected:"", ""- participation_critical_threshold"", ""- blocker_missing_owner"", """", ""Composite intervention created because multiple cues exceeded the severity threshold."", """", ""Final decision: [multi_cue_composite] with priority 5."", ""Rationale: When several high-priority cues fire together, SAAM surfaces a composite intervention.""], ""teams_message"": ""**SAAM Intervention**\nCue: multi_cue\n\nMultiple issues detected:\n- Participation is critically low — the team may be disengaged.\n- A blocker has no owner — assign responsibility.\n\n**Reasoning Summary**\nRules triggered:\n- [participation_critical_threshold] Participation dropped below 25%, indicating widespread disengagement. (priority 5)\n- [blocker_missing_owner] Blocker owner is missing, preventing resolution. (priority 5)\n""}"
2026-05-23T11:40:00.893475+00:00,multi_cue,5,"Multiple issues detected:
- Participation is critically low — the team may be disengaged.
- A blocker has no owner — assign responsibility.","This intervention combines several high‑priority signals:
- [participation_critical_threshold] Participation dropped below 25%, indicating widespread disengagement.
- [blocker_missing_owner] Blocker owner is missing, preventing resolution.",multi_cue_composite,combined_signals,"When several high-priority cues fire together, SAAM surfaces a composite intervention.","{""rule_name"": ""multi_cue_composite"", ""rule_category"": ""combined_signals"", ""rationale"": ""When several high-priority cues fire together, SAAM surfaces a composite intervention."", ""cue"": ""multi_cue"", ""message"": ""Multiple issues detected:\n- Participation is critically low — the team may be disengaged.\n- A blocker has no owner — assign responsibility."", ""explanation"": ""This intervention combines several high‑priority signals:\n- [participation_critical_threshold] Participation dropped below 25%, indicating widespread disengagement.\n- [blocker_missing_owner] Blocker owner is missing, preventing resolution."", ""priority"": 5, ""contributing_rules"": [""participation_critical_threshold"", ""blocker_missing_owner""], ""reasoning_trace"": [""Rules triggered:"", ""- [participation_critical_threshold] Participation dropped below 25%, indicating widespread disengagement. (priority 5)"", ""- [blocker_missing_owner] Blocker owner is missing, preventing resolution. (priority 5)"", """", ""Multiple high-priority cues detected:"", ""- participation_critical_threshold"", ""- blocker_missing_owner"", """", ""Composite intervention created because multiple cues exceeded the severity threshold."", """", ""Final decision: [multi_cue_composite] with priority 5."", ""Rationale: When several high-priority cues fire together, SAAM surfaces a composite intervention.""], ""teams_message"": ""**SAAM Intervention**\nCue: multi_cue\n\nMultiple issues detected:\n- Participation is critically low — the team may be disengaged.\n- A blocker has no owner — assign responsibility.\n\n**Reasoning Summary**\nRules triggered:\n- [participation_critical_threshold] Participation dropped below 25%, indicating widespread disengagement. (priority 5)\n- [blocker_missing_owner] Blocker owner is missing, preventing resolution. (priority 5)\n""}"
2026-05-23T11:40:10.082079+00:00,multi_cue,5,"Multiple issues detected:
- Participation is critically low — the team may be disengaged.
- A blocker has no owner — assign responsibility.","This intervention combines several high‑priority signals:
- [participation_critical_threshold] Participation dropped below 25%, indicating widespread disengagement.
- [blocker_missing_owner] Blocker owner is missing, preventing resolution.",multi_cue_composite,combined_signals,"When several high-priority cues fire together, SAAM surfaces a composite intervention.","{""rule_name"": ""multi_cue_composite"", ""rule_category"": ""combined_signals"", ""rationale"": ""When several high-priority cues fire together, SAAM surfaces a composite intervention."", ""cue"": ""multi_cue"", ""message"": ""Multiple issues detected:\n- Participation is critically low — the team may be disengaged.\n- A blocker has no owner — assign responsibility."", ""explanation"": ""This intervention combines several high‑priority signals:\n- [participation_critical_threshold] Participation dropped below 25%, indicating widespread disengagement.\n- [blocker_missing_owner] Blocker owner is missing, preventing resolution."", ""priority"": 5, ""contributing_rules"": [""participation_critical_threshold"", ""blocker_missing_owner""], ""reasoning_trace"": [""Rules triggered:"", ""- [participation_critical_threshold] Participation dropped below 25%, indicating widespread disengagement. (priority 5)"", ""- [blocker_missing_owner] Blocker owner is missing, preventing resolution. (priority 5)"", """", ""Multiple high-priority cues detected:"", ""- participation_critical_threshold"", ""- blocker_missing_owner"", """", ""Composite intervention created because multiple cues exceeded the severity threshold."", """", ""Final decision: [multi_cue_composite] with priority 5."", ""Rationale: When several high-priority cues fire together, SAAM surfaces a composite intervention.""], ""teams_message"": ""**SAAM Intervention**\nCue: multi_cue\n\nMultiple issues detected:\n- Participation is critically low — the team may be disengaged.\n- A blocker has no owner — assign responsibility.\n\n**Reasoning Summary**\nRules triggered:\n- [participation_critical_threshold] Participation dropped below 25%, indicating widespread disengagement. (priority 5)\n- [blocker_missing_owner] Blocker owner is missing, preventing resolution. (priority 5)\n""}"
2026-05-24T10:20:42.952967+00:00,multi_cue,4,"Multiple issues detected:
- One voice may be dominating — rebalance the discussion.
- Daily is running long — consider parking discussions.","This intervention combines several high‑priority signals:
- [dominance_critical_threshold] Talk-time imbalance exceeded 75%, indicating dominance.
- [daily_overrun] Time remaining is under 2 minutes in a Daily Scrum.",multi_cue_composite,combined_signals,"When several high-priority cues fire together, SAAM surfaces a composite intervention.","{""rule_name"": ""multi_cue_composite"", ""rule_category"": ""combined_signals"", ""rationale"": ""When several high-priority cues fire together, SAAM surfaces a composite intervention."", ""cue"": ""multi_cue"", ""message"": ""Multiple issues detected:\n- One voice may be dominating — rebalance the discussion.\n- Daily is running long — consider parking discussions."", ""explanation"": ""This intervention combines several high‑priority signals:\n- [dominance_critical_threshold] Talk-time imbalance exceeded 75%, indicating dominance.\n- [daily_overrun] Time remaining is under 2 minutes in a Daily Scrum."", ""priority"": 4, ""contributing_rules"": [""dominance_critical_threshold"", ""daily_overrun""], ""reasoning_trace"": [""Rules triggered:"", ""- [participation_low_threshold] Participation is below the healthy threshold of 45%. (priority 3)"", ""- [dominance_critical_threshold] Talk-time imbalance exceeded 75%, indicating dominance. (priority 4)"", ""- [blocker_stale_age] Blocker age is above 2 days, suggesting slow resolution. (priority 3)"", ""- [daily_overrun] Time remaining is under 2 minutes in a Daily Scrum. (priority 4)"", """", ""Multiple high-priority cues detected:"", ""- dominance_critical_threshold"", ""- daily_overrun"", """", ""Composite intervention created because multiple cues exceeded the severity threshold."", """", ""Final decision: [multi_cue_composite] with priority 4."", ""Rationale: When several high-priority cues fire together, SAAM surfaces a composite intervention.""], ""teams_message"": ""**SAAM Intervention**\nCue: multi_cue\n\nMultiple issues detected:\n- One voice may be dominating — rebalance the discussion.\n- Daily is running long — consider parking discussions.\n\n**Reasoning Summary**\nRules triggered:\n- [participation_low_threshold] Participation is below the healthy threshold of 45%. (priority 3)\n- [dominance_critical_threshold] Talk-time imbalance exceeded 75%, indicating dominance. (priority 4)\n- [blocker_stale_age] Blocker age is above 2 days, suggesting slow resolution. (priority 3)""}"
2026-05-24T10:21:46.172201+00:00,multi_cue,4,"Multiple issues detected:
- One voice may be dominating — rebalance the discussion.
- Daily is running long — consider parking discussions.","This intervention combines several high‑priority signals:
- [dominance_critical_threshold] Talk-time imbalance exceeded 75%, indicating dominance.
- [daily_overrun] Time remaining is under 2 minutes in a Daily Scrum.",multi_cue_composite,combined_signals,"When several high-priority cues fire together, SAAM surfaces a composite intervention.","{""rule_name"": ""multi_cue_composite"", ""rule_category"": ""combined_signals"", ""rationale"": ""When several high-priority cues fire together, SAAM surfaces a composite intervention."", ""cue"": ""multi_cue"", ""message"": ""Multiple issues detected:\n- One voice may be dominating — rebalance the discussion.\n- Daily is running long — consider parking discussions."", ""explanation"": ""This intervention combines several high‑priority signals:\n- [dominance_critical_threshold] Talk-time imbalance exceeded 75%, indicating dominance.\n- [daily_overrun] Time remaining is under 2 minutes in a Daily Scrum."", ""priority"": 4, ""contributing_rules"": [""dominance_critical_threshold"", ""daily_overrun""], ""reasoning_trace"": [""Rules triggered:"", ""- [participation_low_threshold] Participation is below the healthy threshold of 45%. (priority 3)"", ""- [dominance_critical_threshold] Talk-time imbalance exceeded 75%, indicating dominance. (priority 4)"", ""- [blocker_stale_age] Blocker age is above 2 days, suggesting slow resolution. (priority 3)"", ""- [daily_overrun] Time remaining is under 2 minutes in a Daily Scrum. (priority 4)"", """", ""Multiple high-priority cues detected:"", ""- dominance_critical_threshold"", ""- daily_overrun"", """", ""Composite intervention created because multiple cues exceeded the severity threshold."", """", ""Final decision: [multi_cue_composite] with priority 4."", ""Rationale: When several high-priority cues fire together, SAAM surfaces a composite intervention.""], ""teams_message"": ""**SAAM Intervention**\nCue: multi_cue\n\nMultiple issues detected:\n- One voice may be dominating — rebalance the discussion.\n- Daily is running long — consider parking discussions.\n\n**Reasoning Summary**\nRules triggered:\n- [participation_low_threshold] Participation is below the healthy threshold of 45%. (priority 3)\n- [dominance_critical_threshold] Talk-time imbalance exceeded 75%, indicating dominance. (priority 4)\n- [blocker_stale_age] Blocker age is above 2 days, suggesting slow resolution. (priority 3)""}"
2026-05-24T10:22:26.977151+00:00,multi_cue,5,"Multiple issues detected:
- Participation is critically low — the team may be disengaged.
- A blocker has no owner — assign responsibility.","This intervention combines several high‑priority signals:
- [participation_critical_threshold] Participation dropped below 25%, indicating widespread disengagement.
- [blocker_missing_owner] Blocker owner is missing, preventing resolution.",multi_cue_composite,combined_signals,"When several high-priority cues fire together, SAAM surfaces a composite intervention.","{""rule_name"": ""multi_cue_composite"", ""rule_category"": ""combined_signals"", ""rationale"": ""When several high-priority cues fire together, SAAM surfaces a composite intervention."", ""cue"": ""multi_cue"", ""message"": ""Multiple issues detected:\n- Participation is critically low — the team may be disengaged.\n- A blocker has no owner — assign responsibility."", ""explanation"": ""This intervention combines several high‑priority signals:\n- [participation_critical_threshold] Participation dropped below 25%, indicating widespread disengagement.\n- [blocker_missing_owner] Blocker owner is missing, preventing resolution."", ""priority"": 5, ""contributing_rules"": [""participation_critical_threshold"", ""blocker_missing_owner""], ""reasoning_trace"": [""Rules triggered:"", ""- [participation_critical_threshold] Participation dropped below 25%, indicating widespread disengagement. (priority 5)"", ""- [blocker_missing_owner] Blocker owner is missing, preventing resolution. (priority 5)"", """", ""Multiple high-priority cues detected:"", ""- participation_critical_threshold"", ""- blocker_missing_owner"", """", ""Composite intervention created because multiple cues exceeded the severity threshold."", """", ""Final decision: [multi_cue_composite] with priority 5."", ""Rationale: When several high-priority cues fire together, SAAM surfaces a composite intervention.""], ""teams_message"": ""**SAAM Intervention**\nCue: multi_cue\n\nMultiple issues detected:\n- Participation is critically low — the team may be disengaged.\n- A blocker has no owner — assign responsibility.\n\n**Reasoning Summary**\nRules triggered:\n- [participation_critical_threshold] Participation dropped below 25%, indicating widespread disengagement. (priority 5)\n- [blocker_missing_owner] Blocker owner is missing, preventing resolution. (priority 5)\n""}"
2026-05-24T10:22:36.777257+00:00,multi_cue,5,"Multiple issues detected:
- Participation is critically low — the team may be disengaged.
- A blocker has no owner — assign responsibility.","This intervention combines several high‑priority signals:
- [participation_critical_threshold] Participation dropped below 25%, indicating widespread disengagement.
- [blocker_missing_owner] Blocker owner is missing, preventing resolution.",multi_cue_composite,combined_signals,"When several high-priority cues fire together, SAAM surfaces a composite intervention.","{""rule_name"": ""multi_cue_composite"", ""rule_category"": ""combined_signals"", ""rationale"": ""When several high-priority cues fire together, SAAM surfaces a composite intervention."", ""cue"": ""multi_cue"", ""message"": ""Multiple issues detected:\n- Participation is critically low — the team may be disengaged.\n- A blocker has no owner — assign responsibility."", ""explanation"": ""This intervention combines several high‑priority signals:\n- [participation_critical_threshold] Participation dropped below 25%, indicating widespread disengagement.\n- [blocker_missing_owner] Blocker owner is missing, preventing resolution."", ""priority"": 5, ""contributing_rules"": [""participation_critical_threshold"", ""blocker_missing_owner""], ""reasoning_trace"": [""Rules triggered:"", ""- [participation_critical_threshold] Participation dropped below 25%, indicating widespread disengagement. (priority 5)"", ""- [blocker_missing_owner] Blocker owner is missing, preventing resolution. (priority 5)"", """", ""Multiple high-priority cues detected:"", ""- participation_critical_threshold"", ""- blocker_missing_owner"", """", ""Composite intervention created because multiple cues exceeded the severity threshold."", """", ""Final decision: [multi_cue_composite] with priority 5."", ""Rationale: When several high-priority cues fire together, SAAM surfaces a composite intervention.""], ""teams_message"": ""**SAAM Intervention**\nCue: multi_cue\n\nMultiple issues detected:\n- Participation is critically low — the team may be disengaged.\n- A blocker has no owner — assign responsibility.\n\n**Reasoning Summary**\nRules triggered:\n- [participation_critical_threshold] Participation dropped below 25%, indicating widespread disengagement. (priority 5)\n- [blocker_missing_owner] Blocker owner is missing, preventing resolution. (priority 5)\n""}"
2026-05-24T10:22:36.948666+00:00,multi_cue,5,"Multiple issues detected:
- Participation is critically low — the team may be disengaged.
- A blocker has no owner — assign responsibility.","This intervention combines several high‑priority signals:
- [participation_critical_threshold] Participation dropped below 25%, indicating widespread disengagement.
- [blocker_missing_owner] Blocker owner is missing, preventing resolution.",multi_cue_composite,combined_signals,"When several high-priority cues fire together, SAAM surfaces a composite intervention.","{""rule_name"": ""multi_cue_composite"", ""rule_category"": ""combined_signals"", ""rationale"": ""When several high-priority cues fire together, SAAM surfaces a composite intervention."", ""cue"": ""multi_cue"", ""message"": ""Multiple issues detected:\n- Participation is critically low — the team may be disengaged.\n- A blocker has no owner — assign responsibility."", ""explanation"": ""This intervention combines several high‑priority signals:\n- [participation_critical_threshold] Participation dropped below 25%, indicating widespread disengagement.\n- [blocker_missing_owner] Blocker owner is missing, preventing resolution."", ""priority"": 5, ""contributing_rules"": [""participation_critical_threshold"", ""blocker_missing_owner""], ""reasoning_trace"": [""Rules triggered:"", ""- [participation_critical_threshold] Participation dropped below 25%, indicating widespread disengagement. (priority 5)"", ""- [blocker_missing_owner] Blocker owner is missing, preventing resolution. (priority 5)"", """", ""Multiple high-priority cues detected:"", ""- participation_critical_threshold"", ""- blocker_missing_owner"", """", ""Composite intervention created because multiple cues exceeded the severity threshold."", """", ""Final decision: [multi_cue_composite] with priority 5."", ""Rationale: When several high-priority cues fire together, SAAM surfaces a composite intervention.""], ""teams_message"": ""**SAAM Intervention**\nCue: multi_cue\n\nMultiple issues detected:\n- Participation is critically low — the team may be disengaged.\n- A blocker has no owner — assign responsibility.\n\n**Reasoning Summary**\nRules triggered:\n- [participation_critical_threshold] Participation dropped below 25%, indicating widespread disengagement. (priority 5)\n- [blocker_missing_owner] Blocker owner is missing, preventing resolution. (priority 5)\n""}"
2026-05-24T10:22:45.702515+00:00,multi_cue,5,"Multiple issues detected:
- Participation is critically low — the team may be disengaged.
- A blocker has no owner — assign responsibility.","This intervention combines several high‑priority signals:
- [participation_critical_threshold] Participation dropped below 25%, indicating widespread disengagement.
- [blocker_missing_owner] Blocker owner is missing, preventing resolution.",multi_cue_composite,combined_signals,"When several high-priority cues fire together, SAAM surfaces a composite intervention.","{""rule_name"": ""multi_cue_composite"", ""rule_category"": ""combined_signals"", ""rationale"": ""When several high-priority cues fire together, SAAM surfaces a composite intervention."", ""cue"": ""multi_cue"", ""message"": ""Multiple issues detected:\n- Participation is critically low — the team may be disengaged.\n- A blocker has no owner — assign responsibility."", ""explanation"": ""This intervention combines several high‑priority signals:\n- [participation_critical_threshold] Participation dropped below 25%, indicating widespread disengagement.\n- [blocker_missing_owner] Blocker owner is missing, preventing resolution."", ""priority"": 5, ""contributing_rules"": [""participation_critical_threshold"", ""blocker_missing_owner""], ""reasoning_trace"": [""Rules triggered:"", ""- [participation_critical_threshold] Participation dropped below 25%, indicating widespread disengagement. (priority 5)"", ""- [blocker_missing_owner] Blocker owner is missing, preventing resolution. (priority 5)"", """", ""Multiple high-priority cues detected:"", ""- participation_critical_threshold"", ""- blocker_missing_owner"", """", ""Composite intervention created because multiple cues exceeded the severity threshold."", """", ""Final decision: [multi_cue_composite] with priority 5."", ""Rationale: When several high-priority cues fire together, SAAM surfaces a composite intervention.""], ""teams_message"": ""**SAAM Intervention**\nCue: multi_cue\n\nMultiple issues detected:\n- Participation is critically low — the team may be disengaged.\n- A blocker has no owner — assign responsibility.\n\n**Reasoning Summary**\nRules triggered:\n- [participation_critical_threshold] Participation dropped below 25%, indicating widespread disengagement. (priority 5)\n- [blocker_missing_owner] Blocker owner is missing, preventing resolution. (priority 5)\n""}"
2026-05-24T10:22:48.307914+00:00,multi_cue,5,"Multiple issues detected:
- Participation is critically low — the team may be disengaged.
- A blocker has no owner — assign responsibility.","This intervention combines several high‑priority signals:
- [participation_critical_threshold] Participation dropped below 25%, indicating widespread disengagement.
- [blocker_missing_owner] Blocker owner is missing, preventing resolution.",multi_cue_composite,combined_signals,"When several high-priority cues fire together, SAAM surfaces a composite intervention.","{""rule_name"": ""multi_cue_composite"", ""rule_category"": ""combined_signals"", ""rationale"": ""When several high-priority cues fire together, SAAM surfaces a composite intervention."", ""cue"": ""multi_cue"", ""message"": ""Multiple issues detected:\n- Participation is critically low — the team may be disengaged.\n- A blocker has no owner — assign responsibility."", ""explanation"": ""This intervention combines several high‑priority signals:\n- [participation_critical_threshold] Participation dropped below 25%, indicating widespread disengagement.\n- [blocker_missing_owner] Blocker owner is missing, preventing resolution."", ""priority"": 5, ""contributing_rules"": [""participation_critical_threshold"", ""blocker_missing_owner""], ""reasoning_trace"": [""Rules triggered:"", ""- [participation_critical_threshold] Participation dropped below 25%, indicating widespread disengagement. (priority 5)"", ""- [blocker_missing_owner] Blocker owner is missing, preventing resolution. (priority 5)"", """", ""Multiple high-priority cues detected:"", ""- participation_critical_threshold"", ""- blocker_missing_owner"", """", ""Composite intervention created because multiple cues exceeded the severity threshold."", """", ""Final decision: [multi_cue_composite] with priority 5."", ""Rationale: When several high-priority cues fire together, SAAM surfaces a composite intervention.""], ""teams_message"": ""**SAAM Intervention**\nCue: multi_cue\n\nMultiple issues detected:\n- Participation is critically low — the team may be disengaged.\n- A blocker has no owner — assign responsibility.\n\n**Reasoning Summary**\nRules triggered:\n- [participation_critical_threshold] Participation dropped below 25%, indicating widespread disengagement. (priority 5)\n- [blocker_missing_owner] Blocker owner is missing, preventing resolution. (priority 5)\n""}"
2026-05-24T10:23:23.715295+00:00,multi_cue,5,"Multiple issues detected:
- Participation is critically low — the team may be disengaged.
- A blocker has no owner — assign responsibility.","This intervention combines several high‑priority signals:
- [participation_critical_threshold] Participation dropped below 25%, indicating widespread disengagement.
- [blocker_missing_owner] Blocker owner is missing, preventing resolution.",multi_cue_composite,combined_signals,"When several high-priority cues fire together, SAAM surfaces a composite intervention.","{""rule_name"": ""multi_cue_composite"", ""rule_category"": ""combined_signals"", ""rationale"": ""When several high-priority cues fire together, SAAM surfaces a composite intervention."", ""cue"": ""multi_cue"", ""message"": ""Multiple issues detected:\n- Participation is critically low — the team may be disengaged.\n- A blocker has no owner — assign responsibility."", ""explanation"": ""This intervention combines several high‑priority signals:\n- [participation_critical_threshold] Participation dropped below 25%, indicating widespread disengagement.\n- [blocker_missing_owner] Blocker owner is missing, preventing resolution."", ""priority"": 5, ""contributing_rules"": [""participation_critical_threshold"", ""blocker_missing_owner""], ""reasoning_trace"": [""Rules triggered:"", ""- [participation_critical_threshold] Participation dropped below 25%, indicating widespread disengagement. (priority 5)"", ""- [blocker_missing_owner] Blocker owner is missing, preventing resolution. (priority 5)"", """", ""Multiple high-priority cues detected:"", ""- participation_critical_threshold"", ""- blocker_missing_owner"", """", ""Composite intervention created because multiple cues exceeded the severity threshold."", """", ""Final decision: [multi_cue_composite] with priority 5."", ""Rationale: When several high-priority cues fire together, SAAM surfaces a composite intervention.""], ""teams_message"": ""**SAAM Intervention**\nCue: multi_cue\n\nMultiple issues detected:\n- Participation is critically low — the team may be disengaged.\n- A blocker has no owner — assign responsibility.\n\n**Reasoning Summary**\nRules triggered:\n- [participation_critical_threshold] Participation dropped below 25%, indicating widespread disengagement. (priority 5)\n- [blocker_missing_owner] Blocker owner is missing, preventing resolution. (priority 5)\n""}"
2026-05-24T10:23:38.276840+00:00,multi_cue,5,"Multiple issues detected:
- Participation is critically low — the team may be disengaged.
- A blocker has no owner — assign responsibility.","This intervention combines several high‑priority signals:
- [participation_critical_threshold] Participation dropped below 25%, indicating widespread disengagement.
- [blocker_missing_owner] Blocker owner is missing, preventing resolution.",multi_cue_composite,combined_signals,"When several high-priority cues fire together, SAAM surfaces a composite intervention.","{""rule_name"": ""multi_cue_composite"", ""rule_category"": ""combined_signals"", ""rationale"": ""When several high-priority cues fire together, SAAM surfaces a composite intervention."", ""cue"": ""multi_cue"", ""message"": ""Multiple issues detected:\n- Participation is critically low — the team may be disengaged.\n- A blocker has no owner — assign responsibility."", ""explanation"": ""This intervention combines several high‑priority signals:\n- [participation_critical_threshold] Participation dropped below 25%, indicating widespread disengagement.\n- [blocker_missing_owner] Blocker owner is missing, preventing resolution."", ""priority"": 5, ""contributing_rules"": [""participation_critical_threshold"", ""blocker_missing_owner""], ""reasoning_trace"": [""Rules triggered:"", ""- [participation_critical_threshold] Participation dropped below 25%, indicating widespread disengagement. (priority 5)"", ""- [blocker_missing_owner] Blocker owner is missing, preventing resolution. (priority 5)"", """", ""Multiple high-priority cues detected:"", ""- participation_critical_threshold"", ""- blocker_missing_owner"", """", ""Composite intervention created because multiple cues exceeded the severity threshold."", """", ""Final decision: [multi_cue_composite] with priority 5."", ""Rationale: When several high-priority cues fire together, SAAM surfaces a composite intervention.""], ""teams_message"": ""**SAAM Intervention**\nCue: multi_cue\n\nMultiple issues detected:\n- Participation is critically low — the team may be disengaged.\n- A blocker has no owner — assign responsibility.\n\n**Reasoning Summary**\nRules triggered:\n- [participation_critical_threshold] Participation dropped below 25%, indicating widespread disengagement. (priority 5)\n- [blocker_missing_owner] Blocker owner is missing, preventing resolution. (priority 5)\n""}"
2026-05-24T10:23:40.645297+00:00,multi_cue,5,"Multiple issues detected:
- Participation is critically low — the team may be disengaged.
- A blocker has no owner — assign responsibility.","This intervention combines several high‑priority signals:
- [participation_critical_threshold] Participation dropped below 25%, indicating widespread disengagement.
- [blocker_missing_owner] Blocker owner is missing, preventing resolution.",multi_cue_composite,combined_signals,"When several high-priority cues fire together, SAAM surfaces a composite intervention.","{""rule_name"": ""multi_cue_composite"", ""rule_category"": ""combined_signals"", ""rationale"": ""When several high-priority cues fire together, SAAM surfaces a composite intervention."", ""cue"": ""multi_cue"", ""message"": ""Multiple issues detected:\n- Participation is critically low — the team may be disengaged.\n- A blocker has no owner — assign responsibility."", ""explanation"": ""This intervention combines several high‑priority signals:\n- [participation_critical_threshold] Participation dropped below 25%, indicating widespread disengagement.\n- [blocker_missing_owner] Blocker owner is missing, preventing resolution."", ""priority"": 5, ""contributing_rules"": [""participation_critical_threshold"", ""blocker_missing_owner""], ""reasoning_trace"": [""Rules triggered:"", ""- [participation_critical_threshold] Participation dropped below 25%, indicating widespread disengagement. (priority 5)"", ""- [blocker_missing_owner] Blocker owner is missing, preventing resolution. (priority 5)"", """", ""Multiple high-priority cues detected:"", ""- participation_critical_threshold"", ""- blocker_missing_owner"", """", ""Composite intervention created because multiple cues exceeded the severity threshold."", """", ""Final decision: [multi_cue_composite] with priority 5."", ""Rationale: When several high-priority cues fire together, SAAM surfaces a composite intervention.""], ""teams_message"": ""**SAAM Intervention**\nCue: multi_cue\n\nMultiple issues detected:\n- Participation is critically low — the team may be disengaged.\n- A blocker has no owner — assign responsibility.\n\n**Reasoning Summary**\nRules triggered:\n- [participation_critical_threshold] Participation dropped below 25%, indicating widespread disengagement. (priority 5)\n- [blocker_missing_owner] Blocker owner is missing, preventing resolution. (priority 5)\n""}"
2026-05-24T10:23:43.796440+00:00,multi_cue,5,"Multiple issues detected:
- Participation is critically low — the team may be disengaged.
- A blocker has no owner — assign responsibility.","This intervention combines several high‑priority signals:
- [participation_critical_threshold] Participation dropped below 25%, indicating widespread disengagement.
- [blocker_missing_owner] Blocker owner is missing, preventing resolution.",multi_cue_composite,combined_signals,"When several high-priority cues fire together, SAAM surfaces a composite intervention.","{""rule_name"": ""multi_cue_composite"", ""rule_category"": ""combined_signals"", ""rationale"": ""When several high-priority cues fire together, SAAM surfaces a composite intervention."", ""cue"": ""multi_cue"", ""message"": ""Multiple issues detected:\n- Participation is critically low — the team may be disengaged.\n- A blocker has no owner — assign responsibility."", ""explanation"": ""This intervention combines several high‑priority signals:\n- [participation_critical_threshold] Participation dropped below 25%, indicating widespread disengagement.\n- [blocker_missing_owner] Blocker owner is missing, preventing resolution."", ""priority"": 5, ""contributing_rules"": [""participation_critical_threshold"", ""blocker_missing_owner""], ""reasoning_trace"": [""Rules triggered:"", ""- [participation_critical_threshold] Participation dropped below 25%, indicating widespread disengagement. (priority 5)"", ""- [blocker_missing_owner] Blocker owner is missing, preventing resolution. (priority 5)"", """", ""Multiple high-priority cues detected:"", ""- participation_critical_threshold"", ""- blocker_missing_owner"", """", ""Composite intervention created because multiple cues exceeded the severity threshold."", """", ""Final decision: [multi_cue_composite] with priority 5."", ""Rationale: When several high-priority cues fire together, SAAM surfaces a composite intervention.""], ""teams_message"": ""**SAAM Intervention**\nCue: multi_cue\n\nMultiple issues detected:\n- Participation is critically low — the team may be disengaged.\n- A blocker has no owner — assign responsibility.\n\n**Reasoning Summary**\nRules triggered:\n- [participation_critical_threshold] Participation dropped below 25%, indicating widespread disengagement. (priority 5)\n- [blocker_missing_owner] Blocker owner is missing, preventing resolution. (priority 5)\n""}"
2026-05-24T10:23:44.042591+00:00,multi_cue,5,"Multiple issues detected:
- Participation is critically low — the team may be disengaged.
- A blocker has no owner — assign responsibility.","This intervention combines several high‑priority signals:
- [participation_critical_threshold] Participation dropped below 25%, indicating widespread disengagement.
- [blocker_missing_owner] Blocker owner is missing, preventing resolution.",multi_cue_composite,combined_signals,"When several high-priority cues fire together, SAAM surfaces a composite intervention.","{""rule_name"": ""multi_cue_composite"", ""rule_category"": ""combined_signals"", ""rationale"": ""When several high-priority cues fire together, SAAM surfaces a composite intervention."", ""cue"": ""multi_cue"", ""message"": ""Multiple issues detected:\n- Participation is critically low — the team may be disengaged.\n- A blocker has no owner — assign responsibility."", ""explanation"": ""This intervention combines several high‑priority signals:\n- [participation_critical_threshold] Participation dropped below 25%, indicating widespread disengagement.\n- [blocker_missing_owner] Blocker owner is missing, preventing resolution."", ""priority"": 5, ""contributing_rules"": [""participation_critical_threshold"", ""blocker_missing_owner""], ""reasoning_trace"": [""Rules triggered:"", ""- [participation_critical_threshold] Participation dropped below 25%, indicating widespread disengagement. (priority 5)"", ""- [blocker_missing_owner] Blocker owner is missing, preventing resolution. (priority 5)"", """", ""Multiple high-priority cues detected:"", ""- participation_critical_threshold"", ""- blocker_missing_owner"", """", ""Composite intervention created because multiple cues exceeded the severity threshold."", """", ""Final decision: [multi_cue_composite] with priority 5."", ""Rationale: When several high-priority cues fire together, SAAM surfaces a composite intervention.""], ""teams_message"": ""**SAAM Intervention**\nCue: multi_cue\n\nMultiple issues detected:\n- Participation is critically low — the team may be disengaged.\n- A blocker has no owner — assign responsibility.\n\n**Reasoning Summary**\nRules triggered:\n- [participation_critical_threshold] Participation dropped below 25%, indicating widespread disengagement. (priority 5)\n- [blocker_missing_owner] Blocker owner is missing, preventing resolution. (priority 5)\n""}"
2026-05-24T10:26:11.827801+00:00,multi_cue,5,"Multiple issues detected:
- Participation is critically low — the team may be disengaged.
- A blocker has no owner — assign responsibility.","This intervention combines several high‑priority signals:
- [participation_critical_threshold] Participation dropped below 25%, indicating widespread disengagement.
- [blocker_missing_owner] Blocker owner is missing, preventing resolution.",multi_cue_composite,combined_signals,"When several high-priority cues fire together, SAAM surfaces a composite intervention.","{""rule_name"": ""multi_cue_composite"", ""rule_category"": ""combined_signals"", ""rationale"": ""When several high-priority cues fire together, SAAM surfaces a composite intervention."", ""cue"": ""multi_cue"", ""message"": ""Multiple issues detected:\n- Participation is critically low — the team may be disengaged.\n- A blocker has no owner — assign responsibility."", ""explanation"": ""This intervention combines several high‑priority signals:\n- [participation_critical_threshold] Participation dropped below 25%, indicating widespread disengagement.\n- [blocker_missing_owner] Blocker owner is missing, preventing resolution."", ""priority"": 5, ""contributing_rules"": [""participation_critical_threshold"", ""blocker_missing_owner""], ""reasoning_trace"": [""Rules triggered:"", ""- [participation_critical_threshold] Participation dropped below 25%, indicating widespread disengagement. (priority 5)"", ""- [blocker_missing_owner] Blocker owner is missing, preventing resolution. (priority 5)"", """", ""Multiple high-priority cues detected:"", ""- participation_critical_threshold"", ""- blocker_missing_owner"", """", ""Composite intervention created because multiple cues exceeded the severity threshold."", """", ""Final decision: [multi_cue_composite] with priority 5."", ""Rationale: When several high-priority cues fire together, SAAM surfaces a composite intervention.""], ""teams_message"": ""**SAAM Intervention**\nCue: multi_cue\n\nMultiple issues detected:\n- Participation is critically low — the team may be disengaged.\n- A blocker has no owner — assign responsibility.\n\n**Reasoning Summary**\nRules triggered:\n- [participation_critical_threshold] Participation dropped below 25%, indicating widespread disengagement. (priority 5)\n- [blocker_missing_owner] Blocker owner is missing, preventing resolution. (priority 5)\n""}"
2026-05-24T10:26:12.848405+00:00,multi_cue,5,"Multiple issues detected:
- Participation is critically low — the team may be disengaged.
- A blocker has no owner — assign responsibility.","This intervention combines several high‑priority signals:
- [participation_critical_threshold] Participation dropped below 25%, indicating widespread disengagement.
- [blocker_missing_owner] Blocker owner is missing, preventing resolution.",multi_cue_composite,combined_signals,"When several high-priority cues fire together, SAAM surfaces a composite intervention.","{""rule_name"": ""multi_cue_composite"", ""rule_category"": ""combined_signals"", ""rationale"": ""When several high-priority cues fire together, SAAM surfaces a composite intervention."", ""cue"": ""multi_cue"", ""message"": ""Multiple issues detected:\n- Participation is critically low — the team may be disengaged.\n- A blocker has no owner — assign responsibility."", ""explanation"": ""This intervention combines several high‑priority signals:\n- [participation_critical_threshold] Participation dropped below 25%, indicating widespread disengagement.\n- [blocker_missing_owner] Blocker owner is missing, preventing resolution."", ""priority"": 5, ""contributing_rules"": [""participation_critical_threshold"", ""blocker_missing_owner""], ""reasoning_trace"": [""Rules triggered:"", ""- [participation_critical_threshold] Participation dropped below 25%, indicating widespread disengagement. (priority 5)"", ""- [blocker_missing_owner] Blocker owner is missing, preventing resolution. (priority 5)"", """", ""Multiple high-priority cues detected:"", ""- participation_critical_threshold"", ""- blocker_missing_owner"", """", ""Composite intervention created because multiple cues exceeded the severity threshold."", """", ""Final decision: [multi_cue_composite] with priority 5."", ""Rationale: When several high-priority cues fire together, SAAM surfaces a composite intervention.""], ""teams_message"": ""**SAAM Intervention**\nCue: multi_cue\n\nMultiple issues detected:\n- Participation is critically low — the team may be disengaged.\n- A blocker has no owner — assign responsibility.\n\n**Reasoning Summary**\nRules triggered:\n- [participation_critical_threshold] Participation dropped below 25%, indicating widespread disengagement. (priority 5)\n- [blocker_missing_owner] Blocker owner is missing, preventing resolution. (priority 5)\n""}"
2026-05-24T10:26:15.299133+00:00,multi_cue,5,"Multiple issues detected:
- Participation is critically low — the team may be disengaged.
- A blocker has no owner — assign responsibility.","This intervention combines several high‑priority signals:
- [participation_critical_threshold] Participation dropped below 25%, indicating widespread disengagement.
- [blocker_missing_owner] Blocker owner is missing, preventing resolution.",multi_cue_composite,combined_signals,"When several high-priority cues fire together, SAAM surfaces a composite intervention.","{""rule_name"": ""multi_cue_composite"", ""rule_category"": ""combined_signals"", ""rationale"": ""When several high-priority cues fire together, SAAM surfaces a composite intervention."", ""cue"": ""multi_cue"", ""message"": ""Multiple issues detected:\n- Participation is critically low — the team may be disengaged.\n- A blocker has no owner — assign responsibility."", ""explanation"": ""This intervention combines several high‑priority signals:\n- [participation_critical_threshold] Participation dropped below 25%, indicating widespread disengagement.\n- [blocker_missing_owner] Blocker owner is missing, preventing resolution."", ""priority"": 5, ""contributing_rules"": [""participation_critical_threshold"", ""blocker_missing_owner""], ""reasoning_trace"": [""Rules triggered:"", ""- [participation_critical_threshold] Participation dropped below 25%, indicating widespread disengagement. (priority 5)"", ""- [blocker_missing_owner] Blocker owner is missing, preventing resolution. (priority 5)"", """", ""Multiple high-priority cues detected:"", ""- participation_critical_threshold"", ""- blocker_missing_owner"", """", ""Composite intervention created because multiple cues exceeded the severity threshold."", """", ""Final decision: [multi_cue_composite] with priority 5."", ""Rationale: When several high-priority cues fire together, SAAM surfaces a composite intervention.""], ""teams_message"": ""**SAAM Intervention**\nCue: multi_cue\n\nMultiple issues detected:\n- Participation is critically low — the team may be disengaged.\n- A blocker has no owner — assign responsibility.\n\n**Reasoning Summary**\nRules triggered:\n- [participation_critical_threshold] Participation dropped below 25%, indicating widespread disengagement. (priority 5)\n- [blocker_missing_owner] Blocker owner is missing, preventing resolution. (priority 5)\n""}"
2026-05-24T10:26:16.447738+00:00,multi_cue,5,"Multiple issues detected:
- Participation is critically low — the team may be disengaged.
- A blocker has no owner — assign responsibility.","This intervention combines several high‑priority signals:
- [participation_critical_threshold] Participation dropped below 25%, indicating widespread disengagement.
- [blocker_missing_owner] Blocker owner is missing, preventing resolution.",multi_cue_composite,combined_signals,"When several high-priority cues fire together, SAAM surfaces a composite intervention.","{""rule_name"": ""multi_cue_composite"", ""rule_category"": ""combined_signals"", ""rationale"": ""When several high-priority cues fire together, SAAM surfaces a composite intervention."", ""cue"": ""multi_cue"", ""message"": ""Multiple issues detected:\n- Participation is critically low — the team may be disengaged.\n- A blocker has no owner — assign responsibility."", ""explanation"": ""This intervention combines several high‑priority signals:\n- [participation_critical_threshold] Participation dropped below 25%, indicating widespread disengagement.\n- [blocker_missing_owner] Blocker owner is missing, preventing resolution."", ""priority"": 5, ""contributing_rules"": [""participation_critical_threshold"", ""blocker_missing_owner""], ""reasoning_trace"": [""Rules triggered:"", ""- [participation_critical_threshold] Participation dropped below 25%, indicating widespread disengagement. (priority 5)"", ""- [blocker_missing_owner] Blocker owner is missing, preventing resolution. (priority 5)"", """", ""Multiple high-priority cues detected:"", ""- participation_critical_threshold"", ""- blocker_missing_owner"", """", ""Composite intervention created because multiple cues exceeded the severity threshold."", """", ""Final decision: [multi_cue_composite] with priority 5."", ""Rationale: When several high-priority cues fire together, SAAM surfaces a composite intervention.""], ""teams_message"": ""**SAAM Intervention**\nCue: multi_cue\n\nMultiple issues detected:\n- Participation is critically low — the team may be disengaged.\n- A blocker has no owner — assign responsibility.\n\n**Reasoning Summary**\nRules triggered:\n- [participation_critical_threshold] Participation dropped below 25%, indicating widespread disengagement. (priority 5)\n- [blocker_missing_owner] Blocker owner is missing, preventing resolution. (priority 5)\n""}"
2026-05-24T10:26:18.105125+00:00,critical_low_participation,5,Participation is critically low — the team may be disengaged.,"Participation dropped below 25%, indicating widespread disengagement.",participation_critical_threshold,participation,Critical participation levels indicate disengagement and psychological safety risks.,"{""rule_name"": ""participation_critical_threshold"", ""rule_category"": ""participation"", ""rationale"": ""Critical participation levels indicate disengagement and psychological safety risks."", ""cue"": ""critical_low_participation"", ""message"": ""Participation is critically low — the team may be disengaged."", ""explanation"": ""Participation dropped below 25%, indicating widespread disengagement."", ""priority"": 5, ""contributing_rules"": [""participation_critical_threshold""], ""reasoning_trace"": [""Rules triggered:"", ""- [participation_critical_threshold] Participation dropped below 25%, indicating widespread disengagement. (priority 5)"", """", ""Final decision: [participation_critical_threshold] with priority 5."", ""Rationale: Critical participation levels indicate disengagement and psychological safety risks.""], ""teams_message"": ""**SAAM Intervention**\nCue: critical_low_participation\n\nParticipation is critically low — the team may be disengaged.\n\n**Reasoning Summary**\nRules triggered:\n- [participation_critical_threshold] Participation dropped below 25%, indicating widespread disengagement. (priority 5)\n\nFinal decision: [participation_critical_threshold] with priority 5.""}"
2026-05-24T10:27:35.346750+00:00,critical_low_participation,5,Participation is critically low — the team may be disengaged.,"Participation dropped below 25%, indicating widespread disengagement.",participation_critical_threshold,participation,Critical participation levels indicate disengagement and psychological safety risks.,"{""rule_name"": ""participation_critical_threshold"", ""rule_category"": ""participation"", ""rationale"": ""Critical participation levels indicate disengagement and psychological safety risks."", ""cue"": ""critical_low_participation"", ""message"": ""Participation is critically low — the team may be disengaged."", ""explanation"": ""Participation dropped below 25%, indicating widespread disengagement."", ""priority"": 5, ""contributing_rules"": [""participation_critical_threshold""], ""reasoning_trace"": [""Rules triggered:"", ""- [participation_critical_threshold] Participation dropped below 25%, indicating widespread disengagement. (priority 5)"", """", ""Final decision: [participation_critical_threshold] with priority 5."", ""Rationale: Critical participation levels indicate disengagement and psychological safety risks.""], ""teams_message"": ""**SAAM Intervention**\nCue: critical_low_participation\n\nParticipation is critically low — the team may be disengaged.\n\n**Reasoning Summary**\nRules triggered:\n- [participation_critical_threshold] Participation dropped below 25%, indicating widespread disengagement. (priority 5)\n\nFinal decision: [participation_critical_threshold] with priority 5.""}"
2026-05-24T10:27:50.905727+00:00,critical_low_participation,5,Participation is critically low — the team may be disengaged.,"Participation dropped below 25%, indicating widespread disengagement.",participation_critical_threshold,participation,Critical participation levels indicate disengagement and psychological safety risks.,"{""rule_name"": ""participation_critical_threshold"", ""rule_category"": ""participation"", ""rationale"": ""Critical participation levels indicate disengagement and psychological safety risks."", ""cue"": ""critical_low_participation"", ""message"": ""Participation is critically low — the team may be disengaged."", ""explanation"": ""Participation dropped below 25%, indicating widespread disengagement."", ""priority"": 5, ""contributing_rules"": [""participation_critical_threshold""], ""reasoning_trace"": [""Rules triggered:"", ""- [participation_critical_threshold] Participation dropped below 25%, indicating widespread disengagement. (priority 5)"", """", ""Final decision: [participation_critical_threshold] with priority 5."", ""Rationale: Critical participation levels indicate disengagement and psychological safety risks.""], ""teams_message"": ""**SAAM Intervention**\nCue: critical_low_participation\n\nParticipation is critically low — the team may be disengaged.\n\n**Reasoning Summary**\nRules triggered:\n- [participation_critical_threshold] Participation dropped below 25%, indicating widespread disengagement. (priority 5)\n\nFinal decision: [participation_critical_threshold] with priority 5.""}"
2026-05-24T10:27:57.455381+00:00,critical_low_participation,5,Participation is critically low — the team may be disengaged.,"Participation dropped below 25%, indicating widespread disengagement.",participation_critical_threshold,participation,Critical participation levels indicate disengagement and psychological safety risks.,"{""rule_name"": ""participation_critical_threshold"", ""rule_category"": ""participation"", ""rationale"": ""Critical participation levels indicate disengagement and psychological safety risks."", ""cue"": ""critical_low_participation"", ""message"": ""Participation is critically low — the team may be disengaged."", ""explanation"": ""Participation dropped below 25%, indicating widespread disengagement."", ""priority"": 5, ""contributing_rules"": [""participation_critical_threshold""], ""reasoning_trace"": [""Rules triggered:"", ""- [participation_critical_threshold] Participation dropped below 25%, indicating widespread disengagement. (priority 5)"", """", ""Final decision: [participation_critical_threshold] with priority 5."", ""Rationale: Critical participation levels indicate disengagement and psychological safety risks.""], ""teams_message"": ""**SAAM Intervention**\nCue: critical_low_participation\n\nParticipation is critically low — the team may be disengaged.\n\n**Reasoning Summary**\nRules triggered:\n- [participation_critical_threshold] Participation dropped below 25%, indicating widespread disengagement. (priority 5)\n\nFinal decision: [participation_critical_threshold] with priority 5.""}"
2026-05-24T10:28:07.797092+00:00,critical_low_participation,5,Participation is critically low — the team may be disengaged.,"Participation dropped below 25%, indicating widespread disengagement.",participation_critical_threshold,participation,Critical participation levels indicate disengagement and psychological safety risks.,"{""rule_name"": ""participation_critical_threshold"", ""rule_category"": ""participation"", ""rationale"": ""Critical participation levels indicate disengagement and psychological safety risks."", ""cue"": ""critical_low_participation"", ""message"": ""Participation is critically low — the team may be disengaged."", ""explanation"": ""Participation dropped below 25%, indicating widespread disengagement."", ""priority"": 5, ""contributing_rules"": [""participation_critical_threshold""], ""reasoning_trace"": [""Rules triggered:"", ""- [participation_critical_threshold] Participation dropped below 25%, indicating widespread disengagement. (priority 5)"", """", ""Final decision: [participation_critical_threshold] with priority 5."", ""Rationale: Critical participation levels indicate disengagement and psychological safety risks.""], ""teams_message"": ""**SAAM Intervention**\nCue: critical_low_participation\n\nParticipation is critically low — the team may be disengaged.\n\n**Reasoning Summary**\nRules triggered:\n- [participation_critical_threshold] Participation dropped below 25%, indicating widespread disengagement. (priority 5)\n\nFinal decision: [participation_critical_threshold] with priority 5.""}"
2026-05-24T10:33:58.904942+00:00,critical_low_participation,5,Participation is critically low — the team may be disengaged.,"Participation dropped below 25%, indicating widespread disengagement.",participation_critical_threshold,participation,Critical participation levels indicate disengagement and psychological safety risks.,"{""rule_name"": ""participation_critical_threshold"", ""rule_category"": ""participation"", ""rationale"": ""Critical participation levels indicate disengagement and psychological safety risks."", ""cue"": ""critical_low_participation"", ""message"": ""Participation is critically low — the team may be disengaged."", ""explanation"": ""Participation dropped below 25%, indicating widespread disengagement."", ""priority"": 5, ""contributing_rules"": [""participation_critical_threshold""], ""reasoning_trace"": [""Rules triggered:"", ""- [participation_critical_threshold] Participation dropped below 25%, indicating widespread disengagement. (priority 5)"", """", ""Final decision: [participation_critical_threshold] with priority 5."", ""Rationale: Critical participation levels indicate disengagement and psychological safety risks.""], ""teams_message"": ""**SAAM Intervention**\nCue: critical_low_participation\n\nParticipation is critically low — the team may be disengaged.\n\n**Reasoning Summary**\nRules triggered:\n- [participation_critical_threshold] Participation dropped below 25%, indicating widespread disengagement. (priority 5)\n\nFinal decision: [participation_critical_threshold] with priority 5.""}"
2026-05-24T10:34:02.691363+00:00,critical_low_participation,5,Participation is critically low — the team may be disengaged.,"Participation dropped below 25%, indicating widespread disengagement.",participation_critical_threshold,participation,Critical participation levels indicate disengagement and psychological safety risks.,"{""rule_name"": ""participation_critical_threshold"", ""rule_category"": ""participation"", ""rationale"": ""Critical participation levels indicate disengagement and psychological safety risks."", ""cue"": ""critical_low_participation"", ""message"": ""Participation is critically low — the team may be disengaged."", ""explanation"": ""Participation dropped below 25%, indicating widespread disengagement."", ""priority"": 5, ""contributing_rules"": [""participation_critical_threshold""], ""reasoning_trace"": [""Rules triggered:"", ""- [participation_critical_threshold] Participation dropped below 25%, indicating widespread disengagement. (priority 5)"", """", ""Final decision: [participation_critical_threshold] with priority 5."", ""Rationale: Critical participation levels indicate disengagement and psychological safety risks.""], ""teams_message"": ""**SAAM Intervention**\nCue: critical_low_participation\n\nParticipation is critically low — the team may be disengaged.\n\n**Reasoning Summary**\nRules triggered:\n- [participation_critical_threshold] Participation dropped below 25%, indicating widespread disengagement. (priority 5)\n\nFinal decision: [participation_critical_threshold] with priority 5.""}"
2026-05-24T10:34:06.668954+00:00,critical_low_participation,5,Participation is critically low — the team may be disengaged.,"Participation dropped below 25%, indicating widespread disengagement.",participation_critical_threshold,participation,Critical participation levels indicate disengagement and psychological safety risks.,"{""rule_name"": ""participation_critical_threshold"", ""rule_category"": ""participation"", ""rationale"": ""Critical participation levels indicate disengagement and psychological safety risks."", ""cue"": ""critical_low_participation"", ""message"": ""Participation is critically low — the team may be disengaged."", ""explanation"": ""Participation dropped below 25%, indicating widespread disengagement."", ""priority"": 5, ""contributing_rules"": [""participation_critical_threshold""], ""reasoning_trace"": [""Rules triggered:"", ""- [participation_critical_threshold] Participation dropped below 25%, indicating widespread disengagement. (priority 5)"", """", ""Final decision: [participation_critical_threshold] with priority 5."", ""Rationale: Critical participation levels indicate disengagement and psychological safety risks.""], ""teams_message"": ""**SAAM Intervention**\nCue: critical_low_participation\n\nParticipation is critically low — the team may be disengaged.\n\n**Reasoning Summary**\nRules triggered:\n- [participation_critical_threshold] Participation dropped below 25%, indicating widespread disengagement. (priority 5)\n\nFinal decision: [participation_critical_threshold] with priority 5.""}"
2026-05-24T10:34:09.285638+00:00,multi_cue,5,"Multiple issues detected:
- Participation is critically low — the team may be disengaged.
- A blocker has no owner — assign responsibility.","This intervention combines several high‑priority signals:
- [participation_critical_threshold] Participation dropped below 25%, indicating widespread disengagement.
- [blocker_missing_owner] Blocker owner is missing, preventing resolution.",multi_cue_composite,combined_signals,"When several high-priority cues fire together, SAAM surfaces a composite intervention.","{""rule_name"": ""multi_cue_composite"", ""rule_category"": ""combined_signals"", ""rationale"": ""When several high-priority cues fire together, SAAM surfaces a composite intervention."", ""cue"": ""multi_cue"", ""message"": ""Multiple issues detected:\n- Participation is critically low — the team may be disengaged.\n- A blocker has no owner — assign responsibility."", ""explanation"": ""This intervention combines several high‑priority signals:\n- [participation_critical_threshold] Participation dropped below 25%, indicating widespread disengagement.\n- [blocker_missing_owner] Blocker owner is missing, preventing resolution."", ""priority"": 5, ""contributing_rules"": [""participation_critical_threshold"", ""blocker_missing_owner""], ""reasoning_trace"": [""Rules triggered:"", ""- [participation_critical_threshold] Participation dropped below 25%, indicating widespread disengagement. (priority 5)"", ""- [blocker_missing_owner] Blocker owner is missing, preventing resolution. (priority 5)"", """", ""Multiple high-priority cues detected:"", ""- participation_critical_threshold"", ""- blocker_missing_owner"", """", ""Composite intervention created because multiple cues exceeded the severity threshold."", """", ""Final decision: [multi_cue_composite] with priority 5."", ""Rationale: When several high-priority cues fire together, SAAM surfaces a composite intervention.""], ""teams_message"": ""**SAAM Intervention**\nCue: multi_cue\n\nMultiple issues detected:\n- Participation is critically low — the team may be disengaged.\n- A blocker has no owner — assign responsibility.\n\n**Reasoning Summary**\nRules triggered:\n- [participation_critical_threshold] Participation dropped below 25%, indicating widespread disengagement. (priority 5)\n- [blocker_missing_owner] Blocker owner is missing, preventing resolution. (priority 5)\n""}"
2026-05-24T10:34:11.443296+00:00,critical_low_participation,5,Participation is critically low — the team may be disengaged.,"Participation dropped below 25%, indicating widespread disengagement.",participation_critical_threshold,participation,Critical participation levels indicate disengagement and psychological safety risks.,"{""rule_name"": ""participation_critical_threshold"", ""rule_category"": ""participation"", ""rationale"": ""Critical participation levels indicate disengagement and psychological safety risks."", ""cue"": ""critical_low_participation"", ""message"": ""Participation is critically low — the team may be disengaged."", ""explanation"": ""Participation dropped below 25%, indicating widespread disengagement."", ""priority"": 5, ""contributing_rules"": [""participation_critical_threshold""], ""reasoning_trace"": [""Rules triggered:"", ""- [participation_critical_threshold] Participation dropped below 25%, indicating widespread disengagement. (priority 5)"", """", ""Final decision: [participation_critical_threshold] with priority 5."", ""Rationale: Critical participation levels indicate disengagement and psychological safety risks.""], ""teams_message"": ""**SAAM Intervention**\nCue: critical_low_participation\n\nParticipation is critically low — the team may be disengaged.\n\n**Reasoning Summary**\nRules triggered:\n- [participation_critical_threshold] Participation dropped below 25%, indicating widespread disengagement. (priority 5)\n\nFinal decision: [participation_critical_threshold] with priority 5.""}"
2026-05-24T10:34:11.696573+00:00,critical_low_participation,5,Participation is critically low — the team may be disengaged.,"Participation dropped below 25%, indicating widespread disengagement.",participation_critical_threshold,participation,Critical participation levels indicate disengagement and psychological safety risks.,"{""rule_name"": ""participation_critical_threshold"", ""rule_category"": ""participation"", ""rationale"": ""Critical participation levels indicate disengagement and psychological safety risks."", ""cue"": ""critical_low_participation"", ""message"": ""Participation is critically low — the team may be disengaged."", ""explanation"": ""Participation dropped below 25%, indicating widespread disengagement."", ""priority"": 5, ""contributing_rules"": [""participation_critical_threshold""], ""reasoning_trace"": [""Rules triggered:"", ""- [participation_critical_threshold] Participation dropped below 25%, indicating widespread disengagement. (priority 5)"", """", ""Final decision: [participation_critical_threshold] with priority 5."", ""Rationale: Critical participation levels indicate disengagement and psychological safety risks.""], ""teams_message"": ""**SAAM Intervention**\nCue: critical_low_participation\n\nParticipation is critically low — the team may be disengaged.\n\n**Reasoning Summary**\nRules triggered:\n- [participation_critical_threshold] Participation dropped below 25%, indicating widespread disengagement. (priority 5)\n\nFinal decision: [participation_critical_threshold] with priority 5.""}"
2026-05-24T10:34:12.766792+00:00,critical_low_participation,5,Participation is critically low — the team may be disengaged.,"Participation dropped below 25%, indicating widespread disengagement.",participation_critical_threshold,participation,Critical participation levels indicate disengagement and psychological safety risks.,"{""rule_name"": ""participation_critical_threshold"", ""rule_category"": ""participation"", ""rationale"": ""Critical participation levels indicate disengagement and psychological safety risks."", ""cue"": ""critical_low_participation"", ""message"": ""Participation is critically low — the team may be disengaged."", ""explanation"": ""Participation dropped below 25%, indicating widespread disengagement."", ""priority"": 5, ""contributing_rules"": [""participation_critical_threshold""], ""reasoning_trace"": [""Rules triggered:"", ""- [participation_critical_threshold] Participation dropped below 25%, indicating widespread disengagement. (priority 5)"", """", ""Final decision: [participation_critical_threshold] with priority 5."", ""Rationale: Critical participation levels indicate disengagement and psychological safety risks.""], ""teams_message"": ""**SAAM Intervention**\nCue: critical_low_participation\n\nParticipation is critically low — the team may be disengaged.\n\n**Reasoning Summary**\nRules triggered:\n- [participation_critical_threshold] Participation dropped below 25%, indicating widespread disengagement. (priority 5)\n\nFinal decision: [participation_critical_threshold] with priority 5.""}"
2026-05-24T10:34:13.056751+00:00,critical_low_participation,5,Participation is critically low — the team may be disengaged.,"Participation dropped below 25%, indicating widespread disengagement.",participation_critical_threshold,participation,Critical participation levels indicate disengagement and psychological safety risks.,"{""rule_name"": ""participation_critical_threshold"", ""rule_category"": ""participation"", ""rationale"": ""Critical participation levels indicate disengagement and psychological safety risks."", ""cue"": ""critical_low_participation"", ""message"": ""Participation is critically low — the team may be disengaged."", ""explanation"": ""Participation dropped below 25%, indicating widespread disengagement."", ""priority"": 5, ""contributing_rules"": [""participation_critical_threshold""], ""reasoning_trace"": [""Rules triggered:"", ""- [participation_critical_threshold] Participation dropped below 25%, indicating widespread disengagement. (priority 5)"", """", ""Final decision: [participation_critical_threshold] with priority 5."", ""Rationale: Critical participation levels indicate disengagement and psychological safety risks.""], ""teams_message"": ""**SAAM Intervention**\nCue: critical_low_participation\n\nParticipation is critically low — the team may be disengaged.\n\n**Reasoning Summary**\nRules triggered:\n- [participation_critical_threshold] Participation dropped below 25%, indicating widespread disengagement. (priority 5)\n\nFinal decision: [participation_critical_threshold] with priority 5.""}"
2026-05-24T10:34:14.275370+00:00,multi_cue,5,"Multiple issues detected:
- Participation is critically low — the team may be disengaged.
- A blocker has no owner — assign responsibility.","This intervention combines several high‑priority signals:
- [participation_critical_threshold] Participation dropped below 25%, indicating widespread disengagement.
- [blocker_missing_owner] Blocker owner is missing, preventing resolution.",multi_cue_composite,combined_signals,"When several high-priority cues fire together, SAAM surfaces a composite intervention.","{""rule_name"": ""multi_cue_composite"", ""rule_category"": ""combined_signals"", ""rationale"": ""When several high-priority cues fire together, SAAM surfaces a composite intervention."", ""cue"": ""multi_cue"", ""message"": ""Multiple issues detected:\n- Participation is critically low — the team may be disengaged.\n- A blocker has no owner — assign responsibility."", ""explanation"": ""This intervention combines several high‑priority signals:\n- [participation_critical_threshold] Participation dropped below 25%, indicating widespread disengagement.\n- [blocker_missing_owner] Blocker owner is missing, preventing resolution."", ""priority"": 5, ""contributing_rules"": [""participation_critical_threshold"", ""blocker_missing_owner""], ""reasoning_trace"": [""Rules triggered:"", ""- [participation_critical_threshold] Participation dropped below 25%, indicating widespread disengagement. (priority 5)"", ""- [blocker_missing_owner] Blocker owner is missing, preventing resolution. (priority 5)"", """", ""Multiple high-priority cues detected:"", ""- participation_critical_threshold"", ""- blocker_missing_owner"", """", ""Composite intervention created because multiple cues exceeded the severity threshold."", """", ""Final decision: [multi_cue_composite] with priority 5."", ""Rationale: When several high-priority cues fire together, SAAM surfaces a composite intervention.""], ""teams_message"": ""**SAAM Intervention**\nCue: multi_cue\n\nMultiple issues detected:\n- Participation is critically low — the team may be disengaged.\n- A blocker has no owner — assign responsibility.\n\n**Reasoning Summary**\nRules triggered:\n- [participation_critical_threshold] Participation dropped below 25%, indicating widespread disengagement. (priority 5)\n- [blocker_missing_owner] Blocker owner is missing, preventing resolution. (priority 5)\n""}"
2026-05-24T10:34:14.538551+00:00,multi_cue,5,"Multiple issues detected:
- Participation is critically low — the team may be disengaged.
- A blocker has no owner — assign responsibility.","This intervention combines several high‑priority signals:
- [participation_critical_threshold] Participation dropped below 25%, indicating widespread disengagement.
- [blocker_missing_owner] Blocker owner is missing, preventing resolution.",multi_cue_composite,combined_signals,"When several high-priority cues fire together, SAAM surfaces a composite intervention.","{""rule_name"": ""multi_cue_composite"", ""rule_category"": ""combined_signals"", ""rationale"": ""When several high-priority cues fire together, SAAM surfaces a composite intervention."", ""cue"": ""multi_cue"", ""message"": ""Multiple issues detected:\n- Participation is critically low — the team may be disengaged.\n- A blocker has no owner — assign responsibility."", ""explanation"": ""This intervention combines several high‑priority signals:\n- [participation_critical_threshold] Participation dropped below 25%, indicating widespread disengagement.\n- [blocker_missing_owner] Blocker owner is missing, preventing resolution."", ""priority"": 5, ""contributing_rules"": [""participation_critical_threshold"", ""blocker_missing_owner""], ""reasoning_trace"": [""Rules triggered:"", ""- [participation_critical_threshold] Participation dropped below 25%, indicating widespread disengagement. (priority 5)"", ""- [blocker_missing_owner] Blocker owner is missing, preventing resolution. (priority 5)"", """", ""Multiple high-priority cues detected:"", ""- participation_critical_threshold"", ""- blocker_missing_owner"", """", ""Composite intervention created because multiple cues exceeded the severity threshold."", """", ""Final decision: [multi_cue_composite] with priority 5."", ""Rationale: When several high-priority cues fire together, SAAM surfaces a composite intervention.""], ""teams_message"": ""**SAAM Intervention**\nCue: multi_cue\n\nMultiple issues detected:\n- Participation is critically low — the team may be disengaged.\n- A blocker has no owner — assign responsibility.\n\n**Reasoning Summary**\nRules triggered:\n- [participation_critical_threshold] Participation dropped below 25%, indicating widespread disengagement. (priority 5)\n- [blocker_missing_owner] Blocker owner is missing, preventing resolution. (priority 5)\n""}"
2026-05-24T10:34:16.743021+00:00,multi_cue,5,"Multiple issues detected:
- Participation is critically low — the team may be disengaged.
- A blocker has no owner — assign responsibility.","This intervention combines several high‑priority signals:
- [participation_critical_threshold] Participation dropped below 25%, indicating widespread disengagement.
- [blocker_missing_owner] Blocker owner is missing, preventing resolution.",multi_cue_composite,combined_signals,"When several high-priority cues fire together, SAAM surfaces a composite intervention.","{""rule_name"": ""multi_cue_composite"", ""rule_category"": ""combined_signals"", ""rationale"": ""When several high-priority cues fire together, SAAM surfaces a composite intervention."", ""cue"": ""multi_cue"", ""message"": ""Multiple issues detected:\n- Participation is critically low — the team may be disengaged.\n- A blocker has no owner — assign responsibility."", ""explanation"": ""This intervention combines several high‑priority signals:\n- [participation_critical_threshold] Participation dropped below 25%, indicating widespread disengagement.\n- [blocker_missing_owner] Blocker owner is missing, preventing resolution."", ""priority"": 5, ""contributing_rules"": [""participation_critical_threshold"", ""blocker_missing_owner""], ""reasoning_trace"": [""Rules triggered:"", ""- [participation_critical_threshold] Participation dropped below 25%, indicating widespread disengagement. (priority 5)"", ""- [blocker_missing_owner] Blocker owner is missing, preventing resolution. (priority 5)"", """", ""Multiple high-priority cues detected:"", ""- participation_critical_threshold"", ""- blocker_missing_owner"", """", ""Composite intervention created because multiple cues exceeded the severity threshold."", """", ""Final decision: [multi_cue_composite] with priority 5."", ""Rationale: When several high-priority cues fire together, SAAM surfaces a composite intervention.""], ""teams_message"": ""**SAAM Intervention**\nCue: multi_cue\n\nMultiple issues detected:\n- Participation is critically low — the team may be disengaged.\n- A blocker has no owner — assign responsibility.\n\n**Reasoning Summary**\nRules triggered:\n- [participation_critical_threshold] Participation dropped below 25%, indicating widespread disengagement. (priority 5)\n- [blocker_missing_owner] Blocker owner is missing, preventing resolution. (priority 5)\n""}"
2026-05-24T10:35:06.774598+00:00,multi_cue,4,"Multiple issues detected:
- One voice may be dominating — rebalance the discussion.
- Daily is running long — consider parking discussions.","This intervention combines several high‑priority signals:
- [dominance_critical_threshold] Talk-time imbalance exceeded 75%, indicating dominance.
- [daily_overrun] Time remaining is under 2 minutes in a Daily Scrum.",multi_cue_composite,combined_signals,"When several high-priority cues fire together, SAAM surfaces a composite intervention.","{""rule_name"": ""multi_cue_composite"", ""rule_category"": ""combined_signals"", ""rationale"": ""When several high-priority cues fire together, SAAM surfaces a composite intervention."", ""cue"": ""multi_cue"", ""message"": ""Multiple issues detected:\n- One voice may be dominating — rebalance the discussion.\n- Daily is running long — consider parking discussions."", ""explanation"": ""This intervention combines several high‑priority signals:\n- [dominance_critical_threshold] Talk-time imbalance exceeded 75%, indicating dominance.\n- [daily_overrun] Time remaining is under 2 minutes in a Daily Scrum."", ""priority"": 4, ""contributing_rules"": [""dominance_critical_threshold"", ""daily_overrun""], ""reasoning_trace"": [""Rules triggered:"", ""- [participation_low_threshold] Participation is below the healthy threshold of 45%. (priority 3)"", ""- [dominance_critical_threshold] Talk-time imbalance exceeded 75%, indicating dominance. (priority 4)"", ""- [blocker_stale_age] Blocker age is above 2 days, suggesting slow resolution. (priority 3)"", ""- [daily_overrun] Time remaining is under 2 minutes in a Daily Scrum. (priority 4)"", """", ""Multiple high-priority cues detected:"", ""- dominance_critical_threshold"", ""- daily_overrun"", """", ""Composite intervention created because multiple cues exceeded the severity threshold."", """", ""Final decision: [multi_cue_composite] with priority 4."", ""Rationale: When several high-priority cues fire together, SAAM surfaces a composite intervention.""], ""teams_message"": ""**SAAM Intervention**\nCue: multi_cue\n\nMultiple issues detected:\n- One voice may be dominating — rebalance the discussion.\n- Daily is running long — consider parking discussions.\n\n**Reasoning Summary**\nRules triggered:\n- [participation_low_threshold] Participation is below the healthy threshold of 45%. (priority 3)\n- [dominance_critical_threshold] Talk-time imbalance exceeded 75%, indicating dominance. (priority 4)\n- [blocker_stale_age] Blocker age is above 2 days, suggesting slow resolution. (priority 3)""}"
2026-05-24T10:40:02.106109+00:00,critical_low_participation,5,Participation is critically low — the team may be disengaged.,"Participation dropped below 25%, indicating widespread disengagement.",participation_critical_threshold,participation,Critical participation levels indicate disengagement and psychological safety risks.,"{""rule_name"": ""participation_critical_threshold"", ""rule_category"": ""participation"", ""rationale"": ""Critical participation levels indicate disengagement and psychological safety risks."", ""cue"": ""critical_low_participation"", ""message"": ""Participation is critically low — the team may be disengaged."", ""explanation"": ""Participation dropped below 25%, indicating widespread disengagement."", ""priority"": 5, ""contributing_rules"": [""participation_critical_threshold""], ""reasoning_trace"": [""Rules triggered:"", ""- [participation_critical_threshold] Participation dropped below 25%, indicating widespread disengagement. (priority 5)"", """", ""Final decision: [participation_critical_threshold] with priority 5."", ""Rationale: Critical participation levels indicate disengagement and psychological safety risks.""], ""teams_message"": ""**SAAM Intervention**\nCue: critical_low_participation\n\nParticipation is critically low — the team may be disengaged.\n\n**Reasoning Summary**\nRules triggered:\n- [participation_critical_threshold] Participation dropped below 25%, indicating widespread disengagement. (priority 5)\n\nFinal decision: [participation_critical_threshold] with priority 5.""}"
2026-05-24T10:44:09.139980+00:00,critical_low_participation,5,Participation is critically low — the team may be disengaged.,"Participation dropped below 25%, indicating widespread disengagement.",participation_critical_threshold,participation,Critical participation levels indicate disengagement and psychological safety risks.,"{""rule_name"": ""participation_critical_threshold"", ""rule_category"": ""participation"", ""rationale"": ""Critical participation levels indicate disengagement and psychological safety risks."", ""cue"": ""critical_low_participation"", ""message"": ""Participation is critically low — the team may be disengaged."", ""explanation"": ""Participation dropped below 25%, indicating widespread disengagement."", ""priority"": 5, ""contributing_rules"": [""participation_critical_threshold""], ""reasoning_trace"": [""Rules triggered:"", ""- [participation_critical_threshold] Participation dropped below 25%, indicating widespread disengagement. (priority 5)"", """", ""Final decision: [participation_critical_threshold] with priority 5."", ""Rationale: Critical participation levels indicate disengagement and psychological safety risks.""], ""teams_message"": ""**SAAM Intervention**\nCue: critical_low_participation\n\nParticipation is critically low — the team may be disengaged.\n\n**Reasoning Summary**\nRules triggered:\n- [participation_critical_threshold] Participation dropped below 25%, indicating widespread disengagement. (priority 5)\n\nFinal decision: [participation_critical_threshold] with priority 5.""}"
2026-05-24T10:44:09.494134+00:00,critical_low_participation,5,Participation is critically low — the team may be disengaged.,"Participation dropped below 25%, indicating widespread disengagement.",participation_critical_threshold,participation,Critical participation levels indicate disengagement and psychological safety risks.,"{""rule_name"": ""participation_critical_threshold"", ""rule_category"": ""participation"", ""rationale"": ""Critical participation levels indicate disengagement and psychological safety risks."", ""cue"": ""critical_low_participation"", ""message"": ""Participation is critically low — the team may be disengaged."", ""explanation"": ""Participation dropped below 25%, indicating widespread disengagement."", ""priority"": 5, ""contributing_rules"": [""participation_critical_threshold""], ""reasoning_trace"": [""Rules triggered:"", ""- [participation_critical_threshold] Participation dropped below 25%, indicating widespread disengagement. (priority 5)"", """", ""Final decision: [participation_critical_threshold] with priority 5."", ""Rationale: Critical participation levels indicate disengagement and psychological safety risks.""], ""teams_message"": ""**SAAM Intervention**\nCue: critical_low_participation\n\nParticipation is critically low — the team may be disengaged.\n\n**Reasoning Summary**\nRules triggered:\n- [participation_critical_threshold] Participation dropped below 25%, indicating widespread disengagement. (priority 5)\n\nFinal decision: [participation_critical_threshold] with priority 5.""}"
2026-05-24T10:44:22.508373+00:00,critical_low_participation,5,Participation is critically low — the team may be disengaged.,"Participation dropped below 25%, indicating widespread disengagement.",participation_critical_threshold,participation,Critical participation levels indicate disengagement and psychological safety risks.,"{""rule_name"": ""participation_critical_threshold"", ""rule_category"": ""participation"", ""rationale"": ""Critical participation levels indicate disengagement and psychological safety risks."", ""cue"": ""critical_low_participation"", ""message"": ""Participation is critically low — the team may be disengaged."", ""explanation"": ""Participation dropped below 25%, indicating widespread disengagement."", ""priority"": 5, ""contributing_rules"": [""participation_critical_threshold""], ""reasoning_trace"": [""Rules triggered:"", ""- [participation_critical_threshold] Participation dropped below 25%, indicating widespread disengagement. (priority 5)"", """", ""Final decision: [participation_critical_threshold] with priority 5."", ""Rationale: Critical participation levels indicate disengagement and psychological safety risks.""], ""teams_message"": ""**SAAM Intervention**\nCue: critical_low_participation\n\nParticipation is critically low — the team may be disengaged.\n\n**Reasoning Summary**\nRules triggered:\n- [participation_critical_threshold] Participation dropped below 25%, indicating widespread disengagement. (priority 5)\n\nFinal decision: [participation_critical_threshold] with priority 5.""}"
2026-05-24T10:44:24.474128+00:00,critical_low_participation,5,Participation is critically low — the team may be disengaged.,"Participation dropped below 25%, indicating widespread disengagement.",participation_critical_threshold,participation,Critical participation levels indicate disengagement and psychological safety risks.,"{""rule_name"": ""participation_critical_threshold"", ""rule_category"": ""participation"", ""rationale"": ""Critical participation levels indicate disengagement and psychological safety risks."", ""cue"": ""critical_low_participation"", ""message"": ""Participation is critically low — the team may be disengaged."", ""explanation"": ""Participation dropped below 25%, indicating widespread disengagement."", ""priority"": 5, ""contributing_rules"": [""participation_critical_threshold""], ""reasoning_trace"": [""Rules triggered:"", ""- [participation_critical_threshold] Participation dropped below 25%, indicating widespread disengagement. (priority 5)"", """", ""Final decision: [participation_critical_threshold] with priority 5."", ""Rationale: Critical participation levels indicate disengagement and psychological safety risks.""], ""teams_message"": ""**SAAM Intervention**\nCue: critical_low_participation\n\nParticipation is critically low — the team may be disengaged.\n\n**Reasoning Summary**\nRules triggered:\n- [participation_critical_threshold] Participation dropped below 25%, indicating widespread disengagement. (priority 5)\n\nFinal decision: [participation_critical_threshold] with priority 5.""}"
2026-05-24T10:59:05.024868+00:00,critical_low_participation,5,Participation is critically low — the team may be disengaged.,"Participation dropped below 25%, indicating widespread disengagement.",participation_critical_threshold,participation,Critical participation levels indicate disengagement and psychological safety risks.,"{""rule_name"": ""participation_critical_threshold"", ""rule_category"": ""participation"", ""rationale"": ""Critical participation levels indicate disengagement and psychological safety risks."", ""cue"": ""critical_low_participation"", ""message"": ""Participation is critically low — the team may be disengaged."", ""explanation"": ""Participation dropped below 25%, indicating widespread disengagement."", ""priority"": 5, ""contributing_rules"": [""participation_critical_threshold""], ""reasoning_trace"": [""Rules triggered:"", ""- [participation_critical_threshold] Participation dropped below 25%, indicating widespread disengagement. (priority 5)"", """", ""Final decision: [participation_critical_threshold] with priority 5."", ""Rationale: Critical participation levels indicate disengagement and psychological safety risks.""], ""teams_message"": ""**SAAM Intervention**\nCue: critical_low_participation\n\nParticipation is critically low — the team may be disengaged.\n\n**Reasoning Summary**\nRules triggered:\n- [participation_critical_threshold] Participation dropped below 25%, indicating widespread disengagement. (priority 5)\n\nFinal decision: [participation_critical_threshold] with priority 5.""}"
2026-05-24T10:59:16.675997+00:00,multi_cue,5,"Multiple issues detected:
- Participation is critically low — the team may be disengaged.
- A blocker has no owner — assign responsibility.","This intervention combines several high‑priority signals:
- [participation_critical_threshold] Participation dropped below 25%, indicating widespread disengagement.
- [blocker_missing_owner] Blocker owner is missing, preventing resolution.",multi_cue_composite,combined_signals,"When several high-priority cues fire together, SAAM surfaces a composite intervention.","{""rule_name"": ""multi_cue_composite"", ""rule_category"": ""combined_signals"", ""rationale"": ""When several high-priority cues fire together, SAAM surfaces a composite intervention."", ""cue"": ""multi_cue"", ""message"": ""Multiple issues detected:\n- Participation is critically low — the team may be disengaged.\n- A blocker has no owner — assign responsibility."", ""explanation"": ""This intervention combines several high‑priority signals:\n- [participation_critical_threshold] Participation dropped below 25%, indicating widespread disengagement.\n- [blocker_missing_owner] Blocker owner is missing, preventing resolution."", ""priority"": 5, ""contributing_rules"": [""participation_critical_threshold"", ""blocker_missing_owner""], ""reasoning_trace"": [""Rules triggered:"", ""- [participation_critical_threshold] Participation dropped below 25%, indicating widespread disengagement. (priority 5)"", ""- [blocker_missing_owner] Blocker owner is missing, preventing resolution. (priority 5)"", """", ""Multiple high-priority cues detected:"", ""- participation_critical_threshold"", ""- blocker_missing_owner"", """", ""Composite intervention created because multiple cues exceeded the severity threshold."", """", ""Final decision: [multi_cue_composite] with priority 5."", ""Rationale: When several high-priority cues fire together, SAAM surfaces a composite intervention.""], ""teams_message"": ""**SAAM Intervention**\nCue: multi_cue\n\nMultiple issues detected:\n- Participation is critically low — the team may be disengaged.\n- A blocker has no owner — assign responsibility.\n\n**Reasoning Summary**\nRules triggered:\n- [participation_critical_threshold] Participation dropped below 25%, indicating widespread disengagement. (priority 5)\n- [blocker_missing_owner] Blocker owner is missing, preventing resolution. (priority 5)\n""}"
2026-05-24T10:59:16.957603+00:00,multi_cue,5,"Multiple issues detected:
- Participation is critically low — the team may be disengaged.
- A blocker has no owner — assign responsibility.","This intervention combines several high‑priority signals:
- [participation_critical_threshold] Participation dropped below 25%, indicating widespread disengagement.
- [blocker_missing_owner] Blocker owner is missing, preventing resolution.",multi_cue_composite,combined_signals,"When several high-priority cues fire together, SAAM surfaces a composite intervention.","{""rule_name"": ""multi_cue_composite"", ""rule_category"": ""combined_signals"", ""rationale"": ""When several high-priority cues fire together, SAAM surfaces a composite intervention."", ""cue"": ""multi_cue"", ""message"": ""Multiple issues detected:\n- Participation is critically low — the team may be disengaged.\n- A blocker has no owner — assign responsibility."", ""explanation"": ""This intervention combines several high‑priority signals:\n- [participation_critical_threshold] Participation dropped below 25%, indicating widespread disengagement.\n- [blocker_missing_owner] Blocker owner is missing, preventing resolution."", ""priority"": 5, ""contributing_rules"": [""participation_critical_threshold"", ""blocker_missing_owner""], ""reasoning_trace"": [""Rules triggered:"", ""- [participation_critical_threshold] Participation dropped below 25%, indicating widespread disengagement. (priority 5)"", ""- [blocker_missing_owner] Blocker owner is missing, preventing resolution. (priority 5)"", """", ""Multiple high-priority cues detected:"", ""- participation_critical_threshold"", ""- blocker_missing_owner"", """", ""Composite intervention created because multiple cues exceeded the severity threshold."", """", ""Final decision: [multi_cue_composite] with priority 5."", ""Rationale: When several high-priority cues fire together, SAAM surfaces a composite intervention.""], ""teams_message"": ""**SAAM Intervention**\nCue: multi_cue\n\nMultiple issues detected:\n- Participation is critically low — the team may be disengaged.\n- A blocker has no owner — assign responsibility.\n\n**Reasoning Summary**\nRules triggered:\n- [participation_critical_threshold] Participation dropped below 25%, indicating widespread disengagement. (priority 5)\n- [blocker_missing_owner] Blocker owner is missing, preventing resolution. (priority 5)\n""}"
2026-05-24T10:59:19.446796+00:00,critical_low_participation,5,Participation is critically low — the team may be disengaged.,"Participation dropped below 25%, indicating widespread disengagement.",participation_critical_threshold,participation,Critical participation levels indicate disengagement and psychological safety risks.,"{""rule_name"": ""participation_critical_threshold"", ""rule_category"": ""participation"", ""rationale"": ""Critical participation levels indicate disengagement and psychological safety risks."", ""cue"": ""critical_low_participation"", ""message"": ""Participation is critically low — the team may be disengaged."", ""explanation"": ""Participation dropped below 25%, indicating widespread disengagement."", ""priority"": 5, ""contributing_rules"": [""participation_critical_threshold""], ""reasoning_trace"": [""Rules triggered:"", ""- [participation_critical_threshold] Participation dropped below 25%, indicating widespread disengagement. (priority 5)"", """", ""Final decision: [participation_critical_threshold] with priority 5."", ""Rationale: Critical participation levels indicate disengagement and psychological safety risks.""], ""teams_message"": ""**SAAM Intervention**\nCue: critical_low_participation\n\nParticipation is critically low — the team may be disengaged.\n\n**Reasoning Summary**\nRules triggered:\n- [participation_critical_threshold] Participation dropped below 25%, indicating widespread disengagement. (priority 5)\n\nFinal decision: [participation_critical_threshold] with priority 5.""}"
2026-05-24T10:59:29.625119+00:00,multi_cue,4,"Multiple issues detected:
- One voice may be dominating — rebalance the discussion.
- Daily is running long — consider parking discussions.","This intervention combines several high‑priority signals:
- [dominance_critical_threshold] Talk-time imbalance exceeded 75%, indicating dominance.
- [daily_overrun] Time remaining is under 2 minutes in a Daily Scrum.",multi_cue_composite,combined_signals,"When several high-priority cues fire together, SAAM surfaces a composite intervention.","{""rule_name"": ""multi_cue_composite"", ""rule_category"": ""combined_signals"", ""rationale"": ""When several high-priority cues fire together, SAAM surfaces a composite intervention."", ""cue"": ""multi_cue"", ""message"": ""Multiple issues detected:\n- One voice may be dominating — rebalance the discussion.\n- Daily is running long — consider parking discussions."", ""explanation"": ""This intervention combines several high‑priority signals:\n- [dominance_critical_threshold] Talk-time imbalance exceeded 75%, indicating dominance.\n- [daily_overrun] Time remaining is under 2 minutes in a Daily Scrum."", ""priority"": 4, ""contributing_rules"": [""dominance_critical_threshold"", ""daily_overrun""], ""reasoning_trace"": [""Rules triggered:"", ""- [participation_low_threshold] Participation is below the healthy threshold of 45%. (priority 3)"", ""- [dominance_critical_threshold] Talk-time imbalance exceeded 75%, indicating dominance. (priority 4)"", ""- [blocker_stale_age] Blocker age is above 2 days, suggesting slow resolution. (priority 3)"", ""- [daily_overrun] Time remaining is under 2 minutes in a Daily Scrum. (priority 4)"", """", ""Multiple high-priority cues detected:"", ""- dominance_critical_threshold"", ""- daily_overrun"", """", ""Composite intervention created because multiple cues exceeded the severity threshold."", """", ""Final decision: [multi_cue_composite] with priority 4."", ""Rationale: When several high-priority cues fire together, SAAM surfaces a composite intervention.""], ""teams_message"": ""**SAAM Intervention**\nCue: multi_cue\n\nMultiple issues detected:\n- One voice may be dominating — rebalance the discussion.\n- Daily is running long — consider parking discussions.\n\n**Reasoning Summary**\nRules triggered:\n- [participation_low_threshold] Participation is below the healthy threshold of 45%. (priority 3)\n- [dominance_critical_threshold] Talk-time imbalance exceeded 75%, indicating dominance. (priority 4)\n- [blocker_stale_age] Blocker age is above 2 days, suggesting slow resolution. (priority 3)""}"
2026-05-24T11:12:44.377230+00:00,multi_cue,4,"Multiple issues detected:
- One voice may be dominating — rebalance the discussion.
- Daily is running long — consider parking discussions.","This intervention combines several high‑priority signals:
- [dominance_critical_threshold] Talk-time imbalance exceeded 75%, indicating dominance.
- [daily_overrun] Time remaining is under 2 minutes in a Daily Scrum.",multi_cue_composite,combined_signals,"When several high-priority cues fire together, SAAM surfaces a composite intervention.","{""rule_name"": ""multi_cue_composite"", ""rule_category"": ""combined_signals"", ""rationale"": ""When several high-priority cues fire together, SAAM surfaces a composite intervention."", ""cue"": ""multi_cue"", ""message"": ""Multiple issues detected:\n- One voice may be dominating — rebalance the discussion.\n- Daily is running long — consider parking discussions."", ""explanation"": ""This intervention combines several high‑priority signals:\n- [dominance_critical_threshold] Talk-time imbalance exceeded 75%, indicating dominance.\n- [daily_overrun] Time remaining is under 2 minutes in a Daily Scrum."", ""priority"": 4, ""contributing_rules"": [""dominance_critical_threshold"", ""daily_overrun""], ""reasoning_trace"": [""Rules triggered:"", ""- [participation_low_threshold] Participation is below the healthy threshold of 45%. (priority 3)"", ""- [dominance_critical_threshold] Talk-time imbalance exceeded 75%, indicating dominance. (priority 4)"", ""- [blocker_stale_age] Blocker age is above 2 days, suggesting slow resolution. (priority 3)"", ""- [daily_overrun] Time remaining is under 2 minutes in a Daily Scrum. (priority 4)"", """", ""Multiple high-priority cues detected:"", ""- dominance_critical_threshold"", ""- daily_overrun"", """", ""Composite intervention created because multiple cues exceeded the severity threshold."", """", ""Final decision: [multi_cue_composite] with priority 4."", ""Rationale: When several high-priority cues fire together, SAAM surfaces a composite intervention.""], ""teams_message"": ""**SAAM Intervention**\nCue: multi_cue\n\nMultiple issues detected:\n- One voice may be dominating — rebalance the discussion.\n- Daily is running long — consider parking discussions.\n\n**Reasoning Summary**\nRules triggered:\n- [participation_low_threshold] Participation is below the healthy threshold of 45%. (priority 3)\n- [dominance_critical_threshold] Talk-time imbalance exceeded 75%, indicating dominance. (priority 4)\n- [blocker_stale_age] Blocker age is above 2 days, suggesting slow resolution. (priority 3)""}"
2026-05-24T11:14:41.099266+00:00,multi_cue,4,"Multiple issues detected:
- One voice may be dominating — rebalance the discussion.
- Daily is running long — consider parking discussions.","This intervention combines several high‑priority signals:
- [dominance_critical_threshold] Talk-time imbalance exceeded 75%, indicating dominance.
- [daily_overrun] Time remaining is under 2 minutes in a Daily Scrum.",multi_cue_composite,combined_signals,"When several high-priority cues fire together, SAAM surfaces a composite intervention.","{""rule_name"": ""multi_cue_composite"", ""rule_category"": ""combined_signals"", ""rationale"": ""When several high-priority cues fire together, SAAM surfaces a composite intervention."", ""cue"": ""multi_cue"", ""message"": ""Multiple issues detected:\n- One voice may be dominating — rebalance the discussion.\n- Daily is running long — consider parking discussions."", ""explanation"": ""This intervention combines several high‑priority signals:\n- [dominance_critical_threshold] Talk-time imbalance exceeded 75%, indicating dominance.\n- [daily_overrun] Time remaining is under 2 minutes in a Daily Scrum."", ""priority"": 4, ""contributing_rules"": [""dominance_critical_threshold"", ""daily_overrun""], ""reasoning_trace"": [""Rules triggered:"", ""- [participation_low_threshold] Participation is below the healthy threshold of 45%. (priority 3)"", ""- [dominance_critical_threshold] Talk-time imbalance exceeded 75%, indicating dominance. (priority 4)"", ""- [blocker_stale_age] Blocker age is above 2 days, suggesting slow resolution. (priority 3)"", ""- [daily_overrun] Time remaining is under 2 minutes in a Daily Scrum. (priority 4)"", """", ""Multiple high-priority cues detected:"", ""- dominance_critical_threshold"", ""- daily_overrun"", """", ""Composite intervention created because multiple cues exceeded the severity threshold."", """", ""Final decision: [multi_cue_composite] with priority 4."", ""Rationale: When several high-priority cues fire together, SAAM surfaces a composite intervention.""], ""teams_message"": ""**SAAM Intervention**\nCue: multi_cue\n\nMultiple issues detected:\n- One voice may be dominating — rebalance the discussion.\n- Daily is running long — consider parking discussions.\n\n**Reasoning Summary**\nRules triggered:\n- [participation_low_threshold] Participation is below the healthy threshold of 45%. (priority 3)\n- [dominance_critical_threshold] Talk-time imbalance exceeded 75%, indicating dominance. (priority 4)\n- [blocker_stale_age] Blocker age is above 2 days, suggesting slow resolution. (priority 3)""}"
2026-05-24T11:15:10.166568+00:00,multi_cue,4,"Multiple issues detected:
- One voice may be dominating — rebalance the discussion.
- Daily is running long — consider parking discussions.","This intervention combines several high‑priority signals:
- [dominance_critical_threshold] Talk-time imbalance exceeded 75%, indicating dominance.
- [daily_overrun] Time remaining is under 2 minutes in a Daily Scrum.",multi_cue_composite,combined_signals,"When several high-priority cues fire together, SAAM surfaces a composite intervention.","{""rule_name"": ""multi_cue_composite"", ""rule_category"": ""combined_signals"", ""rationale"": ""When several high-priority cues fire together, SAAM surfaces a composite intervention."", ""cue"": ""multi_cue"", ""message"": ""Multiple issues detected:\n- One voice may be dominating — rebalance the discussion.\n- Daily is running long — consider parking discussions."", ""explanation"": ""This intervention combines several high‑priority signals:\n- [dominance_critical_threshold] Talk-time imbalance exceeded 75%, indicating dominance.\n- [daily_overrun] Time remaining is under 2 minutes in a Daily Scrum."", ""priority"": 4, ""contributing_rules"": [""dominance_critical_threshold"", ""daily_overrun""], ""reasoning_trace"": [""Rules triggered:"", ""- [participation_low_threshold] Participation is below the healthy threshold of 45%. (priority 3)"", ""- [dominance_critical_threshold] Talk-time imbalance exceeded 75%, indicating dominance. (priority 4)"", ""- [blocker_stale_age] Blocker age is above 2 days, suggesting slow resolution. (priority 3)"", ""- [daily_overrun] Time remaining is under 2 minutes in a Daily Scrum. (priority 4)"", """", ""Multiple high-priority cues detected:"", ""- dominance_critical_threshold"", ""- daily_overrun"", """", ""Composite intervention created because multiple cues exceeded the severity threshold."", """", ""Final decision: [multi_cue_composite] with priority 4."", ""Rationale: When several high-priority cues fire together, SAAM surfaces a composite intervention.""], ""teams_message"": ""**SAAM Intervention**\nCue: multi_cue\n\nMultiple issues detected:\n- One voice may be dominating — rebalance the discussion.\n- Daily is running long — consider parking discussions.\n\n**Reasoning Summary**\nRules triggered:\n- [participation_low_threshold] Participation is below the healthy threshold of 45%. (priority 3)\n- [dominance_critical_threshold] Talk-time imbalance exceeded 75%, indicating dominance. (priority 4)\n- [blocker_stale_age] Blocker age is above 2 days, suggesting slow resolution. (priority 3)""}"
2026-05-24T11:21:41.789919+00:00,multi_cue,4,"Multiple issues detected:
- One voice may be dominating — rebalance the discussion.
- Daily is running long — consider parking discussions.","This intervention combines several high‑priority signals:
- [dominance_critical_threshold] Talk-time imbalance exceeded 75%, indicating dominance.
- [daily_overrun] Time remaining is under 2 minutes in a Daily Scrum.",multi_cue_composite,combined_signals,"When several high-priority cues fire together, SAAM surfaces a composite intervention.","{""rule_name"": ""multi_cue_composite"", ""rule_category"": ""combined_signals"", ""rationale"": ""When several high-priority cues fire together, SAAM surfaces a composite intervention."", ""cue"": ""multi_cue"", ""message"": ""Multiple issues detected:\n- One voice may be dominating — rebalance the discussion.\n- Daily is running long — consider parking discussions."", ""explanation"": ""This intervention combines several high‑priority signals:\n- [dominance_critical_threshold] Talk-time imbalance exceeded 75%, indicating dominance.\n- [daily_overrun] Time remaining is under 2 minutes in a Daily Scrum."", ""priority"": 4, ""contributing_rules"": [""dominance_critical_threshold"", ""daily_overrun""], ""reasoning_trace"": [""Rules triggered:"", ""- [participation_low_threshold] Participation is below the healthy threshold of 45%. (priority 3)"", ""- [dominance_critical_threshold] Talk-time imbalance exceeded 75%, indicating dominance. (priority 4)"", ""- [blocker_stale_age] Blocker age is above 2 days, suggesting slow resolution. (priority 3)"", ""- [daily_overrun] Time remaining is under 2 minutes in a Daily Scrum. (priority 4)"", """", ""Multiple high-priority cues detected:"", ""- dominance_critical_threshold"", ""- daily_overrun"", """", ""Composite intervention created because multiple cues exceeded the severity threshold."", """", ""Final decision: [multi_cue_composite] with priority 4."", ""Rationale: When several high-priority cues fire together, SAAM surfaces a composite intervention.""], ""teams_message"": ""**SAAM Intervention**\nCue: multi_cue\n\nMultiple issues detected:\n- One voice may be dominating — rebalance the discussion.\n- Daily is running long — consider parking discussions.\n\n**Reasoning Summary**\nRules triggered:\n- [participation_low_threshold] Participation is below the healthy threshold of 45%. (priority 3)\n- [dominance_critical_threshold] Talk-time imbalance exceeded 75%, indicating dominance. (priority 4)\n- [blocker_stale_age] Blocker age is above 2 days, suggesting slow resolution. (priority 3)"", ""confidence"": 0.92}"
2026-05-24T11:23:39.411284+00:00,multi_cue,4,"Multiple issues detected:
- One voice may be dominating — rebalance the discussion.
- Daily is running long — consider parking discussions.","This intervention combines several high‑priority signals:
- [dominance_critical_threshold] Talk-time imbalance exceeded 75%, indicating dominance.
- [daily_overrun] Time remaining is under 2 minutes in a Daily Scrum.",multi_cue_composite,combined_signals,"When several high-priority cues fire together, SAAM surfaces a composite intervention.","{""rule_name"": ""multi_cue_composite"", ""rule_category"": ""combined_signals"", ""rationale"": ""When several high-priority cues fire together, SAAM surfaces a composite intervention."", ""cue"": ""multi_cue"", ""message"": ""Multiple issues detected:\n- One voice may be dominating — rebalance the discussion.\n- Daily is running long — consider parking discussions."", ""explanation"": ""This intervention combines several high‑priority signals:\n- [dominance_critical_threshold] Talk-time imbalance exceeded 75%, indicating dominance.\n- [daily_overrun] Time remaining is under 2 minutes in a Daily Scrum."", ""priority"": 4, ""contributing_rules"": [""dominance_critical_threshold"", ""daily_overrun""], ""reasoning_trace"": [""Rules triggered:"", ""- [participation_low_threshold] Participation is below the healthy threshold of 45%. (priority 3)"", ""- [dominance_critical_threshold] Talk-time imbalance exceeded 75%, indicating dominance. (priority 4)"", ""- [blocker_stale_age] Blocker age is above 2 days, suggesting slow resolution. (priority 3)"", ""- [daily_overrun] Time remaining is under 2 minutes in a Daily Scrum. (priority 4)"", """", ""Multiple high-priority cues detected:"", ""- dominance_critical_threshold"", ""- daily_overrun"", """", ""Composite intervention created because multiple cues exceeded the severity threshold."", """", ""Final decision: [multi_cue_composite] with priority 4."", ""Rationale: When several high-priority cues fire together, SAAM surfaces a composite intervention.""], ""teams_message"": ""**SAAM Intervention**\nCue: multi_cue\n\nMultiple issues detected:\n- One voice may be dominating — rebalance the discussion.\n- Daily is running long — consider parking discussions.\n\n**Reasoning Summary**\nRules triggered:\n- [participation_low_threshold] Participation is below the healthy threshold of 45%. (priority 3)\n- [dominance_critical_threshold] Talk-time imbalance exceeded 75%, indicating dominance. (priority 4)\n- [blocker_stale_age] Blocker age is above 2 days, suggesting slow resolution. (priority 3)"", ""confidence"": 0.92}"
2026-05-24T11:24:37.199716+00:00,multi_cue,4,"Multiple issues detected:
- One voice may be dominating — rebalance the discussion.
- Daily is running long — consider parking discussions.","This intervention combines several high‑priority signals:
- [dominance_critical_threshold] Talk-time imbalance exceeded 75%, indicating dominance.
- [daily_overrun] Time remaining is under 2 minutes in a Daily Scrum.",multi_cue_composite,combined_signals,"When several high-priority cues fire together, SAAM surfaces a composite intervention.","{""rule_name"": ""multi_cue_composite"", ""rule_category"": ""combined_signals"", ""rationale"": ""When several high-priority cues fire together, SAAM surfaces a composite intervention."", ""cue"": ""multi_cue"", ""message"": ""Multiple issues detected:\n- One voice may be dominating — rebalance the discussion.\n- Daily is running long — consider parking discussions."", ""explanation"": ""This intervention combines several high‑priority signals:\n- [dominance_critical_threshold] Talk-time imbalance exceeded 75%, indicating dominance.\n- [daily_overrun] Time remaining is under 2 minutes in a Daily Scrum."", ""priority"": 4, ""contributing_rules"": [""dominance_critical_threshold"", ""daily_overrun""], ""reasoning_trace"": [""Rules triggered:"", ""- [participation_low_threshold] Participation is below the healthy threshold of 45%. (priority 3)"", ""- [dominance_critical_threshold] Talk-time imbalance exceeded 75%, indicating dominance. (priority 4)"", ""- [blocker_stale_age] Blocker age is above 2 days, suggesting slow resolution. (priority 3)"", ""- [daily_overrun] Time remaining is under 2 minutes in a Daily Scrum. (priority 4)"", """", ""Multiple high-priority cues detected:"", ""- dominance_critical_threshold"", ""- daily_overrun"", """", ""Composite intervention created because multiple cues exceeded the severity threshold."", """", ""Final decision: [multi_cue_composite] with priority 4."", ""Rationale: When several high-priority cues fire together, SAAM surfaces a composite intervention.""], ""teams_message"": ""**SAAM Intervention**\nCue: multi_cue\n\nMultiple issues detected:\n- One voice may be dominating — rebalance the discussion.\n- Daily is running long — consider parking discussions.\n\n**Reasoning Summary**\nRules triggered:\n- [participation_low_threshold] Participation is below the healthy threshold of 45%. (priority 3)\n- [dominance_critical_threshold] Talk-time imbalance exceeded 75%, indicating dominance. (priority 4)\n- [blocker_stale_age] Blocker age is above 2 days, suggesting slow resolution. (priority 3)"", ""confidence"": 0.92}"
2026-05-24T11:25:11.850622+00:00,multi_cue,4,"Multiple issues detected:
- One voice may be dominating — rebalance the discussion.
- Daily is running long — consider parking discussions.","This intervention combines several high‑priority signals:
- [dominance_critical_threshold] Talk-time imbalance exceeded 75%, indicating dominance.
- [daily_overrun] Time remaining is under 2 minutes in a Daily Scrum.",multi_cue_composite,combined_signals,"When several high-priority cues fire together, SAAM surfaces a composite intervention.","{""rule_name"": ""multi_cue_composite"", ""rule_category"": ""combined_signals"", ""rationale"": ""When several high-priority cues fire together, SAAM surfaces a composite intervention."", ""cue"": ""multi_cue"", ""message"": ""Multiple issues detected:\n- One voice may be dominating — rebalance the discussion.\n- Daily is running long — consider parking discussions."", ""explanation"": ""This intervention combines several high‑priority signals:\n- [dominance_critical_threshold] Talk-time imbalance exceeded 75%, indicating dominance.\n- [daily_overrun] Time remaining is under 2 minutes in a Daily Scrum."", ""priority"": 4, ""contributing_rules"": [""dominance_critical_threshold"", ""daily_overrun""], ""reasoning_trace"": [""Rules triggered:"", ""- [participation_low_threshold] Participation is below the healthy threshold of 45%. (priority 3)"", ""- [dominance_critical_threshold] Talk-time imbalance exceeded 75%, indicating dominance. (priority 4)"", ""- [blocker_stale_age] Blocker age is above 2 days, suggesting slow resolution. (priority 3)"", ""- [daily_overrun] Time remaining is under 2 minutes in a Daily Scrum. (priority 4)"", """", ""Multiple high-priority cues detected:"", ""- dominance_critical_threshold"", ""- daily_overrun"", """", ""Composite intervention created because multiple cues exceeded the severity threshold."", """", ""Final decision: [multi_cue_composite] with priority 4."", ""Rationale: When several high-priority cues fire together, SAAM surfaces a composite intervention.""], ""teams_message"": ""**SAAM Intervention**\nCue: multi_cue\n\nMultiple issues detected:\n- One voice may be dominating — rebalance the discussion.\n- Daily is running long — consider parking discussions.\n\n**Reasoning Summary**\nRules triggered:\n- [participation_low_threshold] Participation is below the healthy threshold of 45%. (priority 3)\n- [dominance_critical_threshold] Talk-time imbalance exceeded 75%, indicating dominance. (priority 4)\n- [blocker_stale_age] Blocker age is above 2 days, suggesting slow resolution. (priority 3)"", ""confidence"": 0.92}"
2026-05-24T11:26:09.917904+00:00,multi_cue,4,"Multiple issues detected:
- One voice may be dominating — rebalance the discussion.
- Daily is running long — consider parking discussions.","This intervention combines several high‑priority signals:
- [dominance_critical_threshold] Talk-time imbalance exceeded 75%, indicating dominance.
- [daily_overrun] Time remaining is under 2 minutes in a Daily Scrum.",multi_cue_composite,combined_signals,"When several high-priority cues fire together, SAAM surfaces a composite intervention.","{""rule_name"": ""multi_cue_composite"", ""rule_category"": ""combined_signals"", ""rationale"": ""When several high-priority cues fire together, SAAM surfaces a composite intervention."", ""cue"": ""multi_cue"", ""message"": ""Multiple issues detected:\n- One voice may be dominating — rebalance the discussion.\n- Daily is running long — consider parking discussions."", ""explanation"": ""This intervention combines several high‑priority signals:\n- [dominance_critical_threshold] Talk-time imbalance exceeded 75%, indicating dominance.\n- [daily_overrun] Time remaining is under 2 minutes in a Daily Scrum."", ""priority"": 4, ""contributing_rules"": [""dominance_critical_threshold"", ""daily_overrun""], ""reasoning_trace"": [""Rules triggered:"", ""- [participation_low_threshold] Participation is below the healthy threshold of 45%. (priority 3)"", ""- [dominance_critical_threshold] Talk-time imbalance exceeded 75%, indicating dominance. (priority 4)"", ""- [blocker_stale_age] Blocker age is above 2 days, suggesting slow resolution. (priority 3)"", ""- [daily_overrun] Time remaining is under 2 minutes in a Daily Scrum. (priority 4)"", """", ""Multiple high-priority cues detected:"", ""- dominance_critical_threshold"", ""- daily_overrun"", """", ""Composite intervention created because multiple cues exceeded the severity threshold."", """", ""Final decision: [multi_cue_composite] with priority 4."", ""Rationale: When several high-priority cues fire together, SAAM surfaces a composite intervention.""], ""teams_message"": ""**SAAM Intervention**\nCue: multi_cue\n\nMultiple issues detected:\n- One voice may be dominating — rebalance the discussion.\n- Daily is running long — consider parking discussions.\n\n**Reasoning Summary**\nRules triggered:\n- [participation_low_threshold] Participation is below the healthy threshold of 45%. (priority 3)\n- [dominance_critical_threshold] Talk-time imbalance exceeded 75%, indicating dominance. (priority 4)\n- [blocker_stale_age] Blocker age is above 2 days, suggesting slow resolution. (priority 3)"", ""confidence"": 0.92}"
2026-05-24T11:28:19.148840+00:00,multi_cue,4,"Multiple issues detected:
- One voice may be dominating — rebalance the discussion.
- Daily is running long — consider parking discussions.","This intervention combines several high‑priority signals:
- [dominance_critical_threshold] Talk-time imbalance exceeded 75%, indicating dominance.
- [daily_overrun] Time remaining is under 2 minutes in a Daily Scrum.",multi_cue_composite,combined_signals,"When several high-priority cues fire together, SAAM surfaces a composite intervention.","{""rule_name"": ""multi_cue_composite"", ""rule_category"": ""combined_signals"", ""rationale"": ""When several high-priority cues fire together, SAAM surfaces a composite intervention."", ""cue"": ""multi_cue"", ""message"": ""Multiple issues detected:\n- One voice may be dominating — rebalance the discussion.\n- Daily is running long — consider parking discussions."", ""explanation"": ""This intervention combines several high‑priority signals:\n- [dominance_critical_threshold] Talk-time imbalance exceeded 75%, indicating dominance.\n- [daily_overrun] Time remaining is under 2 minutes in a Daily Scrum."", ""priority"": 4, ""contributing_rules"": [""dominance_critical_threshold"", ""daily_overrun""], ""reasoning_trace"": [""Rules triggered:"", ""- [participation_low_threshold] Participation is below the healthy threshold of 45%. (priority 3)"", ""- [dominance_critical_threshold] Talk-time imbalance exceeded 75%, indicating dominance. (priority 4)"", ""- [blocker_stale_age] Blocker age is above 2 days, suggesting slow resolution. (priority 3)"", ""- [daily_overrun] Time remaining is under 2 minutes in a Daily Scrum. (priority 4)"", """", ""Multiple high-priority cues detected:"", ""- dominance_critical_threshold"", ""- daily_overrun"", """", ""Composite intervention created because multiple cues exceeded the severity threshold."", """", ""Final decision: [multi_cue_composite] with priority 4."", ""Rationale: When several high-priority cues fire together, SAAM surfaces a composite intervention.""], ""teams_message"": ""**SAAM Intervention**\nCue: multi_cue\n\nMultiple issues detected:\n- One voice may be dominating — rebalance the discussion.\n- Daily is running long — consider parking discussions.\n\n**Reasoning Summary**\nRules triggered:\n- [participation_low_threshold] Participation is below the healthy threshold of 45%. (priority 3)\n- [dominance_critical_threshold] Talk-time imbalance exceeded 75%, indicating dominance. (priority 4)\n- [blocker_stale_age] Blocker age is above 2 days, suggesting slow resolution. (priority 3)"", ""confidence"": 0.92}"
2026-05-24T11:35:56.666536+00:00,multi_cue,5,"Multiple issues detected:
- Participation is critically low — the team may be disengaged.
- A blocker has no owner — assign responsibility.","This intervention combines several high‑priority signals:
- [participation_critical_threshold] Participation dropped below 25%, indicating widespread disengagement.
- [blocker_missing_owner] Blocker owner is missing, preventing resolution.",multi_cue_composite,combined_signals,"When several high-priority cues fire together, SAAM surfaces a composite intervention.","{""rule_name"": ""multi_cue_composite"", ""rule_category"": ""combined_signals"", ""rationale"": ""When several high-priority cues fire together, SAAM surfaces a composite intervention."", ""cue"": ""multi_cue"", ""message"": ""Multiple issues detected:\n- Participation is critically low — the team may be disengaged.\n- A blocker has no owner — assign responsibility."", ""explanation"": ""This intervention combines several high‑priority signals:\n- [participation_critical_threshold] Participation dropped below 25%, indicating widespread disengagement.\n- [blocker_missing_owner] Blocker owner is missing, preventing resolution."", ""priority"": 5, ""contributing_rules"": [""participation_critical_threshold"", ""blocker_missing_owner""], ""reasoning_trace"": [""Rules triggered:"", ""- [participation_critical_threshold] Participation dropped below 25%, indicating widespread disengagement. (priority 5)"", ""- [blocker_missing_owner] Blocker owner is missing, preventing resolution. (priority 5)"", ""- [standup_time_pressure] Only 1.0 minutes left in the standup. (priority 2)"", """", ""Multiple high-priority cues detected:"", ""- participation_critical_threshold"", ""- blocker_missing_owner"", """", ""Composite intervention created because multiple cues exceeded the severity threshold."", """", ""Final decision: [multi_cue_composite] with priority 5."", ""Rationale: When several high-priority cues fire together, SAAM surfaces a composite intervention.""], ""teams_message"": ""**SAAM Intervention**\nCue: multi_cue\n\nMultiple issues detected:\n- Participation is critically low — the team may be disengaged.\n- A blocker has no owner — assign responsibility.\n\n**Reasoning Summary**\nRules triggered:\n- [participation_critical_threshold] Participation dropped below 25%, indicating widespread disengagement. (priority 5)\n- [blocker_missing_owner] Blocker owner is missing, preventing resolution. (priority 5)\n- [standup_time_pressure] Only 1.0 minutes left in the standup. (priority 2)"", ""confidence"": 0.82}"
2026-05-24T11:35:56.778698+00:00,multi_cue,5,"Multiple issues detected:
- Participation is critically low — the team may be disengaged.
- A blocker has no owner — assign responsibility.","This intervention combines several high‑priority signals:
- [participation_critical_threshold] Participation dropped below 25%, indicating widespread disengagement.
- [blocker_missing_owner] Blocker owner is missing, preventing resolution.",multi_cue_composite,combined_signals,"When several high-priority cues fire together, SAAM surfaces a composite intervention.","{""rule_name"": ""multi_cue_composite"", ""rule_category"": ""combined_signals"", ""rationale"": ""When several high-priority cues fire together, SAAM surfaces a composite intervention."", ""cue"": ""multi_cue"", ""message"": ""Multiple issues detected:\n- Participation is critically low — the team may be disengaged.\n- A blocker has no owner — assign responsibility."", ""explanation"": ""This intervention combines several high‑priority signals:\n- [participation_critical_threshold] Participation dropped below 25%, indicating widespread disengagement.\n- [blocker_missing_owner] Blocker owner is missing, preventing resolution."", ""priority"": 5, ""contributing_rules"": [""participation_critical_threshold"", ""blocker_missing_owner""], ""reasoning_trace"": [""Rules triggered:"", ""- [participation_critical_threshold] Participation dropped below 25%, indicating widespread disengagement. (priority 5)"", ""- [blocker_missing_owner] Blocker owner is missing, preventing resolution. (priority 5)"", ""- [standup_time_pressure] Only 1.0 minutes left in the standup. (priority 2)"", """", ""Multiple high-priority cues detected:"", ""- participation_critical_threshold"", ""- blocker_missing_owner"", """", ""Composite intervention created because multiple cues exceeded the severity threshold."", """", ""Final decision: [multi_cue_composite] with priority 5."", ""Rationale: When several high-priority cues fire together, SAAM surfaces a composite intervention.""], ""teams_message"": ""**SAAM Intervention**\nCue: multi_cue\n\nMultiple issues detected:\n- Participation is critically low — the team may be disengaged.\n- A blocker has no owner — assign responsibility.\n\n**Reasoning Summary**\nRules triggered:\n- [participation_critical_threshold] Participation dropped below 25%, indicating widespread disengagement. (priority 5)\n- [blocker_missing_owner] Blocker owner is missing, preventing resolution. (priority 5)\n- [standup_time_pressure] Only 1.0 minutes left in the standup. (priority 2)"", ""confidence"": 0.82}"
2026-05-24T11:36:00.668871+00:00,critical_low_participation,5,Participation is critically low — the team may be disengaged.,"Participation dropped below 25%, indicating widespread disengagement.",participation_critical_threshold,participation,Critical participation levels indicate disengagement and psychological safety risks.,"{""rule_name"": ""participation_critical_threshold"", ""rule_category"": ""participation"", ""rationale"": ""Critical participation levels indicate disengagement and psychological safety risks."", ""cue"": ""critical_low_participation"", ""message"": ""Participation is critically low — the team may be disengaged."", ""explanation"": ""Participation dropped below 25%, indicating widespread disengagement."", ""priority"": 5, ""contributing_rules"": [""participation_critical_threshold""], ""reasoning_trace"": [""Rules triggered:"", ""- [participation_critical_threshold] Participation dropped below 25%, indicating widespread disengagement. (priority 5)"", ""- [standup_time_pressure] Only 1.0 minutes left in the standup. (priority 2)"", """", ""Final decision: [participation_critical_threshold] with priority 5."", ""Rationale: Critical participation levels indicate disengagement and psychological safety risks.""], ""teams_message"": ""**SAAM Intervention**\nCue: critical_low_participation\n\nParticipation is critically low — the team may be disengaged.\n\n**Reasoning Summary**\nRules triggered:\n- [participation_critical_threshold] Participation dropped below 25%, indicating widespread disengagement. (priority 5)\n- [standup_time_pressure] Only 1.0 minutes left in the standup. (priority 2)\n"", ""confidence"": 0.76}"
2026-05-24T11:36:10.754208+00:00,dominant_voice,4,One voice may be dominating — rebalance the discussion.,"Talk-time imbalance exceeded 75%, indicating dominance.",dominance_critical_threshold,communication_dynamics,High dominance suppresses team voice and reduces psychological safety.,"{""rule_name"": ""dominance_critical_threshold"", ""rule_category"": ""communication_dynamics"", ""rationale"": ""High dominance suppresses team voice and reduces psychological safety."", ""cue"": ""dominant_voice"", ""message"": ""One voice may be dominating — rebalance the discussion."", ""explanation"": ""Talk-time imbalance exceeded 75%, indicating dominance."", ""priority"": 4, ""contributing_rules"": [""dominance_critical_threshold""], ""reasoning_trace"": [""Rules triggered:"", ""- [participation_low_threshold] Participation is below the healthy threshold of 45%. (priority 3)"", ""- [dominance_critical_threshold] Talk-time imbalance exceeded 75%, indicating dominance. (priority 4)"", ""- [blocker_stale_age] Blocker age is above 2 days, suggesting slow resolution. (priority 3)"", ""- [standup_time_pressure] Only 1 minutes left in the standup. (priority 2)"", """", ""Final decision: [dominance_critical_threshold] with priority 4."", ""Rationale: High dominance suppresses team voice and reduces psychological safety.""], ""teams_message"": ""**SAAM Intervention**\nCue: dominant_voice\n\nOne voice may be dominating — rebalance the discussion.\n\n**Reasoning Summary**\nRules triggered:\n- [participation_low_threshold] Participation is below the healthy threshold of 45%. (priority 3)\n- [dominance_critical_threshold] Talk-time imbalance exceeded 75%, indicating dominance. (priority 4)\n- [blocker_stale_age] Blocker age is above 2 days, suggesting slow resolution. (priority 3)"", ""confidence"": 0.9}"
2026-05-24T11:41:52.355092+00:00,dominant_voice,4,One voice may be dominating — rebalance the discussion.,"Talk-time imbalance exceeded 75%, indicating dominance.",dominance_critical_threshold,communication_dynamics,High dominance suppresses team voice and reduces psychological safety.,"{""rule_name"": ""dominance_critical_threshold"", ""rule_category"": ""communication_dynamics"", ""rationale"": ""High dominance suppresses team voice and reduces psychological safety."", ""cue"": ""dominant_voice"", ""message"": ""One voice may be dominating — rebalance the discussion."", ""explanation"": ""Talk-time imbalance exceeded 75%, indicating dominance."", ""priority"": 4, ""contributing_rules"": [""dominance_critical_threshold""], ""reasoning_trace"": [""Rules triggered:"", ""- [participation_low_threshold] Participation is below the healthy threshold of 45%. (priority 3)"", ""- [dominance_critical_threshold] Talk-time imbalance exceeded 75%, indicating dominance. (priority 4)"", ""- [blocker_stale_age] Blocker age is above 2 days, suggesting slow resolution. (priority 3)"", ""- [standup_time_pressure] Only 1 minutes left in the standup. (priority 2)"", """", ""Final decision: [dominance_critical_threshold] with priority 4."", ""Rationale: High dominance suppresses team voice and reduces psychological safety.""], ""teams_message"": ""**Standup Insight — Moderate Priority**\n\nOne voice may be dominating — rebalance the discussion.\n\n**Why this matters:** Talk-time imbalance exceeded 75%, indicating dominance.\n\n**Signal detected:** `dominant_voice`\n"", ""confidence"": 0.9}"
2026-05-24T11:49:20.692325+00:00,dominant_voice,4,One voice may be dominating — rebalance the discussion.,"Talk-time imbalance exceeded 75%, indicating dominance.",dominance_critical_threshold,communication_dynamics,High dominance suppresses team voice and reduces psychological safety.,"{""rule_name"": ""dominance_critical_threshold"", ""rule_category"": ""communication_dynamics"", ""rationale"": ""High dominance suppresses team voice and reduces psychological safety."", ""cue"": ""dominant_voice"", ""message"": ""One voice may be dominating — rebalance the discussion."", ""explanation"": ""Talk-time imbalance exceeded 75%, indicating dominance."", ""priority"": 4, ""contributing_rules"": [""dominance_critical_threshold""], ""reasoning_trace"": [""Rules triggered:"", ""- [participation_low_threshold] Participation is below the healthy threshold of 45%. (priority 3)"", ""- [dominance_critical_threshold] Talk-time imbalance exceeded 75%, indicating dominance. (priority 4)"", ""- [blocker_stale_age] Blocker age is above 2 days, suggesting slow resolution. (priority 3)"", ""- [standup_time_pressure] Only 1 minutes left in the standup. (priority 2)"", """", ""Final decision: [dominance_critical_threshold] with priority 4."", ""Rationale: High dominance suppresses team voice and reduces psychological safety.""], ""teams_message"": ""**Standup Insight — Moderate Priority**\n\nOne voice may be dominating — rebalance the discussion.\n\n**Why this matters:** Talk-time imbalance exceeded 75%, indicating dominance.\n\n**Signal detected:** `dominant_voice`\n"", ""confidence"": 0.9, ""standup_reasoning"": {""dominant_signal"": ""dominant_voice"", ""behavioural_pattern"": ""Participation is uneven, indicating reduced engagement or communication imbalance."", ""reason_for_choice"": ""The rule 'dominance_critical_threshold' had the highest priority (4), indicating the most urgent team need."", ""risk_category"": ""Moderate""}}"
2026-05-24T11:49:32.126654+00:00,multi_cue,5,"Multiple issues detected:
- Participation is critically low — the team may be disengaged.
- A blocker has no owner — assign responsibility.","This intervention combines several high‑priority signals:
- [participation_critical_threshold] Participation dropped below 25%, indicating widespread disengagement.
- [blocker_missing_owner] Blocker owner is missing, preventing resolution.",multi_cue_composite,combined_signals,"When several high-priority cues fire together, SAAM surfaces a composite intervention.","{""rule_name"": ""multi_cue_composite"", ""rule_category"": ""combined_signals"", ""rationale"": ""When several high-priority cues fire together, SAAM surfaces a composite intervention."", ""cue"": ""multi_cue"", ""message"": ""Multiple issues detected:\n- Participation is critically low — the team may be disengaged.\n- A blocker has no owner — assign responsibility."", ""explanation"": ""This intervention combines several high‑priority signals:\n- [participation_critical_threshold] Participation dropped below 25%, indicating widespread disengagement.\n- [blocker_missing_owner] Blocker owner is missing, preventing resolution."", ""priority"": 5, ""contributing_rules"": [""participation_critical_threshold"", ""blocker_missing_owner""], ""reasoning_trace"": [""Rules triggered:"", ""- [participation_critical_threshold] Participation dropped below 25%, indicating widespread disengagement. (priority 5)"", ""- [blocker_stale_age] Blocker age is above 2 days, suggesting slow resolution. (priority 3)"", ""- [blocker_missing_owner] Blocker owner is missing, preventing resolution. (priority 5)"", ""- [standup_time_pressure] Only 1.0 minutes left in the standup. (priority 2)"", """", ""Multiple high-priority cues detected:"", ""- participation_critical_threshold"", ""- blocker_missing_owner"", """", ""Composite intervention created because multiple cues exceeded the severity threshold."", """", ""Final decision: [multi_cue_composite] with priority 5."", ""Rationale: When several high-priority cues fire together, SAAM surfaces a composite intervention.""], ""teams_message"": ""**Standup Insight — High Priority**\n\nMultiple issues detected:\n- Participation is critically low — the team may be disengaged.\n- A blocker has no owner — assign responsibility.\n\n**Why this matters:** This intervention combines several high‑priority signals:\n- [participation_critical_threshold] Participation dropped below 25%, indicating widespread disengagement.\n- [blocker_missing_owner] Blocker owner is missing, preventing resolution.\n\n**Signal detected:** `multi_cue`\n"", ""confidence"": 0.88, ""standup_reasoning"": {""dominant_signal"": ""multi_cue"", ""behavioural_pattern"": ""Multiple signals detected, but none indicate severe dysfunction."", ""reason_for_choice"": ""Multiple high‑priority signals were detected (2). SAAM selected 'multi_cue_composite' as the most actionable intervention."", ""risk_category"": ""High""}}"
2026-05-24T11:49:33.857566+00:00,critical_low_participation,5,Participation is critically low — the team may be disengaged.,"Participation dropped below 25%, indicating widespread disengagement.",participation_critical_threshold,participation,Critical participation levels indicate disengagement and psychological safety risks.,"{""rule_name"": ""participation_critical_threshold"", ""rule_category"": ""participation"", ""rationale"": ""Critical participation levels indicate disengagement and psychological safety risks."", ""cue"": ""critical_low_participation"", ""message"": ""Participation is critically low — the team may be disengaged."", ""explanation"": ""Participation dropped below 25%, indicating widespread disengagement."", ""priority"": 5, ""contributing_rules"": [""participation_critical_threshold""], ""reasoning_trace"": [""Rules triggered:"", ""- [participation_critical_threshold] Participation dropped below 25%, indicating widespread disengagement. (priority 5)"", ""- [standup_time_pressure] Only 1.0 minutes left in the standup. (priority 2)"", """", ""Final decision: [participation_critical_threshold] with priority 5."", ""Rationale: Critical participation levels indicate disengagement and psychological safety risks.""], ""teams_message"": ""**Standup Insight — High Priority**\n\nParticipation is critically low — the team may be disengaged.\n\n**Why this matters:** Participation dropped below 25%, indicating widespread disengagement.\n\n**Signal detected:** `critical_low_participation`\n"", ""confidence"": 0.76, ""standup_reasoning"": {""dominant_signal"": ""critical_low_participation"", ""behavioural_pattern"": ""Multiple signals detected, but none indicate severe dysfunction."", ""reason_for_choice"": ""The rule 'participation_critical_threshold' had the highest priority (5), indicating the most urgent team need."", ""risk_category"": ""High""}}"
2026-05-24T11:49:34.263018+00:00,critical_low_participation,5,Participation is critically low — the team may be disengaged.,"Participation dropped below 25%, indicating widespread disengagement.",participation_critical_threshold,participation,Critical participation levels indicate disengagement and psychological safety risks.,"{""rule_name"": ""participation_critical_threshold"", ""rule_category"": ""participation"", ""rationale"": ""Critical participation levels indicate disengagement and psychological safety risks."", ""cue"": ""critical_low_participation"", ""message"": ""Participation is critically low — the team may be disengaged."", ""explanation"": ""Participation dropped below 25%, indicating widespread disengagement."", ""priority"": 5, ""contributing_rules"": [""participation_critical_threshold""], ""reasoning_trace"": [""Rules triggered:"", ""- [participation_critical_threshold] Participation dropped below 25%, indicating widespread disengagement. (priority 5)"", ""- [standup_time_pressure] Only 1.0 minutes left in the standup. (priority 2)"", """", ""Final decision: [participation_critical_threshold] with priority 5."", ""Rationale: Critical participation levels indicate disengagement and psychological safety risks.""], ""teams_message"": ""**Standup Insight — High Priority**\n\nParticipation is critically low — the team may be disengaged.\n\n**Why this matters:** Participation dropped below 25%, indicating widespread disengagement.\n\n**Signal detected:** `critical_low_participation`\n"", ""confidence"": 0.76, ""standup_reasoning"": {""dominant_signal"": ""critical_low_participation"", ""behavioural_pattern"": ""Multiple signals detected, but none indicate severe dysfunction."", ""reason_for_choice"": ""The rule 'participation_critical_threshold' had the highest priority (5), indicating the most urgent team need."", ""risk_category"": ""High""}}"
2026-05-24T11:49:34.821072+00:00,multi_cue,5,"Multiple issues detected:
- Participation is critically low — the team may be disengaged.
- A blocker has no owner — assign responsibility.","This intervention combines several high‑priority signals:
- [participation_critical_threshold] Participation dropped below 25%, indicating widespread disengagement.
- [blocker_missing_owner] Blocker owner is missing, preventing resolution.",multi_cue_composite,combined_signals,"When several high-priority cues fire together, SAAM surfaces a composite intervention.","{""rule_name"": ""multi_cue_composite"", ""rule_category"": ""combined_signals"", ""rationale"": ""When several high-priority cues fire together, SAAM surfaces a composite intervention."", ""cue"": ""multi_cue"", ""message"": ""Multiple issues detected:\n- Participation is critically low — the team may be disengaged.\n- A blocker has no owner — assign responsibility."", ""explanation"": ""This intervention combines several high‑priority signals:\n- [participation_critical_threshold] Participation dropped below 25%, indicating widespread disengagement.\n- [blocker_missing_owner] Blocker owner is missing, preventing resolution."", ""priority"": 5, ""contributing_rules"": [""participation_critical_threshold"", ""blocker_missing_owner""], ""reasoning_trace"": [""Rules triggered:"", ""- [participation_critical_threshold] Participation dropped below 25%, indicating widespread disengagement. (priority 5)"", ""- [blocker_stale_age] Blocker age is above 2 days, suggesting slow resolution. (priority 3)"", ""- [blocker_missing_owner] Blocker owner is missing, preventing resolution. (priority 5)"", ""- [standup_time_pressure] Only 1.0 minutes left in the standup. (priority 2)"", """", ""Multiple high-priority cues detected:"", ""- participation_critical_threshold"", ""- blocker_missing_owner"", """", ""Composite intervention created because multiple cues exceeded the severity threshold."", """", ""Final decision: [multi_cue_composite] with priority 5."", ""Rationale: When several high-priority cues fire together, SAAM surfaces a composite intervention.""], ""teams_message"": ""**Standup Insight — High Priority**\n\nMultiple issues detected:\n- Participation is critically low — the team may be disengaged.\n- A blocker has no owner — assign responsibility.\n\n**Why this matters:** This intervention combines several high‑priority signals:\n- [participation_critical_threshold] Participation dropped below 25%, indicating widespread disengagement.\n- [blocker_missing_owner] Blocker owner is missing, preventing resolution.\n\n**Signal detected:** `multi_cue`\n"", ""confidence"": 0.88, ""standup_reasoning"": {""dominant_signal"": ""multi_cue"", ""behavioural_pattern"": ""Multiple signals detected, but none indicate severe dysfunction."", ""reason_for_choice"": ""Multiple high‑priority signals were detected (2). SAAM selected 'multi_cue_composite' as the most actionable intervention."", ""risk_category"": ""High""}}"
2026-05-24T11:49:35.902173+00:00,critical_low_participation,5,Participation is critically low — the team may be disengaged.,"Participation dropped below 25%, indicating widespread disengagement.",participation_critical_threshold,participation,Critical participation levels indicate disengagement and psychological safety risks.,"{""rule_name"": ""participation_critical_threshold"", ""rule_category"": ""participation"", ""rationale"": ""Critical participation levels indicate disengagement and psychological safety risks."", ""cue"": ""critical_low_participation"", ""message"": ""Participation is critically low — the team may be disengaged."", ""explanation"": ""Participation dropped below 25%, indicating widespread disengagement."", ""priority"": 5, ""contributing_rules"": [""participation_critical_threshold""], ""reasoning_trace"": [""Rules triggered:"", ""- [participation_critical_threshold] Participation dropped below 25%, indicating widespread disengagement. (priority 5)"", ""- [standup_time_pressure] Only 1.0 minutes left in the standup. (priority 2)"", """", ""Final decision: [participation_critical_threshold] with priority 5."", ""Rationale: Critical participation levels indicate disengagement and psychological safety risks.""], ""teams_message"": ""**Standup Insight — High Priority**\n\nParticipation is critically low — the team may be disengaged.\n\n**Why this matters:** Participation dropped below 25%, indicating widespread disengagement.\n\n**Signal detected:** `critical_low_participation`\n"", ""confidence"": 0.76, ""standup_reasoning"": {""dominant_signal"": ""critical_low_participation"", ""behavioural_pattern"": ""Multiple signals detected, but none indicate severe dysfunction."", ""reason_for_choice"": ""The rule 'participation_critical_threshold' had the highest priority (5), indicating the most urgent team need."", ""risk_category"": ""High""}}"
2026-05-24T11:51:00.477864+00:00,dominant_voice,4,One voice may be dominating — rebalance the discussion.,"Talk-time imbalance exceeded 75%, indicating dominance.",dominance_critical_threshold,communication_dynamics,High dominance suppresses team voice and reduces psychological safety.,"{""rule_name"": ""dominance_critical_threshold"", ""rule_category"": ""communication_dynamics"", ""rationale"": ""High dominance suppresses team voice and reduces psychological safety."", ""cue"": ""dominant_voice"", ""message"": ""One voice may be dominating — rebalance the discussion."", ""explanation"": ""Talk-time imbalance exceeded 75%, indicating dominance."", ""priority"": 4, ""contributing_rules"": [""dominance_critical_threshold""], ""reasoning_trace"": [""Rules triggered:"", ""- [participation_low_threshold] Participation is below the healthy threshold of 45%. (priority 3)"", ""- [dominance_critical_threshold] Talk-time imbalance exceeded 75%, indicating dominance. (priority 4)"", ""- [blocker_stale_age] Blocker age is above 2 days, suggesting slow resolution. (priority 3)"", ""- [standup_time_pressure] Only 1 minutes left in the standup. (priority 2)"", """", ""Final decision: [dominance_critical_threshold] with priority 4."", ""Rationale: High dominance suppresses team voice and reduces psychological safety.""], ""teams_message"": ""**Standup Insight — Moderate Priority**\n\nOne voice may be dominating — rebalance the discussion.\n\n**Why this matters:** Talk-time imbalance exceeded 75%, indicating dominance.\n\n**Signal detected:** `dominant_voice`\n"", ""confidence"": 0.9, ""standup_reasoning"": {""dominant_signal"": ""dominant_voice"", ""behavioural_pattern"": ""Participation is uneven, indicating reduced engagement or communication imbalance."", ""reason_for_choice"": ""The rule 'dominance_critical_threshold' had the highest priority (4), indicating the most urgent team need."", ""risk_category"": ""Moderate""}}"
2026-05-24T11:57:02.366551+00:00,dominant_voice,4,One voice may be dominating — rebalance the discussion.,"Talk-time imbalance exceeded 75%, indicating dominance.",dominance_critical_threshold,communication_dynamics,High dominance suppresses team voice and reduces psychological safety.,"{""rule_name"": ""dominance_critical_threshold"", ""rule_category"": ""communication_dynamics"", ""rationale"": ""High dominance suppresses team voice and reduces psychological safety."", ""cue"": ""dominant_voice"", ""message"": ""One voice may be dominating — rebalance the discussion."", ""explanation"": ""Talk-time imbalance exceeded 75%, indicating dominance."", ""priority"": 4, ""contributing_rules"": [""dominance_critical_threshold""], ""reasoning_trace"": [""Rules triggered:"", ""- [participation_low_threshold] Participation is below the healthy threshold of 45%. (priority 3)"", ""- [dominance_critical_threshold] Talk-time imbalance exceeded 75%, indicating dominance. (priority 4)"", ""- [blocker_stale_age] Blocker age is above 2 days, suggesting slow resolution. (priority 3)"", ""- [standup_time_pressure] Only 1 minutes left in the standup. (priority 2)"", """", ""Final decision: [dominance_critical_threshold] with priority 4."", ""Rationale: High dominance suppresses team voice and reduces psychological safety.""], ""teams_message"": ""**Standup Insight — Moderate Priority**\n\nOne voice may be dominating — rebalance the discussion.\n\n**Why this matters:** Talk-time imbalance exceeded 75%, indicating dominance.\n\n**Signal detected:** `dominant_voice`\n"", ""confidence"": 0.9, ""standup_reasoning"": {""dominant_signal"": ""dominant_voice"", ""behavioural_pattern"": ""Participation is uneven, indicating reduced engagement or communication imbalance."", ""reason_for_choice"": ""The rule 'dominance_critical_threshold' had the highest priority (4), indicating the most urgent team need."", ""risk_category"": ""Moderate""}, ""team_health"": 39}"
2026-05-24T12:00:09.946165+00:00,dominant_voice,4,One voice may be dominating — rebalance the discussion.,"Talk-time imbalance exceeded 75%, indicating dominance.",dominance_critical_threshold,communication_dynamics,High dominance suppresses team voice and reduces psychological safety.,"{""rule_name"": ""dominance_critical_threshold"", ""rule_category"": ""communication_dynamics"", ""rationale"": ""High dominance suppresses team voice and reduces psychological safety."", ""cue"": ""dominant_voice"", ""message"": ""One voice may be dominating — rebalance the discussion."", ""explanation"": ""Talk-time imbalance exceeded 75%, indicating dominance."", ""priority"": 4, ""contributing_rules"": [""dominance_critical_threshold""], ""reasoning_trace"": [""Rules triggered:"", ""- [participation_low_threshold] Participation is below the healthy threshold of 45%. (priority 3)"", ""- [dominance_critical_threshold] Talk-time imbalance exceeded 75%, indicating dominance. (priority 4)"", ""- [blocker_stale_age] Blocker age is above 2 days, suggesting slow resolution. (priority 3)"", ""- [standup_time_pressure] Only 1 minutes left in the standup. (priority 2)"", """", ""Final decision: [dominance_critical_threshold] with priority 4."", ""Rationale: High dominance suppresses team voice and reduces psychological safety.""], ""teams_message"": ""**Standup Insight — Moderate Priority**\n\nOne voice may be dominating — rebalance the discussion.\n\n\n**Why this matters:** Talk-time imbalance exceeded 75%, indicating dominance.\n\n**Signal detected:** `dominant_voice`\n**Confidence is:** ``\n**Team Health Score:** `None/100`\n"", ""confidence"": 0.9, ""standup_reasoning"": {""dominant_signal"": ""dominant_voice"", ""behavioural_pattern"": ""Participation is uneven, indicating reduced engagement or communication imbalance."", ""reason_for_choice"": ""The rule 'dominance_critical_threshold' had the highest priority (4), indicating the most urgent team need."", ""risk_category"": ""Moderate""}, ""team_health"": 39}"
2026-05-24T12:01:23.380650+00:00,dominant_voice,4,One voice may be dominating — rebalance the discussion.,"Talk-time imbalance exceeded 75%, indicating dominance.",dominance_critical_threshold,communication_dynamics,High dominance suppresses team voice and reduces psychological safety.,"{""rule_name"": ""dominance_critical_threshold"", ""rule_category"": ""communication_dynamics"", ""rationale"": ""High dominance suppresses team voice and reduces psychological safety."", ""cue"": ""dominant_voice"", ""message"": ""One voice may be dominating — rebalance the discussion."", ""explanation"": ""Talk-time imbalance exceeded 75%, indicating dominance."", ""priority"": 4, ""contributing_rules"": [""dominance_critical_threshold""], ""reasoning_trace"": [""Rules triggered:"", ""- [participation_low_threshold] Participation is below the healthy threshold of 45%. (priority 3)"", ""- [dominance_critical_threshold] Talk-time imbalance exceeded 75%, indicating dominance. (priority 4)"", ""- [blocker_stale_age] Blocker age is above 2 days, suggesting slow resolution. (priority 3)"", ""- [standup_time_pressure] Only 1 minutes left in the standup. (priority 2)"", """", ""Final decision: [dominance_critical_threshold] with priority 4."", ""Rationale: High dominance suppresses team voice and reduces psychological safety.""], ""teams_message"": ""**Standup Insight — Moderate Priority**\n\nOne voice may be dominating — rebalance the discussion.\n\n\n\n**Why this matters:** Talk-time imbalance exceeded 75%, indicating dominance.\n\n**Signal detected:** `dominant_voice`\n**Confidence is:** ``\n**Team Health Score:** `None/100`\n"", ""confidence"": 0.9, ""standup_reasoning"": {""dominant_signal"": ""dominant_voice"", ""behavioural_pattern"": ""Participation is uneven, indicating reduced engagement or communication imbalance."", ""reason_for_choice"": ""The rule 'dominance_critical_threshold' had the highest priority (4), indicating the most urgent team need."", ""risk_category"": ""Moderate""}, ""team_health"": 39}"
2026-05-24T12:11:12.592982+00:00,dominant_voice,4,One voice may be dominating — rebalance the discussion.,"Talk-time imbalance exceeded 75%, indicating dominance.",dominance_critical_threshold,communication_dynamics,High dominance suppresses team voice and reduces psychological safety.,"{""rule_name"": ""dominance_critical_threshold"", ""rule_category"": ""communication_dynamics"", ""rationale"": ""High dominance suppresses team voice and reduces psychological safety."", ""cue"": ""dominant_voice"", ""message"": ""One voice may be dominating — rebalance the discussion."", ""explanation"": ""Talk-time imbalance exceeded 75%, indicating dominance."", ""priority"": 4, ""contributing_rules"": [""dominance_critical_threshold""], ""reasoning_trace"": [""Rules triggered:"", ""- [participation_low_threshold] Participation is below the healthy threshold of 45%. (priority 3)"", ""- [dominance_critical_threshold] Talk-time imbalance exceeded 75%, indicating dominance. (priority 4)"", ""- [blocker_stale_age] Blocker age is above 2 days, suggesting slow resolution. (priority 3)"", ""- [standup_time_pressure] Only 1 minutes left in the standup. (priority 2)"", """", ""Final decision: [dominance_critical_threshold] with priority 4."", ""Rationale: High dominance suppresses team voice and reduces psychological safety.""], ""confidence"": 0.9, ""standup_reasoning"": {""dominant_signal"": ""dominant_voice"", ""behavioural_pattern"": ""Participation is uneven, indicating reduced engagement or communication imbalance."", ""reason_for_choice"": ""The rule 'dominance_critical_threshold' had the highest priority (4), indicating the most urgent team need."", ""risk_category"": ""Moderate""}, ""team_health"": 39, ""teams_message"": ""**Standup Insight — Moderate Priority**\n\nOne voice may be dominating — rebalance the discussion.\n\n**Why this matters:** Talk-time imbalance exceeded 75%, indicating dominance.\n\n**Signal detected:** `dominant_voice`\n\n**Confidence:** SAAM is highly confident in this assessment.\n**Team Health Score:** 39/100\n""}"
2026-05-24T12:12:14.267215+00:00,dominant_voice,4,One voice may be dominating — rebalance the discussion.,"Talk-time imbalance exceeded 75%, indicating dominance.",dominance_critical_threshold,communication_dynamics,High dominance suppresses team voice and reduces psychological safety.,"{""rule_name"": ""dominance_critical_threshold"", ""rule_category"": ""communication_dynamics"", ""rationale"": ""High dominance suppresses team voice and reduces psychological safety."", ""cue"": ""dominant_voice"", ""message"": ""One voice may be dominating — rebalance the discussion."", ""explanation"": ""Talk-time imbalance exceeded 75%, indicating dominance."", ""priority"": 4, ""contributing_rules"": [""dominance_critical_threshold""], ""reasoning_trace"": [""Rules triggered:"", ""- [participation_low_threshold] Participation is below the healthy threshold of 45%. (priority 3)"", ""- [dominance_critical_threshold] Talk-time imbalance exceeded 75%, indicating dominance. (priority 4)"", ""- [blocker_stale_age] Blocker age is above 2 days, suggesting slow resolution. (priority 3)"", ""- [standup_time_pressure] Only 1 minutes left in the standup. (priority 2)"", """", ""Final decision: [dominance_critical_threshold] with priority 4."", ""Rationale: High dominance suppresses team voice and reduces psychological safety.""], ""confidence"": 0.9, ""standup_reasoning"": {""dominant_signal"": ""dominant_voice"", ""behavioural_pattern"": ""Participation is uneven, indicating reduced engagement or communication imbalance."", ""reason_for_choice"": ""The rule 'dominance_critical_threshold' had the highest priority (4), indicating the most urgent team need."", ""risk_category"": ""Moderate""}, ""team_health"": 39, ""teams_message"": ""**Standup Insight — Moderate Priority**\n\nOne voice may be dominating — rebalance the discussion.\n\n**Why this matters:** Talk-time imbalance exceeded 75%, indicating dominance.\n\n**Signal detected:** `dominant_voice`\n\n**Confidence:** SAAM is highly confident in this assessment.\n\n\n**Team Health Score:** 39/100\n""}"
2026-05-24T12:12:47.065850+00:00,dominant_voice,4,One voice may be dominating — rebalance the discussion.,"Talk-time imbalance exceeded 75%, indicating dominance.",dominance_critical_threshold,communication_dynamics,High dominance suppresses team voice and reduces psychological safety.,"{""rule_name"": ""dominance_critical_threshold"", ""rule_category"": ""communication_dynamics"", ""rationale"": ""High dominance suppresses team voice and reduces psychological safety."", ""cue"": ""dominant_voice"", ""message"": ""One voice may be dominating — rebalance the discussion."", ""explanation"": ""Talk-time imbalance exceeded 75%, indicating dominance."", ""priority"": 4, ""contributing_rules"": [""dominance_critical_threshold""], ""reasoning_trace"": [""Rules triggered:"", ""- [participation_low_threshold] Participation is below the healthy threshold of 45%. (priority 3)"", ""- [dominance_critical_threshold] Talk-time imbalance exceeded 75%, indicating dominance. (priority 4)"", ""- [blocker_stale_age] Blocker age is above 2 days, suggesting slow resolution. (priority 3)"", ""- [standup_time_pressure] Only 1 minutes left in the standup. (priority 2)"", """", ""Final decision: [dominance_critical_threshold] with priority 4."", ""Rationale: High dominance suppresses team voice and reduces psychological safety.""], ""confidence"": 0.9, ""standup_reasoning"": {""dominant_signal"": ""dominant_voice"", ""behavioural_pattern"": ""Participation is uneven, indicating reduced engagement or communication imbalance."", ""reason_for_choice"": ""The rule 'dominance_critical_threshold' had the highest priority (4), indicating the most urgent team need."", ""risk_category"": ""Moderate""}, ""team_health"": 39, ""teams_message"": ""**Standup Insight — Moderate Priority**\n\nOne voice may be dominating — rebalance the discussion.\n\n**Why this matters:** Talk-time imbalance exceeded 75%, indicating dominance.\n\n**Signal detected:** `dominant_voice`\n\n**Confidence:** SAAM is highly confident in this assessment.\n\n\n**Team Health Score:** 39%\n""}"
2026-05-24T12:13:04.611908+00:00,dominant_voice,4,One voice may be dominating — rebalance the discussion.,"Talk-time imbalance exceeded 75%, indicating dominance.",dominance_critical_threshold,communication_dynamics,High dominance suppresses team voice and reduces psychological safety.,"{""rule_name"": ""dominance_critical_threshold"", ""rule_category"": ""communication_dynamics"", ""rationale"": ""High dominance suppresses team voice and reduces psychological safety."", ""cue"": ""dominant_voice"", ""message"": ""One voice may be dominating — rebalance the discussion."", ""explanation"": ""Talk-time imbalance exceeded 75%, indicating dominance."", ""priority"": 4, ""contributing_rules"": [""dominance_critical_threshold""], ""reasoning_trace"": [""Rules triggered:"", ""- [dominance_critical_threshold] Talk-time imbalance exceeded 75%, indicating dominance. (priority 4)"", ""- [blocker_stale_age] Blocker age is above 2 days, suggesting slow resolution. (priority 3)"", ""- [standup_time_pressure] Only 1 minutes left in the standup. (priority 2)"", """", ""Final decision: [dominance_critical_threshold] with priority 4."", ""Rationale: High dominance suppresses team voice and reduces psychological safety.""], ""confidence"": 0.84, ""standup_reasoning"": {""dominant_signal"": ""dominant_voice"", ""behavioural_pattern"": ""One voice is dominating the standup, reducing team contribution."", ""reason_for_choice"": ""The rule 'dominance_critical_threshold' had the highest priority (4), indicating the most urgent team need."", ""risk_category"": ""Moderate""}, ""team_health"": 53, ""teams_message"": ""**Standup Insight — Moderate Priority**\n\nOne voice may be dominating — rebalance the discussion.\n\n**Why this matters:** Talk-time imbalance exceeded 75%, indicating dominance.\n\n**Signal detected:** `dominant_voice`\n\n**Confidence:** SAAM is highly confident in this assessment.\n\n\n**Team Health Score:** 53%\n""}"
2026-05-24T12:13:19.799158+00:00,dominant_voice,4,One voice may be dominating — rebalance the discussion.,"Talk-time imbalance exceeded 75%, indicating dominance.",dominance_critical_threshold,communication_dynamics,High dominance suppresses team voice and reduces psychological safety.,"{""rule_name"": ""dominance_critical_threshold"", ""rule_category"": ""communication_dynamics"", ""rationale"": ""High dominance suppresses team voice and reduces psychological safety."", ""cue"": ""dominant_voice"", ""message"": ""One voice may be dominating — rebalance the discussion."", ""explanation"": ""Talk-time imbalance exceeded 75%, indicating dominance."", ""priority"": 4, ""contributing_rules"": [""dominance_critical_threshold""], ""reasoning_trace"": [""Rules triggered:"", ""- [dominance_critical_threshold] Talk-time imbalance exceeded 75%, indicating dominance. (priority 4)"", ""- [standup_time_pressure] Only 1 minutes left in the standup. (priority 2)"", """", ""Final decision: [dominance_critical_threshold] with priority 4."", ""Rationale: High dominance suppresses team voice and reduces psychological safety.""], ""confidence"": 0.78, ""standup_reasoning"": {""dominant_signal"": ""dominant_voice"", ""behavioural_pattern"": ""One voice is dominating the standup, reducing team contribution."", ""reason_for_choice"": ""The rule 'dominance_critical_threshold' had the highest priority (4), indicating the most urgent team need."", ""risk_category"": ""Moderate""}, ""team_health"": 62, ""teams_message"": ""**Standup Insight — Moderate Priority**\n\nOne voice may be dominating — rebalance the discussion.\n\n**Why this matters:** Talk-time imbalance exceeded 75%, indicating dominance.\n\n**Signal detected:** `dominant_voice`\n\n**Confidence:** SAAM is moderately confident in this assessment.\n\n\n**Team Health Score:** 62%\n""}"
2026-05-24T12:13:46.663707+00:00,time_pressure,2,Time is nearly up — consider parking remaining discussions.,Only 1 minutes left in the standup.,standup_time_pressure,ceremony,Standups should remain timeboxed; overruns reduce focus and flow.,"{""rule_name"": ""standup_time_pressure"", ""rule_category"": ""ceremony"", ""rationale"": ""Standups should remain timeboxed; overruns reduce focus and flow."", ""cue"": ""time_pressure"", ""message"": ""Time is nearly up — consider parking remaining discussions."", ""explanation"": ""Only 1 minutes left in the standup."", ""priority"": 2, ""contributing_rules"": [""standup_time_pressure""], ""reasoning_trace"": [""Rules triggered:"", ""- [standup_time_pressure] Only 1 minutes left in the standup. (priority 2)"", """", ""Final decision: [standup_time_pressure] with priority 2."", ""Rationale: Standups should remain timeboxed; overruns reduce focus and flow.""], ""confidence"": 0.76, ""standup_reasoning"": {""dominant_signal"": ""time_pressure"", ""behavioural_pattern"": ""Multiple signals detected, but none indicate severe dysfunction."", ""reason_for_choice"": ""The rule 'standup_time_pressure' had the highest priority (2), indicating the most urgent team need."", ""risk_category"": ""Low""}, ""team_health"": 79, ""teams_message"": ""**Standup Insight — Low Priority**\n\nTime is nearly up — consider parking remaining discussions.\n\n**Why this matters:** Only 1 minutes left in the standup.\n\n**Signal detected:** `time_pressure`\n\n**Confidence:** SAAM is moderately confident in this assessment.\n\n\n**Team Health Score:** 79%\n""}"
2026-05-24T12:14:20.470666+00:00,no_issue,0,No intervention needed.,All monitored metrics are within healthy thresholds.,no_issue,none,No rules fired; team state appears healthy.,"{""rule_name"": ""no_issue"", ""rule_category"": ""none"", ""rationale"": ""No rules fired; team state appears healthy."", ""cue"": ""no_issue"", ""message"": ""No intervention needed."", ""explanation"": ""All monitored metrics are within healthy thresholds."", ""priority"": 0, ""contributing_rules"": [], ""reasoning_trace"": [""Rules triggered:"", """", ""Final decision: [no_issue] with priority 0."", ""Rationale: No rules fired; team state appears healthy.""], ""confidence"": 0.0, ""standup_reasoning"": {""dominant_signal"": null, ""behavioural_pattern"": ""No significant signals detected."", ""reason_for_choice"": ""No rules fired."", ""risk_category"": ""None""}, ""team_health"": 91, ""teams_message"": ""**Standup Insight — Low Priority**\n\nNo intervention needed.\n\n**Why this matters:** All monitored metrics are within healthy thresholds.\n\n**Signal detected:** `no_issue`\n\n**Confidence:** SAAM has low confidence in this assessment.\n\n\n**Team Health Score:** 91%\n""}"
2026-05-25T07:44:08.195462+00:00,critical_low_participation,5,Participation is critically low — the team may be disengaged.,"Participation dropped below 25%, indicating widespread disengagement.",participation_critical_threshold,participation,Critical participation levels indicate disengagement and psychological safety risks.,"{""rule_name"": ""participation_critical_threshold"", ""rule_category"": ""participation"", ""rationale"": ""Critical participation levels indicate disengagement and psychological safety risks."", ""cue"": ""critical_low_participation"", ""message"": ""Participation is critically low — the team may be disengaged."", ""explanation"": ""Participation dropped below 25%, indicating widespread disengagement."", ""priority"": 5, ""contributing_rules"": [""participation_critical_threshold""], ""confidence"": 0.76, ""standup_reasoning"": {""dominant_signal"": ""critical_low_participation"", ""behavioural_pattern"": ""Multiple signals detected, but none indicate severe dysfunction."", ""reason_for_choice"": ""The rule 'participation_critical_threshold' had the highest priority (5), indicating the most urgent team need."", ""risk_category"": ""High""}, ""team_health"": 56, ""teams_message"": ""**Standup Insight — High Priority**\n\nParticipation is critically low — the team may be disengaged.\n\n**Why this matters:** Participation dropped below 25%, indicating widespread disengagement.\n\n**Signal detected:** `critical_low_participation`\n\n**Confidence:** SAAM is moderately confident in this assessment.\n**Team Health Score:** 56/100\n""}"
2026-05-25T07:44:12.685095+00:00,critical_low_participation,5,Participation is critically low — the team may be disengaged.,"Participation dropped below 25%, indicating widespread disengagement.",participation_critical_threshold,participation,Critical participation levels indicate disengagement and psychological safety risks.,"{""rule_name"": ""participation_critical_threshold"", ""rule_category"": ""participation"", ""rationale"": ""Critical participation levels indicate disengagement and psychological safety risks."", ""cue"": ""critical_low_participation"", ""message"": ""Participation is critically low — the team may be disengaged."", ""explanation"": ""Participation dropped below 25%, indicating widespread disengagement."", ""priority"": 5, ""contributing_rules"": [""participation_critical_threshold""], ""confidence"": 0.76, ""standup_reasoning"": {""dominant_signal"": ""critical_low_participation"", ""behavioural_pattern"": ""Multiple signals detected, but none indicate severe dysfunction."", ""reason_for_choice"": ""The rule 'participation_critical_threshold' had the highest priority (5), indicating the most urgent team need."", ""risk_category"": ""High""}, ""team_health"": 56, ""teams_message"": ""**Standup Insight — High Priority**\n\nParticipation is critically low — the team may be disengaged.\n\n**Why this matters:** Participation dropped below 25%, indicating widespread disengagement.\n\n**Signal detected:** `critical_low_participation`\n\n**Confidence:** SAAM is moderately confident in this assessment.\n**Team Health Score:** 56/100\n""}"
2026-05-25T07:44:16.297518+00:00,multi_cue,5,"Multiple issues detected:
- Participation is critically low — the team may be disengaged.
- A blocker has no owner — assign responsibility.","This intervention combines several high‑priority signals:
- [participation_critical_threshold] Participation dropped below 25%, indicating widespread disengagement.
- [blocker_missing_owner] Blocker owner is missing, preventing resolution.",multi_cue_composite,combined_signals,"When several high-priority cues fire together, SAAM surfaces a composite intervention.","{""rule_name"": ""multi_cue_composite"", ""rule_category"": ""combined_signals"", ""rationale"": ""When several high-priority cues fire together, SAAM surfaces a composite intervention."", ""cue"": ""multi_cue"", ""message"": ""Multiple issues detected:\n- Participation is critically low — the team may be disengaged.\n- A blocker has no owner — assign responsibility."", ""explanation"": ""This intervention combines several high‑priority signals:\n- [participation_critical_threshold] Participation dropped below 25%, indicating widespread disengagement.\n- [blocker_missing_owner] Blocker owner is missing, preventing resolution."", ""priority"": 5, ""contributing_rules"": [""participation_critical_threshold"", ""blocker_missing_owner""], ""reasoning_trace"": [], ""confidence"": 0.82, ""standup_reasoning"": {""dominant_signal"": ""multi_cue"", ""behavioural_pattern"": ""Multiple signals detected, but none indicate severe dysfunction."", ""reason_for_choice"": ""Multiple high‑priority signals were detected (2). SAAM selected 'multi_cue_composite' as the most actionable intervention."", ""risk_category"": ""High""}, ""team_health"": 56, ""teams_message"": ""**Standup Insight — High Priority**\n\nMultiple issues detected:\n- Participation is critically low — the team may be disengaged.\n- A blocker has no owner — assign responsibility.\n\n**Why this matters:** This intervention combines several high‑priority signals:\n- [participation_critical_threshold] Participation dropped below 25%, indicating widespread disengagement.\n- [blocker_missing_owner] Blocker owner is missing, preventing resolution.\n\n**Signal detected:** `multi_cue`\n\n**Confidence:** SAAM is highly confident in this assessment.\n**Team Health Score:** 56/100\n""}"
2026-05-25T07:44:17.352423+00:00,multi_cue,5,"Multiple issues detected:
- Participation is critically low — the team may be disengaged.
- A blocker has no owner — assign responsibility.","This intervention combines several high‑priority signals:
- [participation_critical_threshold] Participation dropped below 25%, indicating widespread disengagement.
- [blocker_missing_owner] Blocker owner is missing, preventing resolution.",multi_cue_composite,combined_signals,"When several high-priority cues fire together, SAAM surfaces a composite intervention.","{""rule_name"": ""multi_cue_composite"", ""rule_category"": ""combined_signals"", ""rationale"": ""When several high-priority cues fire together, SAAM surfaces a composite intervention."", ""cue"": ""multi_cue"", ""message"": ""Multiple issues detected:\n- Participation is critically low — the team may be disengaged.\n- A blocker has no owner — assign responsibility."", ""explanation"": ""This intervention combines several high‑priority signals:\n- [participation_critical_threshold] Participation dropped below 25%, indicating widespread disengagement.\n- [blocker_missing_owner] Blocker owner is missing, preventing resolution."", ""priority"": 5, ""contributing_rules"": [""participation_critical_threshold"", ""blocker_missing_owner""], ""reasoning_trace"": [], ""confidence"": 0.82, ""standup_reasoning"": {""dominant_signal"": ""multi_cue"", ""behavioural_pattern"": ""Multiple signals detected, but none indicate severe dysfunction."", ""reason_for_choice"": ""Multiple high‑priority signals were detected (2). SAAM selected 'multi_cue_composite' as the most actionable intervention."", ""risk_category"": ""High""}, ""team_health"": 56, ""teams_message"": ""**Standup Insight — High Priority**\n\nMultiple issues detected:\n- Participation is critically low — the team may be disengaged.\n- A blocker has no owner — assign responsibility.\n\n**Why this matters:** This intervention combines several high‑priority signals:\n- [participation_critical_threshold] Participation dropped below 25%, indicating widespread disengagement.\n- [blocker_missing_owner] Blocker owner is missing, preventing resolution.\n\n**Signal detected:** `multi_cue`\n\n**Confidence:** SAAM is highly confident in this assessment.\n**Team Health Score:** 56/100\n""}"
2026-05-25T07:44:18.162707+00:00,critical_low_participation,5,Participation is critically low — the team may be disengaged.,"Participation dropped below 25%, indicating widespread disengagement.",participation_critical_threshold,participation,Critical participation levels indicate disengagement and psychological safety risks.,"{""rule_name"": ""participation_critical_threshold"", ""rule_category"": ""participation"", ""rationale"": ""Critical participation levels indicate disengagement and psychological safety risks."", ""cue"": ""critical_low_participation"", ""message"": ""Participation is critically low — the team may be disengaged."", ""explanation"": ""Participation dropped below 25%, indicating widespread disengagement."", ""priority"": 5, ""contributing_rules"": [""participation_critical_threshold""], ""confidence"": 0.76, ""standup_reasoning"": {""dominant_signal"": ""critical_low_participation"", ""behavioural_pattern"": ""Multiple signals detected, but none indicate severe dysfunction."", ""reason_for_choice"": ""The rule 'participation_critical_threshold' had the highest priority (5), indicating the most urgent team need."", ""risk_category"": ""High""}, ""team_health"": 56, ""teams_message"": ""**Standup Insight — High Priority**\n\nParticipation is critically low — the team may be disengaged.\n\n**Why this matters:** Participation dropped below 25%, indicating widespread disengagement.\n\n**Signal detected:** `critical_low_participation`\n\n**Confidence:** SAAM is moderately confident in this assessment.\n**Team Health Score:** 56/100\n""}"
2026-05-25T07:44:19.556194+00:00,critical_low_participation,5,Participation is critically low — the team may be disengaged.,"Participation dropped below 25%, indicating widespread disengagement.",participation_critical_threshold,participation,Critical participation levels indicate disengagement and psychological safety risks.,"{""rule_name"": ""participation_critical_threshold"", ""rule_category"": ""participation"", ""rationale"": ""Critical participation levels indicate disengagement and psychological safety risks."", ""cue"": ""critical_low_participation"", ""message"": ""Participation is critically low — the team may be disengaged."", ""explanation"": ""Participation dropped below 25%, indicating widespread disengagement."", ""priority"": 5, ""contributing_rules"": [""participation_critical_threshold""], ""confidence"": 0.76, ""standup_reasoning"": {""dominant_signal"": ""critical_low_participation"", ""behavioural_pattern"": ""Multiple signals detected, but none indicate severe dysfunction."", ""reason_for_choice"": ""The rule 'participation_critical_threshold' had the highest priority (5), indicating the most urgent team need."", ""risk_category"": ""High""}, ""team_health"": 56, ""teams_message"": ""**Standup Insight — High Priority**\n\nParticipation is critically low — the team may be disengaged.\n\n**Why this matters:** Participation dropped below 25%, indicating widespread disengagement.\n\n**Signal detected:** `critical_low_participation`\n\n**Confidence:** SAAM is moderately confident in this assessment.\n**Team Health Score:** 56/100\n""}"
2026-05-25T07:47:07.938480+00:00,multi_cue,5,"Multiple issues detected:
- Participation is critically low — the team may be disengaged.
- A blocker has no owner — assign responsibility.","This intervention combines several high‑priority signals:
- [participation_critical_threshold] Participation dropped below 25%, indicating widespread disengagement.
- [blocker_missing_owner] Blocker owner is missing, preventing resolution.",multi_cue_composite,combined_signals,"When several high-priority cues fire together, SAAM surfaces a composite intervention.","{""rule_name"": ""multi_cue_composite"", ""rule_category"": ""combined_signals"", ""rationale"": ""When several high-priority cues fire together, SAAM surfaces a composite intervention."", ""cue"": ""multi_cue"", ""message"": ""Multiple issues detected:\n- Participation is critically low — the team may be disengaged.\n- A blocker has no owner — assign responsibility."", ""explanation"": ""This intervention combines several high‑priority signals:\n- [participation_critical_threshold] Participation dropped below 25%, indicating widespread disengagement.\n- [blocker_missing_owner] Blocker owner is missing, preventing resolution."", ""priority"": 5, ""contributing_rules"": [""participation_critical_threshold"", ""blocker_missing_owner""], ""reasoning_trace"": [], ""confidence"": 0.82, ""standup_reasoning"": {""dominant_signal"": ""multi_cue"", ""behavioural_pattern"": ""Multiple signals detected, but none indicate severe dysfunction."", ""reason_for_choice"": ""Multiple high‑priority signals were detected (2). SAAM selected 'multi_cue_composite' as the most actionable intervention."", ""risk_category"": ""High""}, ""team_health"": 56, ""teams_message"": ""**Standup Insight — High Priority**\n\nMultiple issues detected:\n- Participation is critically low — the team may be disengaged.\n- A blocker has no owner — assign responsibility.\n\n**Why this matters:** This intervention combines several high‑priority signals:\n- [participation_critical_threshold] Participation dropped below 25%, indicating widespread disengagement.\n- [blocker_missing_owner] Blocker owner is missing, preventing resolution.\n\n**Signal detected:** `multi_cue`\n\n**Confidence:** SAAM is highly confident in this assessment.\n**Team Health Score:** 56/100\n""}"
2026-05-25T07:49:51.317212+00:00,no_issue,0,No intervention needed.,All monitored metrics are within healthy thresholds.,no_issue,none,No rules fired; team state appears healthy.,"{""rule_name"": ""no_issue"", ""rule_category"": ""none"", ""rationale"": ""No rules fired; team state appears healthy."", ""cue"": ""no_issue"", ""message"": ""No intervention needed."", ""explanation"": ""All monitored metrics are within healthy thresholds."", ""priority"": 0, ""contributing_rules"": [], ""reasoning_trace"": [], ""confidence"": 0.0, ""standup_reasoning"": {""dominant_signal"": null, ""behavioural_pattern"": ""No significant signals detected."", ""reason_for_choice"": ""No rules fired."", ""risk_category"": ""None""}, ""team_health"": 91, ""teams_message"": ""**Standup Insight — Low Priority**\n\nNo intervention needed.\n\n**Why this matters:** All monitored metrics are within healthy thresholds.\n\n**Signal detected:** `no_issue`\n\n**Confidence:** SAAM has low confidence in this assessment.\n**Team Health Score:** 91/100\n""}"
2026-05-25T07:50:42.263407+00:00,no_issue,0,No intervention needed.,All monitored metrics are within healthy thresholds.,no_issue,none,No rules fired; team state appears healthy.,"{""rule_name"": ""no_issue"", ""rule_category"": ""none"", ""rationale"": ""No rules fired; team state appears healthy."", ""cue"": ""no_issue"", ""message"": ""No intervention needed."", ""explanation"": ""All monitored metrics are within healthy thresholds."", ""priority"": 0, ""contributing_rules"": [], ""reasoning_trace"": [], ""confidence"": 0.0, ""standup_reasoning"": {""dominant_signal"": null, ""behavioural_pattern"": ""No significant signals detected."", ""reason_for_choice"": ""No rules fired."", ""risk_category"": ""None""}, ""team_health"": 91, ""teams_message"": ""**Standup Insight — Low Priority**\n\nNo intervention needed.\n\n**Why this matters:** All monitored metrics are within healthy thresholds.\n\n**Signal detected:** `no_issue`\n\n**Confidence:** SAAM has low confidence in this assessment.\n**Team Health Score:** 91/100\n""}"
2026-05-25T07:51:49.350278+00:00,no_issue,0,No intervention needed.,All monitored metrics are within healthy thresholds.,no_issue,none,No rules fired; team state appears healthy.,"{""rule_name"": ""no_issue"", ""rule_category"": ""none"", ""rationale"": ""No rules fired; team state appears healthy."", ""cue"": ""no_issue"", ""message"": ""No intervention needed."", ""explanation"": ""All monitored metrics are within healthy thresholds."", ""priority"": 0, ""contributing_rules"": [], ""reasoning_trace"": [], ""confidence"": 0.0, ""standup_reasoning"": {""dominant_signal"": null, ""behavioural_pattern"": ""No significant signals detected."", ""reason_for_choice"": ""No rules fired."", ""risk_category"": ""None""}, ""team_health"": 91, ""teams_message"": ""**Standup Insight — Low Priority**\n\nNo intervention needed.\n\n**Why this matters:** All monitored metrics are within healthy thresholds.\n\n**Signal detected:** `no_issue`\n\n**Confidence:** SAAM has low confidence in this assessment.\n**Team Health Score:** 91/100\n""}"
2026-05-25T07:58:26.295476+00:00,multi_cue,5,"Multiple issues detected:
- Participation is critically low — the team may be disengaged.
- A blocker has no owner — assign responsibility.","This intervention combines several high‑priority signals:
- [participation_critical_threshold] Participation dropped below 25%, indicating widespread disengagement.
- [blocker_missing_owner] Blocker owner is missing, preventing resolution.",multi_cue_composite,combined_signals,"When several high-priority cues fire together, SAAM surfaces a composite intervention.","{""rule_name"": ""multi_cue_composite"", ""rule_category"": ""combined_signals"", ""rationale"": ""When several high-priority cues fire together, SAAM surfaces a composite intervention."", ""cue"": ""multi_cue"", ""message"": ""Multiple issues detected:\n- Participation is critically low — the team may be disengaged.\n- A blocker has no owner — assign responsibility."", ""explanation"": ""This intervention combines several high‑priority signals:\n- [participation_critical_threshold] Participation dropped below 25%, indicating widespread disengagement.\n- [blocker_missing_owner] Blocker owner is missing, preventing resolution."", ""priority"": 5, ""contributing_rules"": [""participation_critical_threshold"", ""blocker_missing_owner""], ""reasoning_trace"": [], ""confidence"": 0.82, ""standup_reasoning"": {""dominant_signal"": ""multi_cue"", ""behavioural_pattern"": ""Multiple signals detected, but none indicate severe dysfunction."", ""reason_for_choice"": ""Multiple high‑priority signals were detected (2). SAAM selected 'multi_cue_composite' as the most actionable intervention."", ""risk_category"": ""High""}, ""team_health"": 56, ""teams_message"": ""**Standup Insight — High Priority**\n\nMultiple issues detected:\n- Participation is critically low — the team may be disengaged.\n- A blocker has no owner — assign responsibility.\n\n**Why this matters:** This intervention combines several high‑priority signals:\n- [participation_critical_threshold] Participation dropped below 25%, indicating widespread disengagement.\n- [blocker_missing_owner] Blocker owner is missing, preventing resolution.\n\n**Signal detected:** `multi_cue`\n\n**Confidence:** SAAM is highly confident in this assessment.\n**Team Health Score:** 56/100\n""}"
2026-05-25T07:58:48.430133+00:00,critical_low_participation,5,Participation is critically low — the team may be disengaged.,"Participation dropped below 25%, indicating widespread disengagement.",participation_critical_threshold,participation,Critical participation levels indicate disengagement and psychological safety risks.,"{""rule_name"": ""participation_critical_threshold"", ""rule_category"": ""participation"", ""rationale"": ""Critical participation levels indicate disengagement and psychological safety risks."", ""cue"": ""critical_low_participation"", ""message"": ""Participation is critically low — the team may be disengaged."", ""explanation"": ""Participation dropped below 25%, indicating widespread disengagement."", ""priority"": 5, ""contributing_rules"": [""participation_critical_threshold""], ""confidence"": 1.0, ""standup_reasoning"": {""dominant_signal"": ""critical_low_participation"", ""behavioural_pattern"": ""Multiple signals detected, but none indicate severe dysfunction."", ""reason_for_choice"": ""The rule 'participation_critical_threshold' had the highest priority (5), indicating the most urgent team need."", ""risk_category"": ""High""}, ""team_health"": 56, ""teams_message"": ""**Standup Insight — High Priority**\n\nParticipation is critically low — the team may be disengaged.\n\n**Why this matters:** Participation dropped below 25%, indicating widespread disengagement.\n\n**Signal detected:** `critical_low_participation`\n\n**Confidence:** SAAM is highly confident in this assessment.\n**Team Health Score:** 56/100\n""}"
2026-05-25T07:58:50.813355+00:00,critical_low_participation,5,Participation is critically low — the team may be disengaged.,"Participation dropped below 25%, indicating widespread disengagement.",participation_critical_threshold,participation,Critical participation levels indicate disengagement and psychological safety risks.,"{""rule_name"": ""participation_critical_threshold"", ""rule_category"": ""participation"", ""rationale"": ""Critical participation levels indicate disengagement and psychological safety risks."", ""cue"": ""critical_low_participation"", ""message"": ""Participation is critically low — the team may be disengaged."", ""explanation"": ""Participation dropped below 25%, indicating widespread disengagement."", ""priority"": 5, ""contributing_rules"": [""participation_critical_threshold""], ""confidence"": 1.0, ""standup_reasoning"": {""dominant_signal"": ""critical_low_participation"", ""behavioural_pattern"": ""Multiple signals detected, but none indicate severe dysfunction."", ""reason_for_choice"": ""The rule 'participation_critical_threshold' had the highest priority (5), indicating the most urgent team need."", ""risk_category"": ""High""}, ""team_health"": 56, ""teams_message"": ""**Standup Insight — High Priority**\n\nParticipation is critically low — the team may be disengaged.\n\n**Why this matters:** Participation dropped below 25%, indicating widespread disengagement.\n\n**Signal detected:** `critical_low_participation`\n\n**Confidence:** SAAM is highly confident in this assessment.\n**Team Health Score:** 56/100\n""}"
2026-05-25T07:58:50.818365+00:00,critical_low_participation,5,Participation is critically low — the team may be disengaged.,"Participation dropped below 25%, indicating widespread disengagement.",participation_critical_threshold,participation,Critical participation levels indicate disengagement and psychological safety risks.,"{""rule_name"": ""participation_critical_threshold"", ""rule_category"": ""participation"", ""rationale"": ""Critical participation levels indicate disengagement and psychological safety risks."", ""cue"": ""critical_low_participation"", ""message"": ""Participation is critically low — the team may be disengaged."", ""explanation"": ""Participation dropped below 25%, indicating widespread disengagement."", ""priority"": 5, ""contributing_rules"": [""participation_critical_threshold""], ""confidence"": 1.0, ""standup_reasoning"": {""dominant_signal"": ""critical_low_participation"", ""behavioural_pattern"": ""Multiple signals detected, but none indicate severe dysfunction."", ""reason_for_choice"": ""The rule 'participation_critical_threshold' had the highest priority (5), indicating the most urgent team need."", ""risk_category"": ""High""}, ""team_health"": 56, ""teams_message"": ""**Standup Insight — High Priority**\n\nParticipation is critically low — the team may be disengaged.\n\n**Why this matters:** Participation dropped below 25%, indicating widespread disengagement.\n\n**Signal detected:** `critical_low_participation`\n\n**Confidence:** SAAM is highly confident in this assessment.\n**Team Health Score:** 56/100\n""}"
2026-05-25T07:59:10.104630+00:00,no_issue,0,No intervention needed.,All monitored metrics are within healthy thresholds.,no_issue,none,No rules fired; team state appears healthy.,"{""rule_name"": ""no_issue"", ""rule_category"": ""none"", ""rationale"": ""No rules fired; team state appears healthy."", ""cue"": ""no_issue"", ""message"": ""No intervention needed."", ""explanation"": ""All monitored metrics are within healthy thresholds."", ""priority"": 0, ""contributing_rules"": [], ""reasoning_trace"": [], ""confidence"": 0.0, ""standup_reasoning"": {""dominant_signal"": null, ""behavioural_pattern"": ""No significant signals detected."", ""reason_for_choice"": ""No rules fired."", ""risk_category"": ""None""}, ""team_health"": 91, ""teams_message"": ""**Standup Insight — Low Priority**\n\nNo intervention needed.\n\n**Why this matters:** All monitored metrics are within healthy thresholds.\n\n**Signal detected:** `no_issue`\n\n**Confidence:** SAAM has low confidence in this assessment.\n**Team Health Score:** 91/100\n""}"
2026-05-25T07:59:40.134938+00:00,multi_cue,8,"Multiple issues detected:
- Low participation + dominance detected — rebalance the conversation.
- A blocker has been unresolved for several days — escalate immediately.
- Participation is critically low — the team may be disengaged.
- One voice may be dominating — rebalance the discussion.","This intervention combines several high‑priority signals:
- [psychological_safety_risk] Combined signals indicate psychological safety issues.
- [blocker_critical_age] Blocker age indicates stalled progress.
- [participation_critical_threshold] Participation dropped below 25%, indicating widespread disengagement.
- [dominance_critical_threshold] Talk-time imbalance exceeded 75%, indicating dominance.",multi_cue_composite,combined_signals,"When several high-priority cues fire together, SAAM surfaces a composite intervention.","{""rule_name"": ""multi_cue_composite"", ""rule_category"": ""combined_signals"", ""rationale"": ""When several high-priority cues fire together, SAAM surfaces a composite intervention."", ""cue"": ""multi_cue"", ""message"": ""Multiple issues detected:\n- Low participation + dominance detected — rebalance the conversation.\n- A blocker has been unresolved for several days — escalate immediately.\n- Participation is critically low — the team may be disengaged.\n- One voice may be dominating — rebalance the discussion."", ""explanation"": ""This intervention combines several high‑priority signals:\n- [psychological_safety_risk] Combined signals indicate psychological safety issues.\n- [blocker_critical_age] Blocker age indicates stalled progress.\n- [participation_critical_threshold] Participation dropped below 25%, indicating widespread disengagement.\n- [dominance_critical_threshold] Talk-time imbalance exceeded 75%, indicating dominance."", ""priority"": 8, ""contributing_rules"": [""psychological_safety_risk"", ""blocker_critical_age"", ""participation_critical_threshold"", ""dominance_critical_threshold""], ""reasoning_trace"": [], ""confidence"": 1.0, ""standup_reasoning"": {""dominant_signal"": ""multi_cue"", ""behavioural_pattern"": ""Low participation combined with dominance suggests a psychological safety risk."", ""reason_for_choice"": ""The rule 'multi_cue_composite' had the highest priority (8), indicating the most urgent team need."", ""risk_category"": ""Critical""}, ""team_health"": 19, ""teams_message"": ""**Standup Insight — Critical Priority**\n\nMultiple issues detected:\n- Low participation + dominance detected — rebalance the conversation.\n- A blocker has been unresolved for several days — escalate immediately.\n- Participation is critically low — the team may be disengaged.\n- One voice may be dominating — rebalance the discussion.\n\n**Why this matters:** This intervention combines several high‑priority signals:\n- [psychological_safety_risk] Combined signals indicate psychological safety issues.\n- [blocker_critical_age] Blocker age indicates stalled progress.\n- [participation_critical_threshold] Participation dropped below 25%, indicating widespread disengagement.\n- [dominance_critical_threshold] Talk-time imbalance exceeded 75%, indicating dominance.\n\n**Signal detected:** `multi_cue`\n\n**Confidence:** SAAM is highly confident in this assessment.\n**Team Health Score:** 19/100\n""}"
2026-05-25T08:05:38.162720+00:00,multi_cue,8,"Multiple issues detected:
- Low participation + dominance detected — rebalance the conversation.
- A blocker has been unresolved for several days — escalate immediately.
- Participation is critically low — the team may be disengaged.
- One voice may be dominating — rebalance the discussion.","This intervention combines several high‑priority signals:
- [psychological_safety_risk] Combined signals indicate psychological safety issues.
- [blocker_critical_age] Blocker age indicates stalled progress.
- [participation_critical_threshold] Participation dropped below 25%, indicating widespread disengagement.
- [dominance_critical_threshold] Talk-time imbalance exceeded 75%, indicating dominance.",multi_cue_composite,combined_signals,"When several high-priority cues fire together, SAAM surfaces a composite intervention.","{""rule_name"": ""multi_cue_composite"", ""rule_category"": ""combined_signals"", ""rationale"": ""When several high-priority cues fire together, SAAM surfaces a composite intervention."", ""cue"": ""multi_cue"", ""message"": ""Multiple issues detected:\n- Low participation + dominance detected — rebalance the conversation.\n- A blocker has been unresolved for several days — escalate immediately.\n- Participation is critically low — the team may be disengaged.\n- One voice may be dominating — rebalance the discussion."", ""explanation"": ""This intervention combines several high‑priority signals:\n- [psychological_safety_risk] Combined signals indicate psychological safety issues.\n- [blocker_critical_age] Blocker age indicates stalled progress.\n- [participation_critical_threshold] Participation dropped below 25%, indicating widespread disengagement.\n- [dominance_critical_threshold] Talk-time imbalance exceeded 75%, indicating dominance."", ""priority"": 8, ""contributing_rules"": [""psychological_safety_risk"", ""blocker_critical_age"", ""participation_critical_threshold"", ""dominance_critical_threshold""], ""reasoning_trace"": [], ""confidence"": 1.0, ""standup_reasoning"": {""dominant_signal"": ""multi_cue"", ""behavioural_pattern"": ""Low participation combined with dominance suggests a psychological safety risk."", ""reason_for_choice"": ""The rule 'multi_cue_composite' had the highest priority (8), indicating the most urgent team need."", ""risk_category"": ""Critical""}, ""team_health"": 19, ""teams_message"": ""**SAAM Intervention**\n\n**Multiple issues detected**\n- psychological_safety_risk\n- blocker_critical_age\n- participation_critical_threshold\n- dominance_critical_threshold\n\n**Intervention:** Multiple issues detected:\n- Low participation + dominance detected — rebalance the conversation.\n- A blocker has been unresolved for several days — escalate immediately.\n- Participation is critically low — the team may be disengaged.\n- One voice may be dominating — rebalance the discussion.\n\n**Reasoning Summary:**\nThis intervention combines several high‑priority signals:\n- [psychological_safety_risk] Combined signals indicate psychological safety issues.\n- [blocker_critical_age] Blocker age indicates stalled progress.\n- [participation_critical_threshold] Participation dropped below 25%, indicating widespread disengagement.\n- [dominance_critical_threshold] Talk-time imbalance exceeded 75%, indicating dominance.\n\n**Behavioural Interpretation:**\n{'dominant_signal': 'multi_cue', 'behavioural_pattern': 'Low participation combined with dominance suggests a psychological safety risk.', 'reason_for_choice': \""The rule 'multi_cue_composite' had the highest priority (8), indicating the most urgent team need.\"", 'risk_category': 'Critical'}\n\n**Confidence:** 100%\n**Team Health:** 19/100\n\n**Priority:** 8""}"
2026-05-25T08:15:38.294399+00:00,multi_cue,8,"Multiple issues detected:
- Low participation + dominance detected — rebalance the conversation.
- A blocker has been unresolved for several days — escalate immediately.
- Participation is critically low — the team may be disengaged.
- One voice may be dominating — rebalance the discussion.","This intervention combines several high‑priority signals:
- [psychological_safety_risk] Combined signals indicate psychological safety issues.
- [blocker_critical_age] Blocker age indicates stalled progress.
- [participation_critical_threshold] Participation dropped below 25%, indicating widespread disengagement.
- [dominance_critical_threshold] Talk-time imbalance exceeded 75%, indicating dominance.",multi_cue_composite,combined_signals,"When several high-priority cues fire together, SAAM surfaces a composite intervention.","{""rule_name"": ""multi_cue_composite"", ""rule_category"": ""combined_signals"", ""rationale"": ""When several high-priority cues fire together, SAAM surfaces a composite intervention."", ""cue"": ""multi_cue"", ""message"": ""Multiple issues detected:\n- Low participation + dominance detected — rebalance the conversation.\n- A blocker has been unresolved for several days — escalate immediately.\n- Participation is critically low — the team may be disengaged.\n- One voice may be dominating — rebalance the discussion."", ""explanation"": ""This intervention combines several high‑priority signals:\n- [psychological_safety_risk] Combined signals indicate psychological safety issues.\n- [blocker_critical_age] Blocker age indicates stalled progress.\n- [participation_critical_threshold] Participation dropped below 25%, indicating widespread disengagement.\n- [dominance_critical_threshold] Talk-time imbalance exceeded 75%, indicating dominance."", ""priority"": 8, ""contributing_rules"": [""psychological_safety_risk"", ""blocker_critical_age"", ""participation_critical_threshold"", ""dominance_critical_threshold""], ""reasoning_trace"": [], ""confidence"": 1.0, ""standup_reasoning"": {""dominant_signal"": ""multi_cue"", ""behavioural_pattern"": ""Low participation combined with dominance suggests a psychological safety risk."", ""reason_for_choice"": ""The rule 'multi_cue_composite' had the highest priority (8), indicating the most urgent team need."", ""risk_category"": ""Critical""}, ""team_health"": 19, ""teams_message"": ""**SAAM Intervention**\n\n**Multiple issues detected**\n- psychological_safety_risk\n- blocker_critical_age\n- participation_critical_threshold\n- dominance_critical_threshold\n\n**Intervention:** Multiple issues detected:\n- Low participation + dominance detected — rebalance the conversation.\n- A blocker has been unresolved for several days — escalate immediately.\n- Participation is critically low — the team may be disengaged.\n- One voice may be dominating — rebalance the discussion.\n\n**Reasoning Summary:**\nThis intervention combines several high‑priority signals:\n- [psychological_safety_risk] Combined signals indicate psychological safety issues.\n- [blocker_critical_age] Blocker age indicates stalled progress.\n- [participation_critical_threshold] Participation dropped below 25%, indicating widespread disengagement.\n- [dominance_critical_threshold] Talk-time imbalance exceeded 75%, indicating dominance.\n\n**Behavioural Interpretation:**\n{'dominant_signal': 'multi_cue', 'behavioural_pattern': 'Low participation combined with dominance suggests a psychological safety risk.', 'reason_for_choice': \""The rule 'multi_cue_composite' had the highest priority (8), indicating the most urgent team need.\"", 'risk_category': 'Critical'}\n\n**Confidence:** 100%\n**Team Health:** 19/100\n\n**Priority:** 8""}"
2026-05-25T08:20:29.655752+00:00,multi_cue,8,"Multiple issues detected:
- Low participation + dominance detected — rebalance the conversation.
- A blocker has been unresolved for several days — escalate immediately.
- Participation is critically low — the team may be disengaged.
- One voice may be dominating — rebalance the discussion.","This intervention combines several high‑priority signals:
- [psychological_safety_risk] Combined signals indicate psychological safety issues.
- [blocker_critical_age] Blocker age indicates stalled progress.
- [participation_critical_threshold] Participation dropped below 25%, indicating widespread disengagement.
- [dominance_critical_threshold] Talk-time imbalance exceeded 75%, indicating dominance.",multi_cue_composite,combined_signals,"When several high-priority cues fire together, SAAM surfaces a composite intervention.","{""rule_name"": ""multi_cue_composite"", ""rule_category"": ""combined_signals"", ""rationale"": ""When several high-priority cues fire together, SAAM surfaces a composite intervention."", ""cue"": ""multi_cue"", ""message"": ""Multiple issues detected:\n- Low participation + dominance detected — rebalance the conversation.\n- A blocker has been unresolved for several days — escalate immediately.\n- Participation is critically low — the team may be disengaged.\n- One voice may be dominating — rebalance the discussion."", ""explanation"": ""This intervention combines several high‑priority signals:\n- [psychological_safety_risk] Combined signals indicate psychological safety issues.\n- [blocker_critical_age] Blocker age indicates stalled progress.\n- [participation_critical_threshold] Participation dropped below 25%, indicating widespread disengagement.\n- [dominance_critical_threshold] Talk-time imbalance exceeded 75%, indicating dominance."", ""priority"": 8, ""contributing_rules"": [""psychological_safety_risk"", ""blocker_critical_age"", ""participation_critical_threshold"", ""dominance_critical_threshold""], ""reasoning_trace"": [], ""confidence"": 1.0, ""standup_reasoning"": {""dominant_signal"": ""multi_cue"", ""behavioural_pattern"": ""Low participation combined with dominance suggests a psychological safety risk."", ""reason_for_choice"": ""The rule 'multi_cue_composite' had the highest priority (8), indicating the most urgent team need."", ""risk_category"": ""Critical""}, ""team_health"": 19, ""teams_message"": ""**SAAM Intervention**\n\n**Multiple issues detected**\n- psychological_safety_risk\n- blocker_critical_age\n- participation_critical_threshold\n- dominance_critical_threshold\n\n**Intervention:** Multiple issues detected:\n- Low participation + dominance detected — rebalance the conversation.\n- A blocker has been unresolved for several days — escalate immediately.\n- Participation is critically low — the team may be disengaged.\n- One voice may be dominating — rebalance the discussion.\n\n**Reasoning Summary:**\nThis intervention combines several high‑priority signals:\n- [psychological_safety_risk] Combined signals indicate psychological safety issues.\n- [blocker_critical_age] Blocker age indicates stalled progress.\n- [participation_critical_threshold] Participation dropped below 25%, indicating widespread disengagement.\n- [dominance_critical_threshold] Talk-time imbalance exceeded 75%, indicating dominance.\n\n**Behavioural Interpretation:**\n{'dominant_signal': 'multi_cue', 'behavioural_pattern': 'Low participation combined with dominance suggests a psychological safety risk.', 'reason_for_choice': \""The rule 'multi_cue_composite' had the highest priority (8), indicating the most urgent team need.\"", 'risk_category': 'Critical'}\n\n**Confidence:** 100%\n**Team Health:** 19/100\n\n**Priority:** 8""}"
2026-05-25T08:28:16.287172+00:00,multi_cue,8,"Multiple issues detected:
- Low participation + dominance detected — rebalance the conversation.
- A blocker has been unresolved for several days — escalate immediately.
- Participation is critically low — the team may be disengaged.
- One voice may be dominating — rebalance the discussion.","This intervention combines several high‑priority signals:
- [psychological_safety_risk] Combined signals indicate psychological safety issues.
- [blocker_critical_age] Blocker age indicates stalled progress.
- [participation_critical_threshold] Participation dropped below 25%, indicating widespread disengagement.
- [dominance_critical_threshold] Talk-time imbalance exceeded 75%, indicating dominance.",multi_cue_composite,combined_signals,"When several high-priority cues fire together, SAAM surfaces a composite intervention.","{""rule_name"": ""multi_cue_composite"", ""rule_category"": ""combined_signals"", ""rationale"": ""When several high-priority cues fire together, SAAM surfaces a composite intervention."", ""cue"": ""multi_cue"", ""message"": ""Multiple issues detected:\n- Low participation + dominance detected — rebalance the conversation.\n- A blocker has been unresolved for several days — escalate immediately.\n- Participation is critically low — the team may be disengaged.\n- One voice may be dominating — rebalance the discussion."", ""explanation"": ""This intervention combines several high‑priority signals:\n- [psychological_safety_risk] Combined signals indicate psychological safety issues.\n- [blocker_critical_age] Blocker age indicates stalled progress.\n- [participation_critical_threshold] Participation dropped below 25%, indicating widespread disengagement.\n- [dominance_critical_threshold] Talk-time imbalance exceeded 75%, indicating dominance."", ""priority"": 8, ""contributing_rules"": [""psychological_safety_risk"", ""blocker_critical_age"", ""participation_critical_threshold"", ""dominance_critical_threshold""], ""reasoning_trace"": [], ""confidence"": 1.0, ""standup_reasoning"": {""dominant_signal"": ""multi_cue"", ""behavioural_pattern"": ""Low participation combined with dominance suggests a psychological safety risk."", ""reason_for_choice"": ""The rule 'multi_cue_composite' had the highest priority (8), indicating the most urgent team need."", ""risk_category"": ""Critical""}, ""team_health"": 19, ""teams_message"": ""**SAAM Intervention**\n\n**Multiple issues detected**\n- psychological_safety_risk\n- blocker_critical_age\n- participation_critical_threshold\n- dominance_critical_threshold\n\n**Intervention:** Multiple issues detected:\n- Low participation + dominance detected — rebalance the conversation.\n- A blocker has been unresolved for several days — escalate immediately.\n- Participation is critically low — the team may be disengaged.\n- One voice may be dominating — rebalance the discussion.\n\n**Reasoning Summary:**\nThis intervention combines several high‑priority signals:\n- [psychological_safety_risk] Combined signals indicate psychological safety issues.\n- [blocker_critical_age] Blocker age indicates stalled progress.\n- [participation_critical_threshold] Participation dropped below 25%, indicating widespread disengagement.\n- [dominance_critical_threshold] Talk-time imbalance exceeded 75%, indicating dominance.\n\n**Behavioural Interpretation:**\n{'dominant_signal': 'multi_cue', 'behavioural_pattern': 'Low participation combined with dominance suggests a psychological safety risk.', 'reason_for_choice': \""The rule 'multi_cue_composite' had the highest priority (8), indicating the most urgent team need.\"", 'risk_category': 'Critical'}\n\n**Confidence:** 100%\n**Team Health:** 19/100\n\n**Priority:** 8""}"
2026-05-25T08:31:42.501666+00:00,multi_cue,8,"Multiple issues detected:
- Low participation + dominance detected — rebalance the conversation.
- A blocker has been unresolved for several days — escalate immediately.
- Participation is critically low — the team may be disengaged.
- One voice may be dominating — rebalance the discussion.","This intervention combines several high‑priority signals:
- [psychological_safety_risk] Combined signals indicate psychological safety issues.
- [blocker_critical_age] Blocker age indicates stalled progress.
- [participation_critical_threshold] Participation dropped below 25%, indicating widespread disengagement.
- [dominance_critical_threshold] Talk-time imbalance exceeded 75%, indicating dominance.",multi_cue_composite,combined_signals,"When several high-priority cues fire together, SAAM surfaces a composite intervention.","{""rule_name"": ""multi_cue_composite"", ""rule_category"": ""combined_signals"", ""rationale"": ""When several high-priority cues fire together, SAAM surfaces a composite intervention."", ""cue"": ""multi_cue"", ""message"": ""Multiple issues detected:\n- Low participation + dominance detected — rebalance the conversation.\n- A blocker has been unresolved for several days — escalate immediately.\n- Participation is critically low — the team may be disengaged.\n- One voice may be dominating — rebalance the discussion."", ""explanation"": ""This intervention combines several high‑priority signals:\n- [psychological_safety_risk] Combined signals indicate psychological safety issues.\n- [blocker_critical_age] Blocker age indicates stalled progress.\n- [participation_critical_threshold] Participation dropped below 25%, indicating widespread disengagement.\n- [dominance_critical_threshold] Talk-time imbalance exceeded 75%, indicating dominance."", ""priority"": 8, ""contributing_rules"": [""psychological_safety_risk"", ""blocker_critical_age"", ""participation_critical_threshold"", ""dominance_critical_threshold""], ""reasoning_trace"": [], ""confidence"": 1.0, ""standup_reasoning"": {""dominant_signal"": ""multi_cue"", ""behavioural_pattern"": ""Low participation combined with dominance suggests a psychological safety risk."", ""reason_for_choice"": ""The rule 'multi_cue_composite' had the highest priority (8), indicating the most urgent team need."", ""risk_category"": ""Critical""}, ""team_health"": 19, ""teams_message"": ""**SAAM Intervention**\n\n**Multiple issues detected**\n- psychological_safety_risk\n- blocker_critical_age\n- participation_critical_threshold\n- dominance_critical_threshold\n\n**Intervention:** Multiple issues detected:\n- Low participation + dominance detected — rebalance the conversation.\n- A blocker has been unresolved for several days — escalate immediately.\n- Participation is critically low — the team may be disengaged.\n- One voice may be dominating — rebalance the discussion.\n\n**Reasoning Summary:**\nThis intervention combines several high‑priority signals:\n- [psychological_safety_risk] Combined signals indicate psychological safety issues.\n- [blocker_critical_age] Blocker age indicates stalled progress.\n- [participation_critical_threshold] Participation dropped below 25%, indicating widespread disengagement.\n- [dominance_critical_threshold] Talk-time imbalance exceeded 75%, indicating dominance.\n\n**Behavioural Interpretation:**\n{'dominant_signal': 'multi_cue', 'behavioural_pattern': 'Low participation combined with dominance suggests a psychological safety risk.', 'reason_for_choice': \""The rule 'multi_cue_composite' had the highest priority (8), indicating the most urgent team need.\"", 'risk_category': 'Critical'}\n\n**Confidence:** 100%\n**Team Health:** 19/100\n\n**Priority:** 8""}"
2026-05-25T08:49:24.960988+00:00,multi_cue,8,"Multiple issues detected:
- Low participation + dominance detected — rebalance the conversation.
- A blocker has been unresolved for several days — escalate immediately.
- Participation is critically low — the team may be disengaged.
- One voice may be dominating — rebalance the discussion.","This intervention combines several high‑priority signals:
- [psychological_safety_risk] Combined signals indicate psychological safety issues.
- [blocker_critical_age] Blocker age indicates stalled progress.
- [participation_critical_threshold] Participation dropped below 25%, indicating widespread disengagement.
- [dominance_critical_threshold] Talk-time imbalance exceeded 75%, indicating dominance.",multi_cue_composite,combined_signals,"When several high-priority cues fire together, SAAM surfaces a composite intervention.","{""rule_name"": ""multi_cue_composite"", ""rule_category"": ""combined_signals"", ""rationale"": ""When several high-priority cues fire together, SAAM surfaces a composite intervention."", ""cue"": ""multi_cue"", ""message"": ""Multiple issues detected:\n- Low participation + dominance detected — rebalance the conversation.\n- A blocker has been unresolved for several days — escalate immediately.\n- Participation is critically low — the team may be disengaged.\n- One voice may be dominating — rebalance the discussion."", ""explanation"": ""This intervention combines several high‑priority signals:\n- [psychological_safety_risk] Combined signals indicate psychological safety issues.\n- [blocker_critical_age] Blocker age indicates stalled progress.\n- [participation_critical_threshold] Participation dropped below 25%, indicating widespread disengagement.\n- [dominance_critical_threshold] Talk-time imbalance exceeded 75%, indicating dominance."", ""priority"": 8, ""contributing_rules"": [""psychological_safety_risk"", ""blocker_critical_age"", ""participation_critical_threshold"", ""dominance_critical_threshold""], ""reasoning_trace"": [], ""confidence"": 1.0, ""standup_reasoning"": {""dominant_signal"": ""multi_cue"", ""behavioural_pattern"": ""Low participation combined with dominance suggests a psychological safety risk."", ""reason_for_choice"": ""The rule 'multi_cue_composite' had the highest priority (8), indicating the most urgent team need."", ""risk_category"": ""Critical""}, ""team_health"": 19, ""teams_message"": ""**SAAM Intervention**\n\n**Multiple issues detected**\n- psychological_safety_risk\n- blocker_critical_age\n- participation_critical_threshold\n- dominance_critical_threshold\n\n**Intervention:** Multiple issues detected:\n- Low participation + dominance detected — rebalance the conversation.\n- A blocker has been unresolved for several days — escalate immediately.\n- Participation is critically low — the team may be disengaged.\n- One voice may be dominating — rebalance the discussion.\n\n**Reasoning Summary:**\nThis intervention combines several high‑priority signals:\n- [psychological_safety_risk] Combined signals indicate psychological safety issues.\n- [blocker_critical_age] Blocker age indicates stalled progress.\n- [participation_critical_threshold] Participation dropped below 25%, indicating widespread disengagement.\n- [dominance_critical_threshold] Talk-time imbalance exceeded 75%, indicating dominance.\n\n**Behavioural Interpretation:**\n{'dominant_signal': 'multi_cue', 'behavioural_pattern': 'Low participation combined with dominance suggests a psychological safety risk.', 'reason_for_choice': \""The rule 'multi_cue_composite' had the highest priority (8), indicating the most urgent team need.\"", 'risk_category': 'Critical'}\n\n**Confidence:** 100%\n**Team Health:** 19/100\n\n**Priority:** 8""}"
2026-05-25T09:13:39.960042+00:00,multi_cue,8,"Multiple issues detected:
- Low participation + dominance detected — rebalance the conversation.
- A blocker has been unresolved for several days — escalate immediately.
- Participation is critically low — the team may be disengaged.
- One voice may be dominating — rebalance the discussion.","This intervention combines several high‑priority signals:
- [psychological_safety_risk] Combined signals indicate psychological safety issues.
- [blocker_critical_age] Blocker age indicates stalled progress.
- [participation_critical_threshold] Participation dropped below 25%, indicating widespread disengagement.
- [dominance_critical_threshold] Talk-time imbalance exceeded 75%, indicating dominance.",multi_cue_composite,combined_signals,"When several high-priority cues fire together, SAAM surfaces a composite intervention.","{""rule_name"": ""multi_cue_composite"", ""rule_category"": ""combined_signals"", ""rationale"": ""When several high-priority cues fire together, SAAM surfaces a composite intervention."", ""cue"": ""multi_cue"", ""message"": ""Multiple issues detected:\n- Low participation + dominance detected — rebalance the conversation.\n- A blocker has been unresolved for several days — escalate immediately.\n- Participation is critically low — the team may be disengaged.\n- One voice may be dominating — rebalance the discussion."", ""explanation"": ""This intervention combines several high‑priority signals:\n- [psychological_safety_risk] Combined signals indicate psychological safety issues.\n- [blocker_critical_age] Blocker age indicates stalled progress.\n- [participation_critical_threshold] Participation dropped below 25%, indicating widespread disengagement.\n- [dominance_critical_threshold] Talk-time imbalance exceeded 75%, indicating dominance."", ""priority"": 8, ""contributing_rules"": [""psychological_safety_risk"", ""blocker_critical_age"", ""participation_critical_threshold"", ""dominance_critical_threshold""], ""reasoning_trace"": [], ""confidence"": 1.0, ""standup_reasoning"": {""dominant_signal"": ""multi_cue"", ""behavioural_pattern"": ""Low participation combined with dominance suggests a psychological safety risk."", ""reason_for_choice"": ""The rule 'multi_cue_composite' had the highest priority (8), indicating the most urgent team need."", ""risk_category"": ""Critical""}, ""team_health"": 19, ""teams_message"": ""**SAAM Intervention**\n\n**Multiple issues detected**\n- psychological_safety_risk\n- blocker_critical_age\n- participation_critical_threshold\n- dominance_critical_threshold\n\n**Intervention:** Multiple issues detected:\n- Low participation + dominance detected — rebalance the conversation.\n- A blocker has been unresolved for several days — escalate immediately.\n- Participation is critically low — the team may be disengaged.\n- One voice may be dominating — rebalance the discussion.\n\n**Reasoning Summary:**\nThis intervention combines several high‑priority signals:\n- [psychological_safety_risk] Combined signals indicate psychological safety issues.\n- [blocker_critical_age] Blocker age indicates stalled progress.\n- [participation_critical_threshold] Participation dropped below 25%, indicating widespread disengagement.\n- [dominance_critical_threshold] Talk-time imbalance exceeded 75%, indicating dominance.\n\n**Behavioural Interpretation:**\n{'dominant_signal': 'multi_cue', 'behavioural_pattern': 'Low participation combined with dominance suggests a psychological safety risk.', 'reason_for_choice': \""The rule 'multi_cue_composite' had the highest priority (8), indicating the most urgent team need.\"", 'risk_category': 'Critical'}\n\n**Confidence:** 100%\n**Team Health:** 19/100\n\n**Priority:** 8""}"
2026-05-25T09:21:22.657182+00:00,multi_cue,8,"Multiple issues detected:
- Low participation + dominance detected — rebalance the conversation.
- A blocker has been unresolved for several days — escalate immediately.
- Participation is critically low — the team may be disengaged.
- One voice may be dominating — rebalance the discussion.","This intervention combines several high‑priority signals:
- [psychological_safety_risk] Combined signals indicate psychological safety issues.
- [blocker_critical_age] Blocker age indicates stalled progress.
- [participation_critical_threshold] Participation dropped below 25%, indicating widespread disengagement.
- [dominance_critical_threshold] Talk-time imbalance exceeded 75%, indicating dominance.",multi_cue_composite,combined_signals,"When several high-priority cues fire together, SAAM surfaces a composite intervention.","{""rule_name"": ""multi_cue_composite"", ""rule_category"": ""combined_signals"", ""rationale"": ""When several high-priority cues fire together, SAAM surfaces a composite intervention."", ""cue"": ""multi_cue"", ""message"": ""Multiple issues detected:\n- Low participation + dominance detected — rebalance the conversation.\n- A blocker has been unresolved for several days — escalate immediately.\n- Participation is critically low — the team may be disengaged.\n- One voice may be dominating — rebalance the discussion."", ""explanation"": ""This intervention combines several high‑priority signals:\n- [psychological_safety_risk] Combined signals indicate psychological safety issues.\n- [blocker_critical_age] Blocker age indicates stalled progress.\n- [participation_critical_threshold] Participation dropped below 25%, indicating widespread disengagement.\n- [dominance_critical_threshold] Talk-time imbalance exceeded 75%, indicating dominance."", ""priority"": 8, ""contributing_rules"": [""psychological_safety_risk"", ""blocker_critical_age"", ""participation_critical_threshold"", ""dominance_critical_threshold""], ""reasoning_trace"": [], ""confidence"": 1.0, ""standup_reasoning"": {""dominant_signal"": ""multi_cue"", ""behavioural_pattern"": ""Low participation combined with dominance suggests a psychological safety risk."", ""reason_for_choice"": ""The rule 'multi_cue_composite' had the highest priority (8), indicating the most urgent team need."", ""risk_category"": ""Critical""}, ""team_health"": 19, ""teams_message"": ""**SAAM Intervention**\n\n**Multiple issues detected**\n- psychological_safety_risk\n- blocker_critical_age\n- participation_critical_threshold\n- dominance_critical_threshold\n\n**Intervention:** Multiple issues detected:\n- Low participation + dominance detected — rebalance the conversation.\n- A blocker has been unresolved for several days — escalate immediately.\n- Participation is critically low — the team may be disengaged.\n- One voice may be dominating — rebalance the discussion.\n\n**Reasoning Summary:**\nThis intervention combines several high‑priority signals:\n- [psychological_safety_risk] Combined signals indicate psychological safety issues.\n- [blocker_critical_age] Blocker age indicates stalled progress.\n- [participation_critical_threshold] Participation dropped below 25%, indicating widespread disengagement.\n- [dominance_critical_threshold] Talk-time imbalance exceeded 75%, indicating dominance.\n\n**Behavioural Interpretation:**\n{'dominant_signal': 'multi_cue', 'behavioural_pattern': 'Low participation combined with dominance suggests a psychological safety risk.', 'reason_for_choice': \""The rule 'multi_cue_composite' had the highest priority (8), indicating the most urgent team need.\"", 'risk_category': 'Critical'}\n\n**Confidence:** 100%\n**Team Health:** 19/100\n\n**Priority:** 8""}"
2026-05-25T09:30:35.049827+00:00,multi_cue,8,"Multiple issues detected:
- Low participation + dominance detected — rebalance the conversation.
- A blocker has been unresolved for several days — escalate immediately.
- Participation is critically low — the team may be disengaged.
- One voice may be dominating — rebalance the discussion.","This intervention combines several high‑priority signals:
- [psychological_safety_risk] Combined signals indicate psychological safety issues.
- [blocker_critical_age] Blocker age indicates stalled progress.
- [participation_critical_threshold] Participation dropped below 25%, indicating widespread disengagement.
- [dominance_critical_threshold] Talk-time imbalance exceeded 75%, indicating dominance.",multi_cue_composite,combined_signals,"When several high-priority cues fire together, SAAM surfaces a composite intervention.","{""rule_name"": ""multi_cue_composite"", ""rule_category"": ""combined_signals"", ""rationale"": ""When several high-priority cues fire together, SAAM surfaces a composite intervention."", ""cue"": ""multi_cue"", ""message"": ""Multiple issues detected:\n- Low participation + dominance detected — rebalance the conversation.\n- A blocker has been unresolved for several days — escalate immediately.\n- Participation is critically low — the team may be disengaged.\n- One voice may be dominating — rebalance the discussion."", ""explanation"": ""This intervention combines several high‑priority signals:\n- [psychological_safety_risk] Combined signals indicate psychological safety issues.\n- [blocker_critical_age] Blocker age indicates stalled progress.\n- [participation_critical_threshold] Participation dropped below 25%, indicating widespread disengagement.\n- [dominance_critical_threshold] Talk-time imbalance exceeded 75%, indicating dominance."", ""priority"": 8, ""contributing_rules"": [""psychological_safety_risk"", ""blocker_critical_age"", ""participation_critical_threshold"", ""dominance_critical_threshold""], ""reasoning_trace"": [], ""confidence"": 1.0, ""standup_reasoning"": {""dominant_signal"": ""multi_cue"", ""behavioural_pattern"": ""Low participation combined with dominance suggests a psychological safety risk."", ""reason_for_choice"": ""The rule 'multi_cue_composite' had the highest priority (8), indicating the most urgent team need."", ""risk_category"": ""Critical""}, ""team_health"": 19, ""teams_message"": ""**SAAM Intervention**\n\n**Multiple issues detected**\n- psychological_safety_risk\n- blocker_critical_age\n- participation_critical_threshold\n- dominance_critical_threshold\n\n**Intervention:** Multiple issues detected:\n- Low participation + dominance detected — rebalance the conversation.\n- A blocker has been unresolved for several days — escalate immediately.\n- Participation is critically low — the team may be disengaged.\n- One voice may be dominating — rebalance the discussion.\n\n**Reasoning Summary:**\nThis intervention combines several high‑priority signals:\n- [psychological_safety_risk] Combined signals indicate psychological safety issues.\n- [blocker_critical_age] Blocker age indicates stalled progress.\n- [participation_critical_threshold] Participation dropped below 25%, indicating widespread disengagement.\n- [dominance_critical_threshold] Talk-time imbalance exceeded 75%, indicating dominance.\n\n**Behavioural Interpretation:**\n{'dominant_signal': 'multi_cue', 'behavioural_pattern': 'Low participation combined with dominance suggests a psychological safety risk.', 'reason_for_choice': \""The rule 'multi_cue_composite' had the highest priority (8), indicating the most urgent team need.\"", 'risk_category': 'Critical'}\n\n**Confidence:** 100%\n**Team Health:** 19/100\n\n**Priority:** 8""}"
2026-05-25T09:39:05.411674+00:00,multi_cue,8,"Multiple issues detected:
- Low participation + dominance detected — rebalance the conversation.
- A blocker has been unresolved for several days — escalate immediately.
- Participation is critically low — the team may be disengaged.
- One voice may be dominating — rebalance the discussion.","This intervention combines several high‑priority signals:
- [psychological_safety_risk] Combined signals indicate psychological safety issues.
- [blocker_critical_age] Blocker age indicates stalled progress.
- [participation_critical_threshold] Participation dropped below 25%, indicating widespread disengagement.
- [dominance_critical_threshold] Talk-time imbalance exceeded 75%, indicating dominance.",multi_cue_composite,combined_signals,"When several high-priority cues fire together, SAAM surfaces a composite intervention.","{""rule_name"": ""multi_cue_composite"", ""rule_category"": ""combined_signals"", ""rationale"": ""When several high-priority cues fire together, SAAM surfaces a composite intervention."", ""cue"": ""multi_cue"", ""message"": ""Multiple issues detected:\n- Low participation + dominance detected — rebalance the conversation.\n- A blocker has been unresolved for several days — escalate immediately.\n- Participation is critically low — the team may be disengaged.\n- One voice may be dominating — rebalance the discussion."", ""explanation"": ""This intervention combines several high‑priority signals:\n- [psychological_safety_risk] Combined signals indicate psychological safety issues.\n- [blocker_critical_age] Blocker age indicates stalled progress.\n- [participation_critical_threshold] Participation dropped below 25%, indicating widespread disengagement.\n- [dominance_critical_threshold] Talk-time imbalance exceeded 75%, indicating dominance."", ""priority"": 8, ""contributing_rules"": [""psychological_safety_risk"", ""blocker_critical_age"", ""participation_critical_threshold"", ""dominance_critical_threshold""], ""reasoning_trace"": [], ""confidence"": 1.0, ""standup_reasoning"": {""dominant_signal"": ""multi_cue"", ""behavioural_pattern"": ""Low participation combined with dominance suggests a psychological safety risk."", ""reason_for_choice"": ""The rule 'multi_cue_composite' had the highest priority (8), indicating the most urgent team need."", ""risk_category"": ""Critical""}, ""team_health"": 19, ""teams_message"": ""**SAAM Intervention**\n\n**Multiple issues detected**\n- psychological_safety_risk\n- blocker_critical_age\n- participation_critical_threshold\n- dominance_critical_threshold\n\n**Intervention:** Multiple issues detected:\n- Low participation + dominance detected — rebalance the conversation.\n- A blocker has been unresolved for several days — escalate immediately.\n- Participation is critically low — the team may be disengaged.\n- One voice may be dominating — rebalance the discussion.\n\n**Reasoning Summary:**\nThis intervention combines several high‑priority signals:\n- [psychological_safety_risk] Combined signals indicate psychological safety issues.\n- [blocker_critical_age] Blocker age indicates stalled progress.\n- [participation_critical_threshold] Participation dropped below 25%, indicating widespread disengagement.\n- [dominance_critical_threshold] Talk-time imbalance exceeded 75%, indicating dominance.\n\n**Behavioural Interpretation:**\n{'dominant_signal': 'multi_cue', 'behavioural_pattern': 'Low participation combined with dominance suggests a psychological safety risk.', 'reason_for_choice': \""The rule 'multi_cue_composite' had the highest priority (8), indicating the most urgent team need.\"", 'risk_category': 'Critical'}\n\n**Confidence:** 100%\n**Team Health:** 19/100\n\n**Priority:** 8""}"
2026-05-25T09:41:54.577281+00:00,multi_cue,8,"Multiple issues detected:
- Low participation + dominance detected — rebalance the conversation.
- A blocker has been unresolved for several days — escalate immediately.
- Participation is critically low — the team may be disengaged.
- One voice may be dominating — rebalance the discussion.","This intervention combines several high‑priority signals:
- [psychological_safety_risk] Combined signals indicate psychological safety issues.
- [blocker_critical_age] Blocker age indicates stalled progress.
- [participation_critical_threshold] Participation dropped below 25%, indicating widespread disengagement.
- [dominance_critical_threshold] Talk-time imbalance exceeded 75%, indicating dominance.",multi_cue_composite,combined_signals,"When several high-priority cues fire together, SAAM surfaces a composite intervention.","{""rule_name"": ""multi_cue_composite"", ""rule_category"": ""combined_signals"", ""rationale"": ""When several high-priority cues fire together, SAAM surfaces a composite intervention."", ""cue"": ""multi_cue"", ""message"": ""Multiple issues detected:\n- Low participation + dominance detected — rebalance the conversation.\n- A blocker has been unresolved for several days — escalate immediately.\n- Participation is critically low — the team may be disengaged.\n- One voice may be dominating — rebalance the discussion."", ""explanation"": ""This intervention combines several high‑priority signals:\n- [psychological_safety_risk] Combined signals indicate psychological safety issues.\n- [blocker_critical_age] Blocker age indicates stalled progress.\n- [participation_critical_threshold] Participation dropped below 25%, indicating widespread disengagement.\n- [dominance_critical_threshold] Talk-time imbalance exceeded 75%, indicating dominance."", ""priority"": 8, ""contributing_rules"": [""psychological_safety_risk"", ""blocker_critical_age"", ""participation_critical_threshold"", ""dominance_critical_threshold""], ""reasoning_trace"": [], ""confidence"": 1.0, ""standup_reasoning"": {""dominant_signal"": ""multi_cue"", ""behavioural_pattern"": ""Low participation combined with dominance suggests a psychological safety risk."", ""reason_for_choice"": ""The rule 'multi_cue_composite' had the highest priority (8), indicating the most urgent team need."", ""risk_category"": ""Critical""}, ""team_health"": 19, ""teams_message"": ""**SAAM Intervention**\n\n**Multiple issues detected**\n- psychological_safety_risk\n- blocker_critical_age\n- participation_critical_threshold\n- dominance_critical_threshold\n\n**Intervention:** Multiple issues detected:\n- Low participation + dominance detected — rebalance the conversation.\n- A blocker has been unresolved for several days — escalate immediately.\n- Participation is critically low — the team may be disengaged.\n- One voice may be dominating — rebalance the discussion.\n\n**Reasoning Summary:**\nThis intervention combines several high‑priority signals:\n- [psychological_safety_risk] Combined signals indicate psychological safety issues.\n- [blocker_critical_age] Blocker age indicates stalled progress.\n- [participation_critical_threshold] Participation dropped below 25%, indicating widespread disengagement.\n- [dominance_critical_threshold] Talk-time imbalance exceeded 75%, indicating dominance.\n\n**Behavioural Interpretation:**\n{'dominant_signal': 'multi_cue', 'behavioural_pattern': 'Low participation combined with dominance suggests a psychological safety risk.', 'reason_for_choice': \""The rule 'multi_cue_composite' had the highest priority (8), indicating the most urgent team need.\"", 'risk_category': 'Critical'}\n\n**Confidence:** 100%\n**Team Health:** 19/100\n\n**Priority:** 8""}"
2026-05-25T09:52:27.877436+00:00,multi_cue,8,"Multiple issues detected:
- Low participation + dominance detected — rebalance the conversation.
- A blocker has been unresolved for several days — escalate immediately.
- Participation is critically low — the team may be disengaged.
- One voice may be dominating — rebalance the discussion.","This intervention combines several high‑priority signals:
- [psychological_safety_risk] Combined signals indicate psychological safety issues.
- [blocker_critical_age] Blocker age indicates stalled progress.
- [participation_critical_threshold] Participation dropped below 25%, indicating widespread disengagement.
- [dominance_critical_threshold] Talk-time imbalance exceeded 75%, indicating dominance.",multi_cue_composite,combined_signals,"When several high-priority cues fire together, SAAM surfaces a composite intervention.","{""rule_name"": ""multi_cue_composite"", ""rule_category"": ""combined_signals"", ""rationale"": ""When several high-priority cues fire together, SAAM surfaces a composite intervention."", ""cue"": ""multi_cue"", ""message"": ""Multiple issues detected:\n- Low participation + dominance detected — rebalance the conversation.\n- A blocker has been unresolved for several days — escalate immediately.\n- Participation is critically low — the team may be disengaged.\n- One voice may be dominating — rebalance the discussion."", ""explanation"": ""This intervention combines several high‑priority signals:\n- [psychological_safety_risk] Combined signals indicate psychological safety issues.\n- [blocker_critical_age] Blocker age indicates stalled progress.\n- [participation_critical_threshold] Participation dropped below 25%, indicating widespread disengagement.\n- [dominance_critical_threshold] Talk-time imbalance exceeded 75%, indicating dominance."", ""priority"": 8, ""contributing_rules"": [""psychological_safety_risk"", ""blocker_critical_age"", ""participation_critical_threshold"", ""dominance_critical_threshold""], ""reasoning_trace"": [], ""confidence"": 1.0, ""standup_reasoning"": {""dominant_signal"": ""multi_cue"", ""behavioural_pattern"": ""Low participation combined with dominance suggests a psychological safety risk."", ""reason_for_choice"": ""The rule 'multi_cue_composite' had the highest priority (8), indicating the most urgent team need."", ""risk_category"": ""Critical""}, ""team_health"": 19, ""teams_message"": ""**SAAM Intervention**\n\n**Multiple issues detected**\n- psychological_safety_risk\n- blocker_critical_age\n- participation_critical_threshold\n- dominance_critical_threshold\n\n**Intervention:** Multiple issues detected:\n- Low participation + dominance detected — rebalance the conversation.\n- A blocker has been unresolved for several days — escalate immediately.\n- Participation is critically low — the team may be disengaged.\n- One voice may be dominating — rebalance the discussion.\n\n**Reasoning Summary:**\nThis intervention combines several high‑priority signals:\n- [psychological_safety_risk] Combined signals indicate psychological safety issues.\n- [blocker_critical_age] Blocker age indicates stalled progress.\n- [participation_critical_threshold] Participation dropped below 25%, indicating widespread disengagement.\n- [dominance_critical_threshold] Talk-time imbalance exceeded 75%, indicating dominance.\n\n**Behavioural Interpretation:**\n{'dominant_signal': 'multi_cue', 'behavioural_pattern': 'Low participation combined with dominance suggests a psychological safety risk.', 'reason_for_choice': \""The rule 'multi_cue_composite' had the highest priority (8), indicating the most urgent team need.\"", 'risk_category': 'Critical'}\n\n**Confidence:** 100%\n**Team Health:** 19/100\n\n**Priority:** 8""}"
2026-05-26T06:03:40.339031+00:00,multi_cue,8,"Multiple issues detected:
- Low participation + dominance detected — rebalance the conversation.
- A blocker has been unresolved for several days — escalate immediately.
- Participation is critically low — the team may be disengaged.
- One voice may be dominating — rebalance the discussion.","This intervention combines several high‑priority signals:
- [psychological_safety_risk] Combined signals indicate psychological safety issues.
- [blocker_critical_age] Blocker age indicates stalled progress.
- [participation_critical_threshold] Participation dropped below 25%, indicating widespread disengagement.
- [dominance_critical_threshold] Talk-time imbalance exceeded 75%, indicating dominance.",multi_cue_composite,combined_signals,"When several high-priority cues fire together, SAAM surfaces a composite intervention.","{""rule_name"": ""multi_cue_composite"", ""rule_category"": ""combined_signals"", ""rationale"": ""When several high-priority cues fire together, SAAM surfaces a composite intervention."", ""cue"": ""multi_cue"", ""message"": ""Multiple issues detected:\n- Low participation + dominance detected — rebalance the conversation.\n- A blocker has been unresolved for several days — escalate immediately.\n- Participation is critically low — the team may be disengaged.\n- One voice may be dominating — rebalance the discussion."", ""explanation"": ""This intervention combines several high‑priority signals:\n- [psychological_safety_risk] Combined signals indicate psychological safety issues.\n- [blocker_critical_age] Blocker age indicates stalled progress.\n- [participation_critical_threshold] Participation dropped below 25%, indicating widespread disengagement.\n- [dominance_critical_threshold] Talk-time imbalance exceeded 75%, indicating dominance."", ""priority"": 8, ""contributing_rules"": [""psychological_safety_risk"", ""blocker_critical_age"", ""participation_critical_threshold"", ""dominance_critical_threshold""], ""reasoning_trace"": [], ""confidence"": 1.0, ""standup_reasoning"": {""dominant_signal"": ""multi_cue"", ""behavioural_pattern"": ""Low participation combined with dominance suggests a psychological safety risk."", ""reason_for_choice"": ""The rule 'multi_cue_composite' had the highest priority (8), indicating the most urgent team need."", ""risk_category"": ""Critical""}, ""team_health"": 19, ""teams_message"": ""**SAAM Intervention**\n\n**Multiple issues detected**\n- psychological_safety_risk\n- blocker_critical_age\n- participation_critical_threshold\n- dominance_critical_threshold\n\n**Intervention:** Multiple issues detected:\n- Low participation + dominance detected — rebalance the conversation.\n- A blocker has been unresolved for several days — escalate immediately.\n- Participation is critically low — the team may be disengaged.\n- One voice may be dominating — rebalance the discussion.\n\n**Reasoning Summary:**\nThis intervention combines several high‑priority signals:\n- [psychological_safety_risk] Combined signals indicate psychological safety issues.\n- [blocker_critical_age] Blocker age indicates stalled progress.\n- [participation_critical_threshold] Participation dropped below 25%, indicating widespread disengagement.\n- [dominance_critical_threshold] Talk-time imbalance exceeded 75%, indicating dominance.\n\n**Behavioural Interpretation:**\n{'dominant_signal': 'multi_cue', 'behavioural_pattern': 'Low participation combined with dominance suggests a psychological safety risk.', 'reason_for_choice': \""The rule 'multi_cue_composite' had the highest priority (8), indicating the most urgent team need.\"", 'risk_category': 'Critical'}\n\n**Confidence:** 100%\n**Team Health:** 19/100\n\n**Priority:** 8""}"
2026-05-26T06:05:43.000401+00:00,multi_cue,8,"Multiple issues detected:
- Low participation + dominance detected — rebalance the conversation.
- A blocker has been unresolved for several days — escalate immediately.
- Participation is critically low — the team may be disengaged.
- One voice may be dominating — rebalance the discussion.","This intervention combines several high‑priority signals:
- [psychological_safety_risk] Combined signals indicate psychological safety issues.
- [blocker_critical_age] Blocker age indicates stalled progress.
- [participation_critical_threshold] Participation dropped below 25%, indicating widespread disengagement.
- [dominance_critical_threshold] Talk-time imbalance exceeded 75%, indicating dominance.",multi_cue_composite,combined_signals,"When several high-priority cues fire together, SAAM surfaces a composite intervention.","{""rule_name"": ""multi_cue_composite"", ""rule_category"": ""combined_signals"", ""rationale"": ""When several high-priority cues fire together, SAAM surfaces a composite intervention."", ""cue"": ""multi_cue"", ""message"": ""Multiple issues detected:\n- Low participation + dominance detected — rebalance the conversation.\n- A blocker has been unresolved for several days — escalate immediately.\n- Participation is critically low — the team may be disengaged.\n- One voice may be dominating — rebalance the discussion."", ""explanation"": ""This intervention combines several high‑priority signals:\n- [psychological_safety_risk] Combined signals indicate psychological safety issues.\n- [blocker_critical_age] Blocker age indicates stalled progress.\n- [participation_critical_threshold] Participation dropped below 25%, indicating widespread disengagement.\n- [dominance_critical_threshold] Talk-time imbalance exceeded 75%, indicating dominance."", ""priority"": 8, ""contributing_rules"": [""psychological_safety_risk"", ""blocker_critical_age"", ""participation_critical_threshold"", ""dominance_critical_threshold""], ""reasoning_trace"": [], ""confidence"": 1.0, ""standup_reasoning"": {""dominant_signal"": ""multi_cue"", ""behavioural_pattern"": ""Low participation combined with dominance suggests a psychological safety risk."", ""reason_for_choice"": ""The rule 'multi_cue_composite' had the highest priority (8), indicating the most urgent team need."", ""risk_category"": ""Critical""}, ""team_health"": 19, ""teams_message"": ""**SAAM Intervention**\n\n**Multiple issues detected**\n- psychological_safety_risk\n- blocker_critical_age\n- participation_critical_threshold\n- dominance_critical_threshold\n\n**Intervention:** Multiple issues detected:\n- Low participation + dominance detected — rebalance the conversation.\n- A blocker has been unresolved for several days — escalate immediately.\n- Participation is critically low — the team may be disengaged.\n- One voice may be dominating — rebalance the discussion.\n\n**Reasoning Summary:**\nThis intervention combines several high‑priority signals:\n- [psychological_safety_risk] Combined signals indicate psychological safety issues.\n- [blocker_critical_age] Blocker age indicates stalled progress.\n- [participation_critical_threshold] Participation dropped below 25%, indicating widespread disengagement.\n- [dominance_critical_threshold] Talk-time imbalance exceeded 75%, indicating dominance.\n\n**Behavioural Interpretation:**\n{'dominant_signal': 'multi_cue', 'behavioural_pattern': 'Low participation combined with dominance suggests a psychological safety risk.', 'reason_for_choice': \""The rule 'multi_cue_composite' had the highest priority (8), indicating the most urgent team need.\"", 'risk_category': 'Critical'}\n\n**Confidence:** 100%\n**Team Health:** 19/100\n\n**Priority:** 8""}"
2026-05-26T06:08:23.967838+00:00,multi_cue,8,"Multiple issues detected:
- Low participation + dominance detected — rebalance the conversation.
- A blocker has been unresolved for several days — escalate immediately.
- Participation is critically low — the team may be disengaged.
- One voice may be dominating — rebalance the discussion.","This intervention combines several high‑priority signals:
- [psychological_safety_risk] Combined signals indicate psychological safety issues.
- [blocker_critical_age] Blocker age indicates stalled progress.
- [participation_critical_threshold] Participation dropped below 25%, indicating widespread disengagement.
- [dominance_critical_threshold] Talk-time imbalance exceeded 75%, indicating dominance.",multi_cue_composite,combined_signals,"When several high-priority cues fire together, SAAM surfaces a composite intervention.","{""rule_name"": ""multi_cue_composite"", ""rule_category"": ""combined_signals"", ""rationale"": ""When several high-priority cues fire together, SAAM surfaces a composite intervention."", ""cue"": ""multi_cue"", ""message"": ""Multiple issues detected:\n- Low participation + dominance detected — rebalance the conversation.\n- A blocker has been unresolved for several days — escalate immediately.\n- Participation is critically low — the team may be disengaged.\n- One voice may be dominating — rebalance the discussion."", ""explanation"": ""This intervention combines several high‑priority signals:\n- [psychological_safety_risk] Combined signals indicate psychological safety issues.\n- [blocker_critical_age] Blocker age indicates stalled progress.\n- [participation_critical_threshold] Participation dropped below 25%, indicating widespread disengagement.\n- [dominance_critical_threshold] Talk-time imbalance exceeded 75%, indicating dominance."", ""priority"": 8, ""contributing_rules"": [""psychological_safety_risk"", ""blocker_critical_age"", ""participation_critical_threshold"", ""dominance_critical_threshold""], ""reasoning_trace"": [], ""confidence"": 1.0, ""standup_reasoning"": {""dominant_signal"": ""multi_cue"", ""behavioural_pattern"": ""Low participation combined with dominance suggests a psychological safety risk."", ""reason_for_choice"": ""The rule 'multi_cue_composite' had the highest priority (8), indicating the most urgent team need."", ""risk_category"": ""Critical""}, ""team_health"": 19, ""teams_message"": ""**SAAM Intervention**\n\n**Multiple issues detected**\n- psychological_safety_risk\n- blocker_critical_age\n- participation_critical_threshold\n- dominance_critical_threshold\n\n**Intervention:** Multiple issues detected:\n- Low participation + dominance detected — rebalance the conversation.\n- A blocker has been unresolved for several days — escalate immediately.\n- Participation is critically low — the team may be disengaged.\n- One voice may be dominating — rebalance the discussion.\n\n**Reasoning Summary:**\nThis intervention combines several high‑priority signals:\n- [psychological_safety_risk] Combined signals indicate psychological safety issues.\n- [blocker_critical_age] Blocker age indicates stalled progress.\n- [participation_critical_threshold] Participation dropped below 25%, indicating widespread disengagement.\n- [dominance_critical_threshold] Talk-time imbalance exceeded 75%, indicating dominance.\n\n**Behavioural Interpretation:**\n{'dominant_signal': 'multi_cue', 'behavioural_pattern': 'Low participation combined with dominance suggests a psychological safety risk.', 'reason_for_choice': \""The rule 'multi_cue_composite' had the highest priority (8), indicating the most urgent team need.\"", 'risk_category': 'Critical'}\n\n**Confidence:** 100%\n**Team Health:** 19/100\n\n**Priority:** 8""}"
2026-05-26T06:08:49.924755+00:00,multi_cue,8,"Multiple issues detected:
- Low participation + dominance detected — rebalance the conversation.
- A blocker has been unresolved for several days — escalate immediately.
- Participation is critically low — the team may be disengaged.
- One voice may be dominating — rebalance the discussion.","This intervention combines several high‑priority signals:
- [psychological_safety_risk] Combined signals indicate psychological safety issues.
- [blocker_critical_age] Blocker age indicates stalled progress.
- [participation_critical_threshold] Participation dropped below 25%, indicating widespread disengagement.
- [dominance_critical_threshold] Talk-time imbalance exceeded 75%, indicating dominance.",multi_cue_composite,combined_signals,"When several high-priority cues fire together, SAAM surfaces a composite intervention.","{""rule_name"": ""multi_cue_composite"", ""rule_category"": ""combined_signals"", ""rationale"": ""When several high-priority cues fire together, SAAM surfaces a composite intervention."", ""cue"": ""multi_cue"", ""message"": ""Multiple issues detected:\n- Low participation + dominance detected — rebalance the conversation.\n- A blocker has been unresolved for several days — escalate immediately.\n- Participation is critically low — the team may be disengaged.\n- One voice may be dominating — rebalance the discussion."", ""explanation"": ""This intervention combines several high‑priority signals:\n- [psychological_safety_risk] Combined signals indicate psychological safety issues.\n- [blocker_critical_age] Blocker age indicates stalled progress.\n- [participation_critical_threshold] Participation dropped below 25%, indicating widespread disengagement.\n- [dominance_critical_threshold] Talk-time imbalance exceeded 75%, indicating dominance."", ""priority"": 8, ""contributing_rules"": [""psychological_safety_risk"", ""blocker_critical_age"", ""participation_critical_threshold"", ""dominance_critical_threshold""], ""reasoning_trace"": [], ""confidence"": 1.0, ""standup_reasoning"": {""dominant_signal"": ""multi_cue"", ""behavioural_pattern"": ""Low participation combined with dominance suggests a psychological safety risk."", ""reason_for_choice"": ""The rule 'multi_cue_composite' had the highest priority (8), indicating the most urgent team need."", ""risk_category"": ""Critical""}, ""team_health"": 19, ""teams_message"": ""**SAAM Intervention**\n\n**Multiple issues detected**\n- psychological_safety_risk\n- blocker_critical_age\n- participation_critical_threshold\n- dominance_critical_threshold\n\n**Intervention:** Multiple issues detected:\n- Low participation + dominance detected — rebalance the conversation.\n- A blocker has been unresolved for several days — escalate immediately.\n- Participation is critically low — the team may be disengaged.\n- One voice may be dominating — rebalance the discussion.\n\n**Reasoning Summary:**\nThis intervention combines several high‑priority signals:\n- [psychological_safety_risk] Combined signals indicate psychological safety issues.\n- [blocker_critical_age] Blocker age indicates stalled progress.\n- [participation_critical_threshold] Participation dropped below 25%, indicating widespread disengagement.\n- [dominance_critical_threshold] Talk-time imbalance exceeded 75%, indicating dominance.\n\n**Behavioural Interpretation:**\n{'dominant_signal': 'multi_cue', 'behavioural_pattern': 'Low participation combined with dominance suggests a psychological safety risk.', 'reason_for_choice': \""The rule 'multi_cue_composite' had the highest priority (8), indicating the most urgent team need.\"", 'risk_category': 'Critical'}\n\n**Confidence:** 100%\n**Team Health:** 19/100\n\n**Priority:** 8""}"
2026-05-26T06:10:20.612368+00:00,multi_cue,8,"Multiple issues detected:
- Low participation + dominance detected — rebalance the conversation.
- A blocker has been unresolved for several days — escalate immediately.
- Participation is critically low — the team may be disengaged.
- One voice may be dominating — rebalance the discussion.","This intervention combines several high‑priority signals:
- [psychological_safety_risk] Combined signals indicate psychological safety issues.
- [blocker_critical_age] Blocker age indicates stalled progress.
- [participation_critical_threshold] Participation dropped below 25%, indicating widespread disengagement.
- [dominance_critical_threshold] Talk-time imbalance exceeded 75%, indicating dominance.",multi_cue_composite,combined_signals,"When several high-priority cues fire together, SAAM surfaces a composite intervention.","{""rule_name"": ""multi_cue_composite"", ""rule_category"": ""combined_signals"", ""rationale"": ""When several high-priority cues fire together, SAAM surfaces a composite intervention."", ""cue"": ""multi_cue"", ""message"": ""Multiple issues detected:\n- Low participation + dominance detected — rebalance the conversation.\n- A blocker has been unresolved for several days — escalate immediately.\n- Participation is critically low — the team may be disengaged.\n- One voice may be dominating — rebalance the discussion."", ""explanation"": ""This intervention combines several high‑priority signals:\n- [psychological_safety_risk] Combined signals indicate psychological safety issues.\n- [blocker_critical_age] Blocker age indicates stalled progress.\n- [participation_critical_threshold] Participation dropped below 25%, indicating widespread disengagement.\n- [dominance_critical_threshold] Talk-time imbalance exceeded 75%, indicating dominance."", ""priority"": 8, ""contributing_rules"": [""psychological_safety_risk"", ""blocker_critical_age"", ""participation_critical_threshold"", ""dominance_critical_threshold""], ""reasoning_trace"": [], ""confidence"": 1.0, ""standup_reasoning"": {""dominant_signal"": ""multi_cue"", ""behavioural_pattern"": ""Low participation combined with dominance suggests a psychological safety risk."", ""reason_for_choice"": ""The rule 'multi_cue_composite' had the highest priority (8), indicating the most urgent team need."", ""risk_category"": ""Critical""}, ""team_health"": 19, ""teams_message"": ""**SAAM Intervention**\n\n**Multiple issues detected**\n- psychological_safety_risk\n- blocker_critical_age\n- participation_critical_threshold\n- dominance_critical_threshold\n\n**Intervention:** Multiple issues detected:\n- Low participation + dominance detected — rebalance the conversation.\n- A blocker has been unresolved for several days — escalate immediately.\n- Participation is critically low — the team may be disengaged.\n- One voice may be dominating — rebalance the discussion.\n\n**Reasoning Summary:**\nThis intervention combines several high‑priority signals:\n- [psychological_safety_risk] Combined signals indicate psychological safety issues.\n- [blocker_critical_age] Blocker age indicates stalled progress.\n- [participation_critical_threshold] Participation dropped below 25%, indicating widespread disengagement.\n- [dominance_critical_threshold] Talk-time imbalance exceeded 75%, indicating dominance.\n\n**Behavioural Interpretation:**\n{'dominant_signal': 'multi_cue', 'behavioural_pattern': 'Low participation combined with dominance suggests a psychological safety risk.', 'reason_for_choice': \""The rule 'multi_cue_composite' had the highest priority (8), indicating the most urgent team need.\"", 'risk_category': 'Critical'}\n\n**Confidence:** 100%\n**Team Health:** 19/100\n\n**Priority:** 8""}"
2026-05-26T06:13:41.292981+00:00,multi_cue,8,"Multiple issues detected:
- Low participation + dominance detected — rebalance the conversation.
- A blocker has been unresolved for several days — escalate immediately.
- Participation is critically low — the team may be disengaged.
- One voice may be dominating — rebalance the discussion.","This intervention combines several high‑priority signals:
- [psychological_safety_risk] Combined signals indicate psychological safety issues.
- [blocker_critical_age] Blocker age indicates stalled progress.
- [participation_critical_threshold] Participation dropped below 25%, indicating widespread disengagement.
- [dominance_critical_threshold] Talk-time imbalance exceeded 75%, indicating dominance.",multi_cue_composite,combined_signals,"When several high-priority cues fire together, SAAM surfaces a composite intervention.","{""rule_name"": ""multi_cue_composite"", ""rule_category"": ""combined_signals"", ""rationale"": ""When several high-priority cues fire together, SAAM surfaces a composite intervention."", ""cue"": ""multi_cue"", ""message"": ""Multiple issues detected:\n- Low participation + dominance detected — rebalance the conversation.\n- A blocker has been unresolved for several days — escalate immediately.\n- Participation is critically low — the team may be disengaged.\n- One voice may be dominating — rebalance the discussion."", ""explanation"": ""This intervention combines several high‑priority signals:\n- [psychological_safety_risk] Combined signals indicate psychological safety issues.\n- [blocker_critical_age] Blocker age indicates stalled progress.\n- [participation_critical_threshold] Participation dropped below 25%, indicating widespread disengagement.\n- [dominance_critical_threshold] Talk-time imbalance exceeded 75%, indicating dominance."", ""priority"": 8, ""contributing_rules"": [""psychological_safety_risk"", ""blocker_critical_age"", ""participation_critical_threshold"", ""dominance_critical_threshold""], ""reasoning_trace"": [], ""confidence"": 1.0, ""standup_reasoning"": {""dominant_signal"": ""multi_cue"", ""behavioural_pattern"": ""Low participation combined with dominance suggests a psychological safety risk."", ""reason_for_choice"": ""The rule 'multi_cue_composite' had the highest priority (8), indicating the most urgent team need."", ""risk_category"": ""Critical""}, ""team_health"": 19, ""teams_message"": ""**SAAM Intervention**\n\n**Multiple issues detected**\n- psychological_safety_risk\n- blocker_critical_age\n- participation_critical_threshold\n- dominance_critical_threshold\n\n**Intervention:** Multiple issues detected:\n- Low participation + dominance detected — rebalance the conversation.\n- A blocker has been unresolved for several days — escalate immediately.\n- Participation is critically low — the team may be disengaged.\n- One voice may be dominating — rebalance the discussion.\n\n**Reasoning Summary:**\nThis intervention combines several high‑priority signals:\n- [psychological_safety_risk] Combined signals indicate psychological safety issues.\n- [blocker_critical_age] Blocker age indicates stalled progress.\n- [participation_critical_threshold] Participation dropped below 25%, indicating widespread disengagement.\n- [dominance_critical_threshold] Talk-time imbalance exceeded 75%, indicating dominance.\n\n**Behavioural Interpretation:**\n{'dominant_signal': 'multi_cue', 'behavioural_pattern': 'Low participation combined with dominance suggests a psychological safety risk.', 'reason_for_choice': \""The rule 'multi_cue_composite' had the highest priority (8), indicating the most urgent team need.\"", 'risk_category': 'Critical'}\n\n**Confidence:** 100%\n**Team Health:** 19/100\n\n**Priority:** 8""}"
2026-05-26T06:24:07.089355+00:00,multi_cue,8,"Multiple issues detected:
- Low participation + dominance detected — rebalance the conversation.
- A blocker has been unresolved for several days — escalate immediately.
- Participation is critically low — the team may be disengaged.
- One voice may be dominating — rebalance the discussion.","This intervention combines several high‑priority signals:
- [psychological_safety_risk] Combined signals indicate psychological safety issues.
- [blocker_critical_age] Blocker age indicates stalled progress.
- [participation_critical_threshold] Participation dropped below 25%, indicating widespread disengagement.
- [dominance_critical_threshold] Talk-time imbalance exceeded 75%, indicating dominance.",multi_cue_composite,combined_signals,"When several high-priority cues fire together, SAAM surfaces a composite intervention.","{""rule_name"": ""multi_cue_composite"", ""rule_category"": ""combined_signals"", ""rationale"": ""When several high-priority cues fire together, SAAM surfaces a composite intervention."", ""cue"": ""multi_cue"", ""message"": ""Multiple issues detected:\n- Low participation + dominance detected — rebalance the conversation.\n- A blocker has been unresolved for several days — escalate immediately.\n- Participation is critically low — the team may be disengaged.\n- One voice may be dominating — rebalance the discussion."", ""explanation"": ""This intervention combines several high‑priority signals:\n- [psychological_safety_risk] Combined signals indicate psychological safety issues.\n- [blocker_critical_age] Blocker age indicates stalled progress.\n- [participation_critical_threshold] Participation dropped below 25%, indicating widespread disengagement.\n- [dominance_critical_threshold] Talk-time imbalance exceeded 75%, indicating dominance."", ""priority"": 8, ""contributing_rules"": [""psychological_safety_risk"", ""blocker_critical_age"", ""participation_critical_threshold"", ""dominance_critical_threshold""], ""reasoning_trace"": [], ""confidence"": 1.0, ""standup_reasoning"": {""dominant_signal"": ""multi_cue"", ""behavioural_pattern"": ""Low participation combined with dominance suggests a psychological safety risk."", ""reason_for_choice"": ""The rule 'multi_cue_composite' had the highest priority (8), indicating the most urgent team need."", ""risk_category"": ""Critical""}, ""team_health"": 19, ""teams_message"": ""**SAAM Intervention**\n\n**Multiple issues detected**\n- psychological_safety_risk\n- blocker_critical_age\n- participation_critical_threshold\n- dominance_critical_threshold\n\n**Intervention:** Multiple issues detected:\n- Low participation + dominance detected — rebalance the conversation.\n- A blocker has been unresolved for several days — escalate immediately.\n- Participation is critically low — the team may be disengaged.\n- One voice may be dominating — rebalance the discussion.\n\n**Reasoning Summary:**\nThis intervention combines several high‑priority signals:\n- [psychological_safety_risk] Combined signals indicate psychological safety issues.\n- [blocker_critical_age] Blocker age indicates stalled progress.\n- [participation_critical_threshold] Participation dropped below 25%, indicating widespread disengagement.\n- [dominance_critical_threshold] Talk-time imbalance exceeded 75%, indicating dominance.\n\n**Behavioural Interpretation:**\n{'dominant_signal': 'multi_cue', 'behavioural_pattern': 'Low participation combined with dominance suggests a psychological safety risk.', 'reason_for_choice': \""The rule 'multi_cue_composite' had the highest priority (8), indicating the most urgent team need.\"", 'risk_category': 'Critical'}\n\n**Confidence:** 100%\n**Team Health:** 19/100\n\n**Priority:** 8""}"
2026-05-26T06:24:26.338381+00:00,multi_cue,8,"Multiple issues detected:
- Low participation + dominance detected — rebalance the conversation.
- A blocker has been unresolved for several days — escalate immediately.
- Participation is critically low — the team may be disengaged.
- One voice may be dominating — rebalance the discussion.","This intervention combines several high‑priority signals:
- [psychological_safety_risk] Combined signals indicate psychological safety issues.
- [blocker_critical_age] Blocker age indicates stalled progress.
- [participation_critical_threshold] Participation dropped below 25%, indicating widespread disengagement.
- [dominance_critical_threshold] Talk-time imbalance exceeded 75%, indicating dominance.",multi_cue_composite,combined_signals,"When several high-priority cues fire together, SAAM surfaces a composite intervention.","{""rule_name"": ""multi_cue_composite"", ""rule_category"": ""combined_signals"", ""rationale"": ""When several high-priority cues fire together, SAAM surfaces a composite intervention."", ""cue"": ""multi_cue"", ""message"": ""Multiple issues detected:\n- Low participation + dominance detected — rebalance the conversation.\n- A blocker has been unresolved for several days — escalate immediately.\n- Participation is critically low — the team may be disengaged.\n- One voice may be dominating — rebalance the discussion."", ""explanation"": ""This intervention combines several high‑priority signals:\n- [psychological_safety_risk] Combined signals indicate psychological safety issues.\n- [blocker_critical_age] Blocker age indicates stalled progress.\n- [participation_critical_threshold] Participation dropped below 25%, indicating widespread disengagement.\n- [dominance_critical_threshold] Talk-time imbalance exceeded 75%, indicating dominance."", ""priority"": 8, ""contributing_rules"": [""psychological_safety_risk"", ""blocker_critical_age"", ""participation_critical_threshold"", ""dominance_critical_threshold""], ""reasoning_trace"": [], ""confidence"": 1.0, ""standup_reasoning"": {""dominant_signal"": ""multi_cue"", ""behavioural_pattern"": ""Low participation combined with dominance suggests a psychological safety risk."", ""reason_for_choice"": ""The rule 'multi_cue_composite' had the highest priority (8), indicating the most urgent team need."", ""risk_category"": ""Critical""}, ""team_health"": 19, ""teams_message"": ""**SAAM Intervention**\n\n**Multiple issues detected**\n- psychological_safety_risk\n- blocker_critical_age\n- participation_critical_threshold\n- dominance_critical_threshold\n\n**Intervention:** Multiple issues detected:\n- Low participation + dominance detected — rebalance the conversation.\n- A blocker has been unresolved for several days — escalate immediately.\n- Participation is critically low — the team may be disengaged.\n- One voice may be dominating — rebalance the discussion.\n\n**Reasoning Summary:**\nThis intervention combines several high‑priority signals:\n- [psychological_safety_risk] Combined signals indicate psychological safety issues.\n- [blocker_critical_age] Blocker age indicates stalled progress.\n- [participation_critical_threshold] Participation dropped below 25%, indicating widespread disengagement.\n- [dominance_critical_threshold] Talk-time imbalance exceeded 75%, indicating dominance.\n\n**Behavioural Interpretation:**\n{'dominant_signal': 'multi_cue', 'behavioural_pattern': 'Low participation combined with dominance suggests a psychological safety risk.', 'reason_for_choice': \""The rule 'multi_cue_composite' had the highest priority (8), indicating the most urgent team need.\"", 'risk_category': 'Critical'}\n\n**Confidence:** 100%\n**Team Health:** 19/100\n\n**Priority:** 8""}"
2026-05-26T06:27:04.377881+00:00,multi_cue,8,"Multiple issues detected:
- Low participation + dominance detected — rebalance the conversation.
- A blocker has been unresolved for several days — escalate immediately.
- Participation is critically low — the team may be disengaged.
- One voice may be dominating — rebalance the discussion.","This intervention combines several high‑priority signals:
- [psychological_safety_risk] Combined signals indicate psychological safety issues.
- [blocker_critical_age] Blocker age indicates stalled progress.
- [participation_critical_threshold] Participation dropped below 25%, indicating widespread disengagement.
- [dominance_critical_threshold] Talk-time imbalance exceeded 75%, indicating dominance.",multi_cue_composite,combined_signals,"When several high-priority cues fire together, SAAM surfaces a composite intervention.","{""rule_name"": ""multi_cue_composite"", ""rule_category"": ""combined_signals"", ""rationale"": ""When several high-priority cues fire together, SAAM surfaces a composite intervention."", ""cue"": ""multi_cue"", ""message"": ""Multiple issues detected:\n- Low participation + dominance detected — rebalance the conversation.\n- A blocker has been unresolved for several days — escalate immediately.\n- Participation is critically low — the team may be disengaged.\n- One voice may be dominating — rebalance the discussion."", ""explanation"": ""This intervention combines several high‑priority signals:\n- [psychological_safety_risk] Combined signals indicate psychological safety issues.\n- [blocker_critical_age] Blocker age indicates stalled progress.\n- [participation_critical_threshold] Participation dropped below 25%, indicating widespread disengagement.\n- [dominance_critical_threshold] Talk-time imbalance exceeded 75%, indicating dominance."", ""priority"": 8, ""contributing_rules"": [""psychological_safety_risk"", ""blocker_critical_age"", ""participation_critical_threshold"", ""dominance_critical_threshold""], ""reasoning_trace"": [], ""confidence"": 1.0, ""standup_reasoning"": {""dominant_signal"": ""multi_cue"", ""behavioural_pattern"": ""Low participation combined with dominance suggests a psychological safety risk."", ""reason_for_choice"": ""The rule 'multi_cue_composite' had the highest priority (8), indicating the most urgent team need."", ""risk_category"": ""Critical""}, ""team_health"": 19, ""teams_message"": ""**SAAM Intervention**\n\n**Multiple issues detected**\n- psychological_safety_risk\n- blocker_critical_age\n- participation_critical_threshold\n- dominance_critical_threshold\n\n**Intervention:** Multiple issues detected:\n- Low participation + dominance detected — rebalance the conversation.\n- A blocker has been unresolved for several days — escalate immediately.\n- Participation is critically low — the team may be disengaged.\n- One voice may be dominating — rebalance the discussion.\n\n**Reasoning Summary:**\nThis intervention combines several high‑priority signals:\n- [psychological_safety_risk] Combined signals indicate psychological safety issues.\n- [blocker_critical_age] Blocker age indicates stalled progress.\n- [participation_critical_threshold] Participation dropped below 25%, indicating widespread disengagement.\n- [dominance_critical_threshold] Talk-time imbalance exceeded 75%, indicating dominance.\n\n**Behavioural Interpretation:**\n{'dominant_signal': 'multi_cue', 'behavioural_pattern': 'Low participation combined with dominance suggests a psychological safety risk.', 'reason_for_choice': \""The rule 'multi_cue_composite' had the highest priority (8), indicating the most urgent team need.\"", 'risk_category': 'Critical'}\n\n**Confidence:** 100%\n**Team Health:** 19/100\n\n**Priority:** 8""}"
2026-05-26T06:29:16.996061+00:00,multi_cue,8,"Multiple issues detected:
- Low participation + dominance detected — rebalance the conversation.
- A blocker has been unresolved for several days — escalate immediately.
- Participation is critically low — the team may be disengaged.
- One voice may be dominating — rebalance the discussion.","This intervention combines several high‑priority signals:
- [psychological_safety_risk] Combined signals indicate psychological safety issues.
- [blocker_critical_age] Blocker age indicates stalled progress.
- [participation_critical_threshold] Participation dropped below 25%, indicating widespread disengagement.
- [dominance_critical_threshold] Talk-time imbalance exceeded 75%, indicating dominance.",multi_cue_composite,combined_signals,"When several high-priority cues fire together, SAAM surfaces a composite intervention.","{""rule_name"": ""multi_cue_composite"", ""rule_category"": ""combined_signals"", ""rationale"": ""When several high-priority cues fire together, SAAM surfaces a composite intervention."", ""cue"": ""multi_cue"", ""message"": ""Multiple issues detected:\n- Low participation + dominance detected — rebalance the conversation.\n- A blocker has been unresolved for several days — escalate immediately.\n- Participation is critically low — the team may be disengaged.\n- One voice may be dominating — rebalance the discussion."", ""explanation"": ""This intervention combines several high‑priority signals:\n- [psychological_safety_risk] Combined signals indicate psychological safety issues.\n- [blocker_critical_age] Blocker age indicates stalled progress.\n- [participation_critical_threshold] Participation dropped below 25%, indicating widespread disengagement.\n- [dominance_critical_threshold] Talk-time imbalance exceeded 75%, indicating dominance."", ""priority"": 8, ""contributing_rules"": [""psychological_safety_risk"", ""blocker_critical_age"", ""participation_critical_threshold"", ""dominance_critical_threshold""], ""reasoning_trace"": [], ""confidence"": 1.0, ""standup_reasoning"": {""dominant_signal"": ""multi_cue"", ""behavioural_pattern"": ""Low participation combined with dominance suggests a psychological safety risk."", ""reason_for_choice"": ""The rule 'multi_cue_composite' had the highest priority (8), indicating the most urgent team need."", ""risk_category"": ""Critical""}, ""team_health"": 19, ""teams_message"": ""**SAAM Intervention**\n\n**Multiple issues detected**\n- psychological_safety_risk\n- blocker_critical_age\n- participation_critical_threshold\n- dominance_critical_threshold\n\n**Intervention:** Multiple issues detected:\n- Low participation + dominance detected — rebalance the conversation.\n- A blocker has been unresolved for several days — escalate immediately.\n- Participation is critically low — the team may be disengaged.\n- One voice may be dominating — rebalance the discussion.\n\n**Reasoning Summary:**\nThis intervention combines several high‑priority signals:\n- [psychological_safety_risk] Combined signals indicate psychological safety issues.\n- [blocker_critical_age] Blocker age indicates stalled progress.\n- [participation_critical_threshold] Participation dropped below 25%, indicating widespread disengagement.\n- [dominance_critical_threshold] Talk-time imbalance exceeded 75%, indicating dominance.\n\n**Behavioural Interpretation:**\n{'dominant_signal': 'multi_cue', 'behavioural_pattern': 'Low participation combined with dominance suggests a psychological safety risk.', 'reason_for_choice': \""The rule 'multi_cue_composite' had the highest priority (8), indicating the most urgent team need.\"", 'risk_category': 'Critical'}\n\n**Confidence:** 100%\n**Team Health:** 19/100\n\n**Priority:** 8""}"
2026-05-26T06:32:08.340935+00:00,multi_cue,8,"Multiple issues detected:
- Low participation + dominance detected — rebalance the conversation.
- A blocker has been unresolved for several days — escalate immediately.
- Participation is critically low — the team may be disengaged.
- One voice may be dominating — rebalance the discussion.","This intervention combines several high‑priority signals:
- [psychological_safety_risk] Combined signals indicate psychological safety issues.
- [blocker_critical_age] Blocker age indicates stalled progress.
- [participation_critical_threshold] Participation dropped below 25%, indicating widespread disengagement.
- [dominance_critical_threshold] Talk-time imbalance exceeded 75%, indicating dominance.",multi_cue_composite,combined_signals,"When several high-priority cues fire together, SAAM surfaces a composite intervention.","{""rule_name"": ""multi_cue_composite"", ""rule_category"": ""combined_signals"", ""rationale"": ""When several high-priority cues fire together, SAAM surfaces a composite intervention."", ""cue"": ""multi_cue"", ""message"": ""Multiple issues detected:\n- Low participation + dominance detected — rebalance the conversation.\n- A blocker has been unresolved for several days — escalate immediately.\n- Participation is critically low — the team may be disengaged.\n- One voice may be dominating — rebalance the discussion."", ""explanation"": ""This intervention combines several high‑priority signals:\n- [psychological_safety_risk] Combined signals indicate psychological safety issues.\n- [blocker_critical_age] Blocker age indicates stalled progress.\n- [participation_critical_threshold] Participation dropped below 25%, indicating widespread disengagement.\n- [dominance_critical_threshold] Talk-time imbalance exceeded 75%, indicating dominance."", ""priority"": 8, ""contributing_rules"": [""psychological_safety_risk"", ""blocker_critical_age"", ""participation_critical_threshold"", ""dominance_critical_threshold""], ""reasoning_trace"": [], ""confidence"": 1.0, ""standup_reasoning"": {""dominant_signal"": ""multi_cue"", ""behavioural_pattern"": ""Low participation combined with dominance suggests a psychological safety risk."", ""reason_for_choice"": ""The rule 'multi_cue_composite' had the highest priority (8), indicating the most urgent team need."", ""risk_category"": ""Critical""}, ""team_health"": 19, ""teams_message"": ""**SAAM Intervention**\n\n**Multiple issues detected**\n- psychological_safety_risk\n- blocker_critical_age\n- participation_critical_threshold\n- dominance_critical_threshold\n\n**Intervention:** Multiple issues detected:\n- Low participation + dominance detected — rebalance the conversation.\n- A blocker has been unresolved for several days — escalate immediately.\n- Participation is critically low — the team may be disengaged.\n- One voice may be dominating — rebalance the discussion.\n\n**Reasoning Summary:**\nThis intervention combines several high‑priority signals:\n- [psychological_safety_risk] Combined signals indicate psychological safety issues.\n- [blocker_critical_age] Blocker age indicates stalled progress.\n- [participation_critical_threshold] Participation dropped below 25%, indicating widespread disengagement.\n- [dominance_critical_threshold] Talk-time imbalance exceeded 75%, indicating dominance.\n\n**Behavioural Interpretation:**\n{'dominant_signal': 'multi_cue', 'behavioural_pattern': 'Low participation combined with dominance suggests a psychological safety risk.', 'reason_for_choice': \""The rule 'multi_cue_composite' had the highest priority (8), indicating the most urgent team need.\"", 'risk_category': 'Critical'}\n\n**Confidence:** 100%\n**Team Health:** 19/100\n\n**Priority:** 8""}"
